stride,access_size,test_ptr,mean,median,hit_rate,n
1,0,0,287.8678,266.0,0.0,10000
1,0,1,299.44176264396594,272,0.0,9985
1,0,2,315.9656,274.0,0.0,10000
1,0,3,336.674,272.0,0.0,10000
1,0,4,282.4986498649865,272,0.0,9999
1,0,5,293.0756,272.0,0.0,10000
1,0,6,278.936,266.0,0.0,10000
1,0,7,317.7622,266.0,0.0,10000
1,0,8,285.5458,272.0,0.0,10000
1,0,9,285.2094,266.0,0.0,10000
1,0,10,286.3098,266.0,0.0,10000
1,0,11,286.0768,266.0,0.0,10000
1,0,12,318.2486,266.0,0.0,10000
1,0,13,298.4704,266.0,0.0,10000
1,0,14,279.482,266.0,0.0,10000
1,0,15,286.8932,266.0,0.0,10000
1,0,16,295.9226,266.0,0.0,10000
1,0,17,289.73197319731975,272,0.0,9999
1,0,18,286.7704770477048,272,0.0,9999
1,0,19,349.1191119111911,280,0.0,9999
1,0,20,282.5968,272.0,0.0,10000
1,0,21,291.7388,266.0,0.0,10000
1,0,22,285.7442,272.0,0.0,10000
1,0,23,285.94119411941193,266,0.0,9999
1,0,24,285.4259425942594,266,0.0,9999
1,0,25,287.9077907790779,272,0.0,9999
1,0,26,296.3234646929386,272.0,0.0,9998
1,0,27,289.5272,272.0,0.0,10000
1,0,28,293.00100020004,272.0,0.0,9998
1,0,29,285.8522,272.0,0.0,10000
1,0,30,290.3304,272.0,0.0,10000
1,0,31,298.8142,272.0,0.0,10000
1,0,32,291.8134,272.0,0.0,10000
1,0,33,287.87017403480695,272.0,0.0,9998
1,0,34,289.5546,272.0,0.0,10000
1,0,35,285.4007400740074,266,0.0,9999
1,0,36,303.3552,272.0,0.0,10000
1,0,37,292.9904,272.0,0.0,10000
1,0,38,330.6386,272.0,0.0,10000
1,0,39,288.53205320532055,272,0.0,9999
1,0,40,281.4632,266.0,0.0,10000
1,0,41,289.1217365209563,272,0.0,9997
1,0,42,328.2922292229223,272,0.0,9999
1,0,43,314.7960796079608,280,0.0,9999
1,0,44,276.7026702670267,266,0.0,9999
1,0,45,289.1208,272.0,0.0,10000
1,0,46,284.5740574057406,272,0.0,9999
1,0,47,320.2952295229523,272,0.0,9999
1,0,48,292.3322,272.0,0.0,10000
1,0,49,284.9774,266.0,0.0,10000
1,0,50,292.71,274.0,0.0,10000
1,0,51,282.6582,266.0,0.0,10000
1,0,52,289.5551110222044,274.0,0.0,9998
1,0,53,300.9974,266.0,0.0,10000
1,0,54,294.625,272.0,0.0,10000
1,0,55,291.6023602360236,272,0.0,9999
1,0,56,289.3806,272.0,0.0,10000
1,0,57,278.5866,266.0,0.0,10000
1,0,58,278.9342,266.0,0.0,10000
1,0,59,284.2048,266.0,0.0,10000
1,0,60,294.7016,280.0,0.0,10000
1,0,61,277.2247224722472,266,0.0,9999
1,0,62,295.7403480696139,274.0,0.0,9998
1,0,63,302.679,272.0,0.0,10000
1,0,64,279.4576,266.0,0.0,10000
1,0,65,294.1736,266.0,0.0,10000
1,0,66,335.918,272.0,0.0,10000
1,0,67,283.0917091709171,266,0.0,9999
1,0,68,282.78955791158234,272.0,0.0,9998
1,0,69,305.03900780156033,280.0,0.0,9998
1,0,70,323.005100510051,272,0.0,9999
1,0,71,303.6308,272.0,0.0,10000
1,0,72,283.8855885588559,272,0.0,9999
1,0,73,304.4994,266.0,0.0,10000
1,0,74,275.6999699969997,266,0.0,9999
1,0,75,285.5416,266.0,0.0,10000
1,0,76,286.032,272.0,0.0,10000
1,0,77,297.33073307330733,266,0.0,9999
1,0,78,301.755,266.0,0.0,10000
1,0,79,285.501300260052,266.0,0.0,9998
1,0,80,291.030503050305,272,0.0,9999
1,0,81,282.7738321496449,266,0.0,9997
1,0,82,276.4334,266.0,0.0,10000
1,0,83,298.24322432243224,280,0.0,9999
1,0,84,340.1578,274.0,0.0,10000
1,0,85,276.2356,266.0,0.0,10000
1,0,86,291.0902,272.0,0.0,10000
1,0,87,277.5084,266.0,0.0,10000
1,0,88,281.4186,266.0,0.0,10000
1,0,89,322.9476,272.0,0.0,10000
1,0,90,286.2324,266.0,0.0,10000
1,0,91,292.7908,272.0,0.0,10000
1,0,92,281.62436243624364,266,0.0,9999
1,0,93,312.6196,272.0,0.0,10000
1,0,94,282.8082808280828,266,0.0,9999
1,0,95,311.8223644728946,274.0,0.0,9998
1,0,96,278.0620062006201,266,0.0,9999
1,0,97,275.592,266.0,0.0,10000
1,0,98,281.8428,266.0,0.0,10000
1,0,99,297.6967696769677,274,0.0,9999
1,1,0,293.41774177417744,266,0.0,9999
1,1,1,295.4054,266.0,0.0,10000
1,1,2,301.463,266.0,0.0,10000
1,1,3,296.4874487448745,266,0.0,9999
1,1,4,296.6794,266.0,0.0,10000
1,1,5,294.962896289629,266,0.0,9999
1,1,6,287.1571157115712,266,0.0,9999
1,1,7,309.1312,274.0,0.0,10000
1,1,8,299.8054,272.0,0.0,10000
1,1,9,283.9344,272.0,0.0,10000
1,1,10,301.3304,272.0,0.0,10000
1,1,11,303.1448,266.0,0.0,10000
1,1,12,295.326,272.0,0.0,10000
1,1,13,292.5570557055706,272,0.0,9999
1,1,14,295.094,266.0,0.0,10000
1,1,15,302.2066206620662,272,0.0,9999
1,1,16,296.5554,274.0,0.0,10000
1,1,17,296.03500350035006,266,0.0,9999
1,1,18,305.2542,266.0,0.0,10000
1,1,19,290.9471894378876,266.0,0.0,9998
1,1,20,308.4456,266.0,0.0,10000
1,1,21,294.24922492249226,266,0.0,9999
1,1,22,296.5558,266.0,0.0,10000
1,1,23,288.2978,266.0,0.0,10000
1,1,24,294.627,266.0,0.0,10000
1,1,25,296.3086,266.0,0.0,10000
1,1,26,290.052,266.0,0.0,10000
1,1,27,310.2266,266.0,0.0,10000
1,1,28,305.2581258125813,274,0.0,9999
1,1,29,305.5677567756776,272,0.0,9999
1,1,30,341.9169916991699,272,0.0,9999
1,1,31,297.74217421742173,280,0.0,9999
1,1,32,324.5676,274.0,0.0,10000
1,1,33,312.738,272.0,0.0,10000
1,1,34,316.556566970091,282,0.0,9997
1,1,35,298.4562,272.0,0.0,10000
1,1,36,288.4342434243424,266,0.0,9999
1,1,37,296.5488,266.0,0.0,10000
1,1,38,298.96,272.0,0.0,10000
1,1,39,293.3624,266.0,0.0,10000
1,1,40,299.4336,272.0,0.0,10000
1,1,41,299.6336,272.0,0.0,10000
1,1,42,300.06900690069006,272,0.0,9999
1,1,43,296.553,266.0,0.0,10000
1,1,44,284.39663966396637,266,0.0,9999
1,1,45,291.767,266.0,0.0,10000
1,1,46,285.8042,266.0,0.0,10000
1,1,47,313.7421484296859,272.0,0.0,9998
1,1,48,303.8304,272.0,0.0,10000
1,1,49,293.3396,272.0,0.0,10000
1,1,50,324.7242,272.0,0.0,10000
1,1,51,327.495,266.0,0.0,10000
1,1,52,296.2974,272.0,0.0,10000
1,1,53,295.1761176117612,266,0.0,9999
1,1,54,299.1686,272.0,0.0,10000
1,1,55,301.3045304530453,272,0.0,9999
1,1,56,288.45564556455645,266,0.0,9999
1,1,57,289.4977497749775,266,0.0,9999
1,1,58,310.53385338533855,272,0.0,9999
1,1,59,296.6252,266.0,0.0,10000
1,1,60,304.8164,272.0,0.0,10000
1,1,61,299.4303430343034,272,0.0,9999
1,1,62,301.18151815181517,272,0.0,9999
1,1,63,303.8234,272.0,0.0,10000
1,1,64,311.35213521352136,272,0.0,9999
1,1,65,293.3948,266.0,0.0,10000
1,1,66,307.2454,274.0,0.0,10000
1,1,67,312.1664,272.0,0.0,10000
1,1,68,295.82618261826184,266,0.0,9999
1,1,69,302.4372437243724,272,0.0,9999
1,1,70,304.7232,272.0,0.0,10000
1,1,71,301.019,272.0,0.0,10000
1,1,72,294.2942,266.0,0.0,10000
1,1,73,294.271,266.0,0.0,10000
1,1,74,331.5676,266.0,0.0,10000
1,1,75,322.3594,272.0,0.0,10000
1,1,76,306.2532,272.0,0.0,10000
1,1,77,290.0588,266.0,0.0,10000
1,1,78,293.6072,266.0,0.0,10000
1,1,79,295.2061206120612,266,0.0,9999
1,1,80,297.4687468746875,272,0.0,9999
1,1,81,295.9644,272.0,0.0,10000
1,1,82,286.735,266.0,0.0,10000
1,1,83,287.9038,266.0,0.0,10000
1,1,84,318.15821582158213,266,0.0,9999
1,1,85,302.7528,272.0,0.0,10000
1,1,86,295.1363136313631,272,0.0,9999
1,1,87,305.3971397139714,272,0.0,9999
1,1,88,336.9346,272.0,0.0,10000
1,1,89,291.2831283128313,266,0.0,9999
1,1,90,310.8974,266.0,0.0,10000
1,1,91,300.1016203240648,272.0,0.0,9998
1,1,92,290.9128,272.0,0.0,10000
1,1,93,292.61846184618463,266,0.0,9999
1,1,94,299.74917491749176,266,0.0,9999
1,1,95,305.206,266.0,0.0,10000
1,1,96,295.4937493749375,272,0.0,9999
1,1,97,298.8560856085609,272,0.0,9999
1,1,98,322.6485297059412,282.0,0.0,9998
1,1,99,288.2408,266.0,0.0,10000
1,2,0,289.75877587758777,266,0.0,9999
1,2,1,289.4708,272.0,0.0,10000
1,2,2,279.1662,272.0,0.0,10000
1,2,3,313.9526,272.0,0.0,10000
1,2,4,326.5750575057506,282,0.0,9999
1,2,5,293.5782,266.0,0.0,10000
1,2,6,292.6794,266.0,0.0,10000
1,2,7,320.0438,266.0,0.0,10000
1,2,8,330.96679335867174,266.0,0.0,9998
1,2,9,308.2716271627163,272,0.0,9999
1,2,10,310.4352435243524,272,0.0,9999
1,2,11,290.438,272.0,0.0,10000
1,2,12,306.7722772277228,266,0.0,9999
1,2,13,278.6256,266.0,0.0,10000
1,2,14,307.9576,266.0,0.0,10000
1,2,15,296.6168616861686,266,0.0,9999
1,2,16,312.876,272.0,0.0,10000
1,2,17,307.002500250025,266,0.0,9999
1,2,18,304.1966,274.0,0.0,10000
1,2,19,308.6401280256051,272.0,0.0,9998
1,2,20,302.3598719743949,272.0,0.0,9998
1,2,21,305.0698,274.0,0.0,10000
1,2,22,324.3594,272.0,0.0,10000
1,2,23,310.5588,274.0,0.0,10000
1,2,24,311.44714471447145,272,0.0,9999
1,2,25,300.80428042804283,266,0.0,9999
1,2,26,304.6316631663166,266,0.0,9999
1,2,27,306.88,272.0,0.0,10000
1,2,28,294.63546354635463,274,0.0,9999
1,2,29,296.5742,272.0,0.0,10000
1,2,30,307.7598,272.0,0.0,10000
1,2,31,304.9328,272.0,0.0,10000
1,2,32,305.4887488748875,272,0.0,9999
1,2,33,301.4472,272.0,0.0,10000
1,2,34,300.36683668366834,266,0.0,9999
1,2,35,285.7188,266.0,0.0,10000
1,2,36,294.0852,266.0,0.0,10000
1,2,37,274.4044,266.0,0.0,10000
1,2,38,288.6072,266.0,0.0,10000
1,2,39,330.2208220822082,280,0.0,9999
1,2,40,297.6582,272.0,0.0,10000
1,2,41,309.9372,272.0,0.0,10000
1,2,42,291.8504,272.0,0.0,10000
1,2,43,294.9878,266.0,0.0,10000
1,2,44,303.4708,272.0,0.0,10000
1,2,45,288.86208620862084,272,0.0,9999
1,2,46,298.3036,272.0,0.0,10000
1,2,47,304.8842,272.0,0.0,10000
1,2,48,329.2998,280.0,0.0,10000
1,2,49,303.95439543954393,272,0.0,9999
1,2,50,300.4204,272.0,0.0,10000
1,2,51,300.4108821764353,272.0,0.0,9998
1,2,52,302.7882788278828,266,0.0,9999
1,2,53,310.5952,266.0,0.0,10000
1,2,54,303.6972,272.0,0.0,10000
1,2,55,285.796,266.0,0.0,10000
1,2,56,292.1274,266.0,0.0,10000
1,2,57,305.5773577357736,272,0.0,9999
1,2,58,337.8254,266.0,0.0,10000
1,2,59,294.76227622762275,266,0.0,9999
1,2,60,302.8074,266.0,0.0,10000
1,2,61,292.4902,266.0,0.0,10000
1,2,62,305.6052,266.0,0.0,10000
1,2,63,330.6911382276455,272.0,0.0,9998
1,2,64,319.2228,274.0,0.0,10000
1,2,65,303.8346,272.0,0.0,10000
1,2,66,292.9986,266.0,0.0,10000
1,2,67,309.26352635263527,266,0.0,9999
1,2,68,319.3696,272.0,0.0,10000
1,2,69,283.8135813581358,272,0.0,9999
1,2,70,279.5406,266.0,0.0,10000
1,2,71,305.025902590259,272,0.0,9999
1,2,72,305.0662,272.0,0.0,10000
1,2,73,297.577,266.0,0.0,10000
1,2,74,297.8546,266.0,0.0,10000
1,2,75,315.2034,266.0,0.0,10000
1,2,76,295.6082,272.0,0.0,10000
1,2,77,292.54605460546054,266,0.0,9999
1,2,78,302.9180918091809,266,0.0,9999
1,2,79,312.2734,266.0,0.0,10000
1,2,80,292.839,266.0,0.0,10000
1,2,81,307.4047404740474,272,0.0,9999
1,2,82,300.70527052705273,272,0.0,9999
1,2,83,302.0738,266.0,0.0,10000
1,2,84,309.38007601520303,266.0,0.0,9998
1,2,85,302.728,266.0,0.0,10000
1,2,86,305.3562,266.0,0.0,10000
1,2,87,290.537,266.0,0.0,10000
1,2,88,312.9032,266.0,0.0,10000
1,2,89,292.7032703270327,272,0.0,9999
1,2,90,294.5522,266.0,0.0,10000
1,2,91,308.1488,274.0,0.0,10000
1,2,92,301.01490149014904,266,0.0,9999
1,2,93,322.3968,272.0,0.0,10000
1,2,94,290.7776,272.0,0.0,10000
1,2,95,323.0302,272.0,0.0,10000
1,2,96,310.8176,272.0,0.0,10000
1,2,97,333.6743674367437,272,0.0,9999
1,2,98,311.5568,272.0,0.0,10000
1,2,99,295.5556,266.0,0.0,10000
1,3,0,301.0178,274.0,0.0,10000
1,3,1,343.15211521152116,272,0.0,9999
1,3,2,319.3847384738474,266,0.0,9999
1,3,3,288.1616,272.0,0.0,10000
1,3,4,295.1258,266.0,0.0,10000
1,3,5,283.8883888388839,266,0.0,9999
1,3,6,345.72054410882174,272.0,0.0,9998
1,3,7,305.879,266.0,0.0,10000
1,3,8,296.062,280.0,0.0,10000
1,3,9,318.8600860086009,272,0.0,9999
1,3,10,278.5104510451045,266,0.0,9999
1,3,11,310.3266326632663,272,0.0,9999
1,3,12,281.3931393139314,266,0.0,9999
1,3,13,318.5764,272.0,0.0,10000
1,3,14,311.2908,266.0,0.0,10000
1,3,15,299.1324,272.0,0.0,10000
1,3,16,308.7592,272.0,0.0,10000
1,3,17,284.4574,272.0,0.0,10000
1,3,18,311.2303230323032,272,0.0,9999
1,3,19,305.7698,266.0,0.0,10000
1,3,20,315.3434,272.0,0.0,10000
1,3,21,305.8168,274.0,0.0,10000
1,3,22,289.7541754175418,272,0.0,9999
1,3,23,314.17301730173017,272,0.0,9999
1,3,24,321.2242,266.0,0.0,10000
1,3,25,309.46314631463144,266,0.0,9999
1,3,26,319.18431843184317,266,0.0,9999
1,3,27,337.05390539053906,266,0.0,9999
1,3,28,337.656,272.0,0.0,10000
1,3,29,321.6024,272.0,0.0,10000
1,3,30,316.7240724072407,272,0.0,9999
1,3,31,300.8642,272.0,0.0,10000
1,3,32,327.9259925992599,272,0.0,9999
1,3,33,287.44934493449347,272,0.0,9999
1,3,34,297.6428,266.0,0.0,10000
1,3,35,301.3302,272.0,0.0,10000
1,3,36,327.5849169833967,274.0,0.0,9998
1,3,37,308.441,266.0,0.0,10000
1,3,38,299.7448,266.0,0.0,10000
1,3,39,321.3102620524105,272.0,0.0,9998
1,3,40,300.8256,280.0,0.0,10000
1,3,41,321.8967690307092,272,0.0,9997
1,3,42,292.111,266.0,0.0,10000
1,3,43,285.5085508550855,266,0.0,9999
1,3,44,304.5558,272.0,0.0,10000
1,3,45,329.9772,272.0,0.0,10000
1,3,46,289.775,266.0,0.0,10000
1,3,47,324.2914,272.0,0.0,10000
1,3,48,315.5962,266.0,0.0,10000
1,3,49,309.294,272.0,0.0,10000
1,3,50,310.4646,272.0,0.0,10000
1,3,51,288.4768,272.0,0.0,10000
1,3,52,297.3654,266.0,0.0,10000
1,3,53,286.1192,272.0,0.0,10000
1,3,54,300.7812,266.0,0.0,10000
1,3,55,312.2748,272.0,0.0,10000
1,3,56,297.6826,272.0,0.0,10000
1,3,57,318.24362436243626,272,0.0,9999
1,3,58,328.007400740074,266,0.0,9999
1,3,59,328.9922,274.0,0.0,10000
1,3,60,321.6335633563356,266,0.0,9999
1,3,61,300.8064,266.0,0.0,10000
1,3,62,320.15841584158414,272,0.0,9999
1,3,63,350.243,274.0,0.0,10000
1,3,64,338.3718,272.0,0.0,10000
1,3,65,300.4194,266.0,0.0,10000
1,3,66,304.955,272.0,0.0,10000
1,3,67,314.5908,266.0,0.0,10000
1,3,68,279.844,266.0,0.0,10000
1,3,69,332.613,282.0,0.0,10000
1,3,70,332.39,272.0,0.0,10000
1,3,71,300.8082,272.0,0.0,10000
1,3,72,302.038,266.0,0.0,10000
1,3,73,320.87108710871087,266,0.0,9999
1,3,74,276.9132,266.0,0.0,10000
1,3,75,281.9564,266.0,0.0,10000
1,3,76,346.8484,272.0,0.0,10000
1,3,77,291.5158,266.0,0.0,10000
1,3,78,289.1122,266.0,0.0,10000
1,3,79,310.39003900390037,274,0.0,9999
1,3,80,292.7204,266.0,0.0,10000
1,3,81,313.9725945189038,272.0,0.0,9998
1,3,82,288.22922292229225,266,0.0,9999
1,3,83,341.1751175117512,272,0.0,9999
1,3,84,313.5052,274.0,0.0,10000
1,3,85,303.542,266.0,0.0,10000
1,3,86,311.1756,272.0,0.0,10000
1,3,87,289.3324,266.0,0.0,10000
1,3,88,321.1906,272.0,0.0,10000
1,3,89,336.3776,272.0,0.0,10000
1,3,90,313.1203120312031,266,0.0,9999
1,3,91,345.04550455045506,282,0.0,9999
1,3,92,349.8366,274.0,0.0,10000
1,3,93,321.6831683168317,272,0.0,9999
1,3,94,321.78075615123026,266.0,0.0,9998
1,3,95,345.79235847169434,274.0,0.0,9998
1,3,96,300.8692869286929,266,0.0,9999
1,3,97,313.1554,266.0,0.0,10000
1,3,98,341.7979797979798,280,0.0,9999
1,3,99,354.2514,272.0,0.0,10000
1,4,0,283.7457745774577,266,0.0,9999
1,4,1,311.7957795779578,272,0.0,9999
1,4,2,284.6448644864486,266,0.0,9999
1,4,3,302.7046704670467,280,0.0,9999
1,4,4,296.8692,272.0,0.0,10000
1,4,5,282.2004,266.0,0.0,10000
1,4,6,324.989898989899,272,0.0,9999
1,4,7,287.7987798779878,266,0.0,9999
1,4,8,347.6895689568957,266,0.0,9999
1,4,9,318.73074614922984,272.0,0.0,9998
1,4,10,296.84965489646896,266,0.0,9997
1,4,11,346.38343834383437,266,0.0,9999
1,4,12,289.5016,274.0,0.0,10000
1,4,13,287.2566,266.0,0.0,10000
1,4,14,324.1378,266.0,0.0,10000
1,4,15,325.7042,266.0,0.0,10000
1,4,16,298.09760976097607,266,0.0,9999
1,4,17,355.3618,274.0,0.0,10000
1,4,18,315.5396,280.0,0.0,10000
1,4,19,301.8645864586459,266,0.0,9999
1,4,20,283.0504,272.0,0.0,10000
1,4,21,301.142,274.0,0.0,10000
1,4,22,337.9256,272.0,0.0,10000
1,4,23,344.6552655265527,266,0.0,9999
1,4,24,322.8782,266.0,0.0,10000
1,4,25,323.6828,266.0,0.0,10000
1,4,26,297.7699539907982,272.0,0.0,9998
1,4,27,294.9144914491449,266,0.0,9999
1,4,28,328.2050205020502,272,0.0,9999
1,4,29,328.0034,274.0,0.0,10000
1,4,30,324.747,272.0,0.0,10000
1,4,31,347.3246,274.0,0.0,10000
1,4,32,329.3352,272.0,0.0,10000
1,4,33,320.9818,282.0,0.0,10000
1,4,34,349.0536,266.0,0.0,10000
1,4,35,317.0938,266.0,0.0,10000
1,4,36,318.8142814281428,266,0.0,9999
1,4,37,302.37563756375636,272,0.0,9999
1,4,38,343.3428,272.0,0.0,10000
1,4,39,316.7448,282.0,0.0,10000
1,4,40,329.84,272.0,0.0,10000
1,4,41,331.7245724572457,272,0.0,9999
1,4,42,344.904,274.0,0.0,10000
1,4,43,322.2766,272.0,0.0,10000
1,4,44,326.96409640964094,280,0.0,9999
1,4,45,290.41004100410044,272,0.0,9999
1,4,46,337.1248,272.0,0.0,10000
1,4,47,278.7826,266.0,0.0,10000
1,4,48,291.9256,266.0,0.0,10000
1,4,49,325.28565713142626,272.0,0.0,9998
1,4,50,318.2574,266.0,0.0,10000
1,4,51,307.3714,272.0,0.0,10000
1,4,52,302.45729145829165,266.0,0.0,9998
1,4,53,337.5206,280.0,0.0,10000
1,4,54,319.0278,272.0,0.0,10000
1,4,55,329.8584,266.0,0.0,10000
1,4,56,332.36983698369835,274,0.0,9999
1,4,57,290.007400740074,272,0.0,9999
1,4,58,313.338,272.0,0.0,10000
1,4,59,308.605,274.0,0.0,10000
1,4,60,318.4228,266.0,0.0,10000
1,4,61,317.2988,272.0,0.0,10000
1,4,62,300.9094909490949,274,0.0,9999
1,4,63,332.4288,280.0,0.0,10000
1,4,64,321.5915591559156,266,0.0,9999
1,4,65,316.7962796279628,272,0.0,9999
1,4,66,309.183,272.0,0.0,10000
1,4,67,317.7006,272.0,0.0,10000
1,4,68,306.6224,274.0,0.0,10000
1,4,69,326.9306,282.0,0.0,10000
1,4,70,313.2571257125713,266,0.0,9999
1,4,71,329.6316,266.0,0.0,10000
1,4,72,289.59,272.0,0.0,10000
1,4,73,321.6151615161516,272,0.0,9999
1,4,74,311.219,266.0,0.0,10000
1,4,75,348.8052,272.0,0.0,10000
1,4,76,334.768,272.0,0.0,10000
1,4,77,323.93279327932794,272,0.0,9999
1,4,78,326.23942394239424,272,0.0,9999
1,4,79,340.6754,282.0,0.0,10000
1,4,80,315.57,266.0,0.0,10000
1,4,81,312.0772077207721,274,0.0,9999
1,4,82,284.0098,266.0,0.0,10000
1,4,83,322.5062506250625,266,0.0,9999
1,4,84,334.5469093818764,280.0,0.0,9998
1,4,85,324.4168,274.0,0.0,10000
1,4,86,317.53975397539756,272,0.0,9999
1,4,87,330.4336,266.0,0.0,10000
1,4,88,311.0162,266.0,0.0,10000
1,4,89,300.1496,272.0,0.0,10000
1,4,90,301.7204,272.0,0.0,10000
1,4,91,295.2152,272.0,0.0,10000
1,4,92,295.3132,272.0,0.0,10000
1,4,93,310.252450490098,272.0,0.0,9998
1,4,94,336.9288,272.0,0.0,10000
1,4,95,320.63006300630065,266,0.0,9999
1,4,96,357.07950795079506,282,0.0,9999
1,4,97,333.50815081508154,272,0.0,9999
1,4,98,289.6127612761276,272,0.0,9999
1,4,99,277.6568,266.0,0.0,10000
1,5,0,308.6818,272.0,0.0,10000
1,5,1,319.3688,272.0,0.0,10000
1,5,2,303.6751675167517,266,0.0,9999
1,5,3,317.2512,272.0,0.0,10000
1,5,4,307.23312331233126,266,0.0,9999
1,5,5,297.7873787378738,266,0.0,9999
1,5,6,303.2306,272.0,0.0,10000
1,5,7,302.204,266.0,0.0,10000
1,5,8,307.27072707270725,266,0.0,9999
1,5,9,327.8983796759352,272.0,0.0,9998
1,5,10,307.33326665333067,282.0,0.0,9998
1,5,11,305.82196439287856,266.0,0.0,9998
1,5,12,293.7876,266.0,0.0,10000
1,5,13,310.6706,272.0,0.0,10000
1,5,14,304.46524652465246,282,0.0,9999
1,5,15,328.5178,272.0,0.0,10000
1,5,16,349.48129625925185,266.0,0.0,9998
1,5,17,293.2197219721972,266,0.0,9999
1,5,18,325.5292,266.0,0.0,10000
1,5,19,330.36223622362235,272,0.0,9999
1,5,20,284.1052,266.0,0.0,10000
1,5,21,343.3260652130426,272.0,0.0,9998
1,5,22,323.7059117735321,272,0.0,9997
1,5,23,326.787,274.0,0.0,10000
1,5,24,325.2179217921792,266,0.0,9999
1,5,25,307.3988797759552,266.0,0.0,9998
1,5,26,301.9059905990599,266,0.0,9999
1,5,27,295.7482,266.0,0.0,10000
1,5,28,280.6380638063806,266,0.0,9999
1,5,29,340.7548,266.0,0.0,10000
1,5,30,331.0346069213843,266.0,0.0,9998
1,5,31,325.6495649564956,272,0.0,9999
1,5,32,349.13471347134714,272,0.0,9999
1,5,33,322.9836,266.0,0.0,10000
1,5,34,287.1548,266.0,0.0,10000
1,5,35,305.6629325865173,272.0,0.0,9998
1,5,36,332.264,272.0,0.0,10000
1,5,37,302.181,272.0,0.0,10000
1,5,38,291.5975597559756,266,0.0,9999
1,5,39,350.4196,266.0,0.0,10000
1,5,40,299.242,272.0,0.0,10000
1,5,41,313.8959895989599,266,0.0,9999
1,5,42,303.1126,272.0,0.0,10000
1,5,43,292.4382,266.0,0.0,10000
1,5,44,319.945,272.0,0.0,10000
1,5,45,326.2972297229723,272,0.0,9999
1,5,46,311.0758151630326,272.0,0.0,9998
1,5,47,305.1098,282.0,0.0,10000
1,5,48,312.0704,272.0,0.0,10000
1,5,49,328.9612,280.0,0.0,10000
1,5,50,308.0138,272.0,0.0,10000
1,5,51,309.0502,282.0,0.0,10000
1,5,52,299.5817581758176,266,0.0,9999
1,5,53,337.5498,272.0,0.0,10000
1,5,54,337.2586,272.0,0.0,10000
1,5,55,310.1662,282.0,0.0,10000
1,5,56,289.0774,274.0,0.0,10000
1,5,57,314.6536,272.0,0.0,10000
1,5,58,350.0396,272.0,0.0,10000
1,5,59,306.8094,272.0,0.0,10000
1,5,60,307.5753150630126,266.0,0.0,9998
1,5,61,350.6456,272.0,0.0,10000
1,5,62,324.511,272.0,0.0,10000
1,5,63,316.8904,272.0,0.0,10000
1,5,64,312.9504,272.0,0.0,10000
1,5,65,338.35963596359636,272,0.0,9999
1,5,66,333.4078,272.0,0.0,10000
1,5,67,305.9104,272.0,0.0,10000
1,5,68,306.6306,272.0,0.0,10000
1,5,69,324.6192619261926,272,0.0,9999
1,5,70,312.2908290829083,266,0.0,9999
1,5,71,320.81356271254253,272.0,0.0,9998
1,5,72,309.0424084816963,272.0,0.0,9998
1,5,73,297.4332,272.0,0.0,10000
1,5,74,310.5994,266.0,0.0,10000
1,5,75,305.6662,272.0,0.0,10000
1,5,76,324.56525652565256,266,0.0,9999
1,5,77,297.3828,272.0,0.0,10000
1,5,78,290.8634,272.0,0.0,10000
1,5,79,295.7314,272.0,0.0,10000
1,5,80,293.1011101110111,266,0.0,9999
1,5,81,322.917,272.0,0.0,10000
1,5,82,332.9004900490049,272,0.0,9999
1,5,83,318.6106,272.0,0.0,10000
1,5,84,319.6313631363136,272,0.0,9999
1,5,85,317.6513651365137,266,0.0,9999
1,5,86,305.5288,266.0,0.0,10000
1,5,87,310.4724,272.0,0.0,10000
1,5,88,320.31763176317634,266,0.0,9999
1,5,89,320.3336,272.0,0.0,10000
1,5,90,297.2682536507302,266.0,0.0,9998
1,5,91,296.7324,272.0,0.0,10000
1,5,92,317.7902,272.0,0.0,10000
1,5,93,321.82998299829984,266,0.0,9999
1,5,94,312.7464,272.0,0.0,10000
1,5,95,339.348,266.0,0.0,10000
1,5,96,288.1368,266.0,0.0,10000
1,5,97,328.9382,266.0,0.0,10000
1,5,98,330.7714,266.0,0.0,10000
1,5,99,305.1372,272.0,0.0,10000
1,6,0,314.1006,266.0,0.0,10000
1,6,1,298.4532,266.0,0.0,10000
1,6,2,290.3996,272.0,0.0,10000
1,6,3,306.6916,266.0,0.0,10000
1,6,4,301.1766,272.0,0.0,10000
1,6,5,295.9916,266.0,0.0,10000
1,6,6,318.92989298929893,266,0.0,9999
1,6,7,309.8206,272.0,0.0,10000
1,6,8,310.1148,266.0,0.0,10000
1,6,9,308.0364,272.0,0.0,10000
1,6,10,308.4016,272.0,0.0,10000
1,6,11,302.5376,266.0,0.0,10000
1,6,12,316.5236,272.0,0.0,10000
1,6,13,316.27842784278425,272,0.0,9999
1,6,14,319.3238,266.0,0.0,10000
1,6,15,296.0102,266.0,0.0,10000
1,6,16,310.266,272.0,0.0,10000
1,6,17,295.8618,272.0,0.0,10000
1,6,18,314.2412,274.0,0.0,10000
1,6,19,321.4862,280.0,0.0,10000
1,6,20,298.8008,266.0,0.0,10000
1,6,21,303.1514,272.0,0.0,10000
1,6,22,297.9634,266.0,0.0,10000
1,6,23,329.4262,266.0,0.0,10000
1,6,24,295.9366,272.0,0.0,10000
1,6,25,297.699,266.0,0.0,10000
1,6,26,305.0677067706771,272,0.0,9999
1,6,27,298.84988498849884,272,0.0,9999
1,6,28,292.3174,274.0,0.0,10000
1,6,29,305.8388,272.0,0.0,10000
1,6,30,304.7848,274.0,0.0,10000
1,6,31,299.7609760976098,274,0.0,9999
1,6,32,290.43884388438846,272,0.0,9999
1,6,33,309.2724,272.0,0.0,10000
1,6,34,326.3366,266.0,0.0,10000
1,6,35,310.125,272.0,0.0,10000
1,6,36,319.271,272.0,0.0,10000
1,6,37,322.5954595459546,272,0.0,9999
1,6,38,293.5646,266.0,0.0,10000
1,6,39,291.0512,266.0,0.0,10000
1,6,40,309.94739473947396,272,0.0,9999
1,6,41,310.0172,266.0,0.0,10000
1,6,42,292.7248,272.0,0.0,10000
1,6,43,322.7486,272.0,0.0,10000
1,6,44,289.7106,272.0,0.0,10000
1,6,45,323.0408,272.0,0.0,10000
1,6,46,316.25345069013804,272.0,0.0,9998
1,6,47,305.7282,272.0,0.0,10000
1,6,48,314.5432,272.0,0.0,10000
1,6,49,311.8594,272.0,0.0,10000
1,6,50,325.85938593859385,266,0.0,9999
1,6,51,320.8156,272.0,0.0,10000
1,6,52,311.6934,266.0,0.0,10000
1,6,53,300.3902390239024,272,0.0,9999
1,6,54,295.65253050610124,280.0,0.0,9998
1,6,55,309.8694,272.0,0.0,10000
1,6,56,320.007800780078,274,0.0,9999
1,6,57,304.996099609961,266,0.0,9999
1,6,58,292.2344234423442,274,0.0,9999
1,6,59,333.90719071907193,266,0.0,9999
1,6,60,299.0976,266.0,0.0,10000
1,6,61,303.8989898989899,266,0.0,9999
1,6,62,286.6638,266.0,0.0,10000
1,6,63,306.3210321032103,272,0.0,9999
1,6,64,307.0472,282.0,0.0,10000
1,6,65,304.2638,272.0,0.0,10000
1,6,66,307.50150030006,266.0,0.0,9998
1,6,67,289.8676,274.0,0.0,10000
1,6,68,313.9316,266.0,0.0,10000
1,6,69,296.309,266.0,0.0,10000
1,6,70,332.9452,280.0,0.0,10000
1,6,71,296.90429042904293,266,0.0,9999
1,6,72,302.3002300230023,272,0.0,9999
1,6,73,301.4809480948095,266,0.0,9999
1,6,74,304.4190419041904,266,0.0,9999
1,6,75,339.5472,266.0,0.0,10000
1,6,76,285.96719343868773,272.0,0.0,9998
1,6,77,280.5748,266.0,0.0,10000
1,6,78,304.0144,266.0,0.0,10000
1,6,79,311.7723772377238,266,0.0,9999
1,6,80,309.5446,272.0,0.0,10000
1,6,81,334.54290858171635,266.0,0.0,9998
1,6,82,302.805,266.0,0.0,10000
1,6,83,300.2032,266.0,0.0,10000
1,6,84,318.9172,272.0,0.0,10000
1,6,85,301.86618661866186,266,0.0,9999
1,6,86,276.53305330533055,266,0.0,9999
1,6,87,310.50250050010004,266.0,0.0,9998
1,6,88,297.1024,272.0,0.0,10000
1,6,89,284.5574,266.0,0.0,10000
1,6,90,301.742,266.0,0.0,10000
1,6,91,306.1698,266.0,0.0,10000
1,6,92,312.2348,272.0,0.0,10000
1,6,93,294.955,266.0,0.0,10000
1,6,94,278.74987498749874,266,0.0,9999
1,6,95,300.8398,272.0,0.0,10000
1,6,96,334.64166416641666,266,0.0,9999
1,6,97,324.7132713271327,272,0.0,9999
1,6,98,302.954,266.0,0.0,10000
1,6,99,293.1051105110511,266,0.0,9999
1,7,0,285.467,266.0,0.0,10000
1,7,1,284.5288,272.0,0.0,10000
1,7,2,297.9234,272.0,0.0,10000
1,7,3,296.4922,272.0,0.0,10000
1,7,4,282.38143814381436,266,0.0,9999
1,7,5,306.6514651465146,272,0.0,9999
1,7,6,299.3378,272.0,0.0,10000
1,7,7,287.37493749374937,266,0.0,9999
1,7,8,290.7958,274.0,0.0,10000
1,7,9,303.6009600960096,266,0.0,9999
1,7,10,291.6822,274.0,0.0,10000
1,7,11,310.251,266.0,0.0,10000
1,7,12,290.45744574457444,272,0.0,9999
1,7,13,287.1784,272.0,0.0,10000
1,7,14,289.3608,272.0,0.0,10000
1,7,15,285.6272,266.0,0.0,10000
1,7,16,300.2144214421442,272,0.0,9999
1,7,17,285.917,272.0,0.0,10000
1,7,18,293.2346,272.0,0.0,10000
1,7,19,296.5148,272.0,0.0,10000
1,7,20,300.4352,274.0,0.0,10000
1,7,21,312.6804,266.0,0.0,10000
1,7,22,278.15681568156816,266,0.0,9999
1,7,23,327.73177317731773,272,0.0,9999
1,7,24,297.219,280.0,0.0,10000
1,7,25,307.0914,274.0,0.0,10000
1,7,26,293.60308092427726,266,0.0,9997
1,7,27,305.1915191519152,266,0.0,9999
1,7,28,289.9792,266.0,0.0,10000
1,7,29,320.392,272.0,0.0,10000
1,7,30,304.01280128012803,266,0.0,9999
1,7,31,282.49384938493847,272,0.0,9999
1,7,32,285.8256,266.0,0.0,10000
1,7,33,289.8883888388839,266,0.0,9999
1,7,34,296.265,266.0,0.0,10000
1,7,35,290.251,272.0,0.0,10000
1,7,36,297.62816281628164,272,0.0,9999
1,7,37,291.6578,272.0,0.0,10000
1,7,38,290.6062,272.0,0.0,10000
1,7,39,289.8486,272.0,0.0,10000
1,7,40,285.4921492149215,272,0.0,9999
1,7,41,285.67196719671966,274,0.0,9999
1,7,42,325.50630126025203,272.0,0.0,9998
1,7,43,296.96069606960697,274,0.0,9999
1,7,44,295.85877175435087,272.0,0.0,9998
1,7,45,289.5874,272.0,0.0,10000
1,7,46,314.5142,272.0,0.0,10000
1,7,47,282.5208520852085,274,0.0,9999
1,7,48,312.7964,272.0,0.0,10000
1,7,49,275.6647664766477,266,0.0,9999
1,7,50,312.8364,266.0,0.0,10000
1,7,51,282.2098,266.0,0.0,10000
1,7,52,288.66506650665065,272,0.0,9999
1,7,53,277.61792358471695,266.0,0.0,9998
1,7,54,283.5179517951795,266,0.0,9999
1,7,55,286.71694338867775,266.0,0.0,9998
1,7,56,302.41844184418443,280,0.0,9999
1,7,57,320.233,272.0,0.0,10000
1,7,58,286.3738,266.0,0.0,10000
1,7,59,298.8982,272.0,0.0,10000
1,7,60,274.988,266.0,0.0,10000
1,7,61,320.65812906453226,272,0.0,9995
1,7,62,293.16491649164914,272,0.0,9999
1,7,63,289.4584,272.0,0.0,10000
1,7,64,289.9588,266.0,0.0,10000
1,7,65,297.1274,272.0,0.0,10000
1,7,66,284.3154946483945,266,0.0,9997
1,7,67,297.0038,272.0,0.0,10000
1,7,68,274.8548,266.0,0.0,10000
1,7,69,307.9544,280.0,0.0,10000
1,7,70,308.73267326732673,272,0.0,9999
1,7,71,314.2258,272.0,0.0,10000
1,7,72,311.6046,266.0,0.0,10000
1,7,73,298.1684,272.0,0.0,10000
1,7,74,280.7778,266.0,0.0,10000
1,7,75,299.3422,266.0,0.0,10000
1,7,76,305.8244,274.0,0.0,10000
1,7,77,301.4789478947895,274,0.0,9999
1,7,78,290.3606,266.0,0.0,10000
1,7,79,285.6306,272.0,0.0,10000
1,7,80,279.9293929392939,266,0.0,9999
1,7,81,296.2082,272.0,0.0,10000
1,7,82,286.3188,266.0,0.0,10000
1,7,83,326.25645129025804,272.0,0.0,9998
1,7,84,329.27092709270926,280,0.0,9999
1,7,85,315.2596,274.0,0.0,10000
1,7,86,285.77397739773977,266,0.0,9999
1,7,87,292.3666,272.0,0.0,10000
1,7,88,280.0614,266.0,0.0,10000
1,7,89,290.2716,272.0,0.0,10000
1,7,90,280.9692,266.0,0.0,10000
1,7,91,315.66353270654133,266.0,0.0,9998
1,7,92,286.2370474094819,266.0,0.0,9998
1,7,93,300.0760076007601,272,0.0,9999
1,7,94,289.7816,272.0,0.0,10000
1,7,95,326.86457291458294,280.0,0.0,9998
1,7,96,296.9294,266.0,0.0,10000
1,7,97,286.9324,272.0,0.0,10000
1,7,98,294.9192919291929,272,0.0,9999
1,7,99,317.8448,272.0,0.0,10000
1,8,0,308.81288128812884,266,0.0,9999
1,8,1,277.694,266.0,0.0,10000
1,8,2,294.3792,274.0,0.0,10000
1,8,3,281.1306,266.0,0.0,10000
1,8,4,290.4514,272.0,0.0,10000
1,8,5,280.93169316931693,266,0.0,9999
1,8,6,287.145,272.0,0.0,10000
1,8,7,285.4556,266.0,0.0,10000
1,8,8,296.4894,272.0,0.0,10000
1,8,9,290.955,272.0,0.0,10000
1,8,10,320.1386,272.0,0.0,10000
1,8,11,285.9437943794379,272,0.0,9999
1,8,12,289.5058,272.0,0.0,10000
1,8,13,280.835,266.0,0.0,10000
1,8,14,316.7136713671367,272,0.0,9999
1,8,15,280.2984,266.0,0.0,10000
1,8,16,305.2788,272.0,0.0,10000
1,8,17,323.065,272.0,0.0,10000
1,8,18,299.7678,272.0,0.0,10000
1,8,19,280.979,266.0,0.0,10000
1,8,20,287.0082,266.0,0.0,10000
1,8,21,297.0817081708171,266,0.0,9999
1,8,22,289.1042,272.0,0.0,10000
1,8,23,293.7418,272.0,0.0,10000
1,8,24,296.04880488048803,272,0.0,9999
1,8,25,296.13501350135016,266,0.0,9999
1,8,26,304.3296989096729,266,0.0,9997
1,8,27,299.8308,272.0,0.0,10000
1,8,28,322.959895989599,266,0.0,9999
1,8,29,308.306,272.0,0.0,10000
1,8,30,319.7066,272.0,0.0,10000
1,8,31,286.8484,272.0,0.0,10000
1,8,32,294.6206,272.0,0.0,10000
1,8,33,284.379,266.0,0.0,10000
1,8,34,291.4882,272.0,0.0,10000
1,8,35,282.9577831132453,266.0,0.0,9996
1,8,36,288.2172,272.0,0.0,10000
1,8,37,307.164,272.0,0.0,10000
1,8,38,287.1353135313531,272,0.0,9999
1,8,39,275.493,266.0,0.0,10000
1,8,40,276.6218,266.0,0.0,10000
1,8,41,306.1704170417042,272,0.0,9999
1,8,42,290.94609460946094,272,0.0,9999
1,8,43,285.59,272.0,0.0,10000
1,8,44,285.4004,266.0,0.0,10000
1,8,45,281.5859585958596,266,0.0,9999
1,8,46,296.0494,274.0,0.0,10000
1,8,47,284.8095619123825,266.0,0.0,9998
1,8,48,288.7488,272.0,0.0,10000
1,8,49,291.1007100710071,266,0.0,9999
1,8,50,319.6438,266.0,0.0,10000
1,8,51,318.5893178635727,272.0,0.0,9998
1,8,52,287.7731773177318,272,0.0,9999
1,8,53,293.01950195019504,266,0.0,9999
1,8,54,303.6638,282.0,0.0,10000
1,8,55,304.994,272.0,0.0,10000
1,8,56,309.8446,272.0,0.0,10000
1,8,57,314.2686268626863,272,0.0,9999
1,8,58,316.5981196239248,272.0,0.0,9998
1,8,59,289.6942,266.0,0.0,10000
1,8,60,293.901,272.0,0.0,10000
1,8,61,283.9464,266.0,0.0,10000
1,8,62,290.9544,272.0,0.0,10000
1,8,63,291.2578,272.0,0.0,10000
1,8,64,289.695,272.0,0.0,10000
1,8,65,314.6174,266.0,0.0,10000
1,8,66,291.3562,272.0,0.0,10000
1,8,67,280.992,272.0,0.0,10000
1,8,68,294.6804,272.0,0.0,10000
1,8,69,284.6156,266.0,0.0,10000
1,8,70,313.6428,272.0,0.0,10000
1,8,71,288.9998,272.0,0.0,10000
1,8,72,285.44074407440746,272,0.0,9999
1,8,73,284.9992,266.0,0.0,10000
1,8,74,291.5718,266.0,0.0,10000
1,8,75,317.069,274.0,0.0,10000
1,8,76,287.86238623862386,272,0.0,9999
1,8,77,276.7014,266.0,0.0,10000
1,8,78,318.1984,266.0,0.0,10000
1,8,79,296.0422,274.0,0.0,10000
1,8,80,286.85,274.0,0.0,10000
1,8,81,305.5103510351035,272,0.0,9999
1,8,82,287.7536,272.0,0.0,10000
1,8,83,281.9592,266.0,0.0,10000
1,8,84,284.6858057417225,266,0.0,9997
1,8,85,289.7791779177918,272,0.0,9999
1,8,86,308.20908363345336,272.0,0.0,9996
1,8,87,278.2046204620462,266,0.0,9999
1,8,88,323.7528,280.0,0.0,10000
1,8,89,287.23172317231723,272,0.0,9999
1,8,90,308.83496699339867,280.0,0.0,9998
1,8,91,304.2736,274.0,0.0,10000
1,8,92,294.3006300630063,266,0.0,9999
1,8,93,273.7468,266.0,0.0,10000
1,8,94,288.5898,272.0,0.0,10000
1,8,95,284.2122,266.0,0.0,10000
1,8,96,314.4920492049205,266,0.0,9999
1,8,97,283.874,272.0,0.0,10000
1,8,98,284.2446,266.0,0.0,10000
1,8,99,291.9292,266.0,0.0,10000
1,9,0,281.2084,266.0,0.0,10000
1,9,1,289.8238,266.0,0.0,10000
1,9,2,301.0154,272.0,0.0,10000
1,9,3,300.5062,272.0,0.0,10000
1,9,4,292.1250125012501,274,0.0,9999
1,9,5,305.3636,272.0,0.0,10000
1,9,6,294.4298,272.0,0.0,10000
1,9,7,296.357,272.0,0.0,10000
1,9,8,276.8218821882188,266,0.0,9999
1,9,9,291.647,272.0,0.0,10000
1,9,10,287.93859385938595,266,0.0,9999
1,9,11,311.7944,274.0,0.0,10000
1,9,12,283.771,266.0,0.0,10000
1,9,13,323.75655131026207,272.0,0.0,9998
1,9,14,292.74547454745476,280,0.0,9999
1,9,15,286.32143214321434,272,0.0,9999
1,9,16,284.8046,266.0,0.0,10000
1,9,17,285.6125612561256,272,0.0,9999
1,9,18,308.8950895089509,272,0.0,9999
1,9,19,299.8684,272.0,0.0,10000
1,9,20,287.9102,266.0,0.0,10000
1,9,21,290.993299329933,272,0.0,9999
1,9,22,285.1117111711171,266,0.0,9999
1,9,23,294.4644,272.0,0.0,10000
1,9,24,295.4898,272.0,0.0,10000
1,9,25,301.749549909982,274.0,0.0,9998
1,9,26,303.7004,266.0,0.0,10000
1,9,27,294.8365673134627,272.0,0.0,9998
1,9,28,289.2629262926293,272,0.0,9999
1,9,29,305.132,274.0,0.0,10000
1,9,30,316.0922,274.0,0.0,10000
1,9,31,283.622,266.0,0.0,10000
1,9,32,287.97759775977596,272,0.0,9999
1,9,33,286.008400840084,266,0.0,9999
1,9,34,289.3728,272.0,0.0,10000
1,9,35,311.25552555255524,272,0.0,9999
1,9,36,292.3454,266.0,0.0,10000
1,9,37,289.3104,272.0,0.0,10000
1,9,38,285.2877287728773,266,0.0,9999
1,9,39,322.3742374237424,280,0.0,9999
1,9,40,284.756,266.0,0.0,10000
1,9,41,288.34843484348437,266,0.0,9999
1,9,42,302.0418,272.0,0.0,10000
1,9,43,286.7952385715715,266,0.0,9997
1,9,44,301.34226845369074,272.0,0.0,9998
1,9,45,301.81096219243847,274.0,0.0,9998
1,9,46,306.9356,282.0,0.0,10000
1,9,47,276.5462,266.0,0.0,10000
1,9,48,300.6938693869387,272,0.0,9999
1,9,49,310.8050805080508,280,0.0,9999
1,9,50,293.3062,266.0,0.0,10000
1,9,51,318.7996,282.0,0.0,10000
1,9,52,314.249,280.0,0.0,10000
1,9,53,292.6982,272.0,0.0,10000
1,9,54,298.994,272.0,0.0,10000
1,9,55,302.6378,266.0,0.0,10000
1,9,56,295.2972,266.0,0.0,10000
1,9,57,303.3019301930193,272,0.0,9999
1,9,58,285.1025102510251,266,0.0,9999
1,9,59,305.87658765876586,272,0.0,9999
1,9,60,314.5504,282.0,0.0,10000
1,9,61,305.0214,272.0,0.0,10000
1,9,62,315.8882,282.0,0.0,10000
1,9,63,303.3619361936194,272,0.0,9999
1,9,64,300.3946,274.0,0.0,10000
1,9,65,297.4853426713357,272,0.0,9995
1,9,66,310.907,272.0,0.0,10000
1,9,67,289.7243448689738,266.0,0.0,9998
1,9,68,296.3362,272.0,0.0,10000
1,9,69,336.834,274.0,0.0,10000
1,9,70,299.6078,272.0,0.0,10000
1,9,71,285.2662,266.0,0.0,10000
1,9,72,293.3063306330633,272,0.0,9999
1,9,73,290.1106,266.0,0.0,10000
1,9,74,286.8628,266.0,0.0,10000
1,9,75,300.4548,272.0,0.0,10000
1,9,76,301.0932,272.0,0.0,10000
1,9,77,286.355,266.0,0.0,10000
1,9,78,291.8097809780978,272,0.0,9999
1,9,79,291.1192,266.0,0.0,10000
1,9,80,304.4774,272.0,0.0,10000
1,9,81,292.68273654730945,274.0,0.0,9998
1,9,82,284.33363336333633,272,0.0,9999
1,9,83,314.5178,272.0,0.0,10000
1,9,84,283.6102,266.0,0.0,10000
1,9,85,308.9986,280.0,0.0,10000
1,9,86,300.2086,266.0,0.0,10000
1,9,87,296.9388,274.0,0.0,10000
1,9,88,282.6474,266.0,0.0,10000
1,9,89,302.47364736473645,266,0.0,9999
1,9,90,302.4178,272.0,0.0,10000
1,9,91,317.45174517451744,280,0.0,9999
1,9,92,294.8934893489349,266,0.0,9999
1,9,93,299.80496099219846,266.0,0.0,9998
1,9,94,279.94559455945597,272,0.0,9999
1,9,95,285.7142,266.0,0.0,10000
1,9,96,308.76347634763476,272,0.0,9999
1,9,97,274.0414,266.0,0.0,10000
1,9,98,284.0978,272.0,0.0,10000
1,9,99,296.6327898369511,272,0.0,9997
1,10,0,289.7696,266.0,0.0,10000
1,10,1,288.8166,266.0,0.0,10000
1,10,2,284.7401480296059,266.0,0.0,9998
1,10,3,306.5482,272.0,0.0,10000
1,10,4,287.5506,272.0,0.0,10000
1,10,5,303.9952,266.0,0.0,10000
1,10,6,299.8966,266.0,0.0,10000
1,10,7,327.5038,280.0,0.0,10000
1,10,8,306.8162,272.0,0.0,10000
1,10,9,293.7062,272.0,0.0,10000
1,10,10,327.876375275055,272.0,0.0,9998
1,10,11,295.54215421542153,266,0.0,9999
1,10,12,300.8914674402321,266,0.0,9997
1,10,13,301.5095019003801,272.0,0.0,9998
1,10,14,292.919,266.0,0.0,10000
1,10,15,295.9087908790879,272,0.0,9999
1,10,16,288.6178,266.0,0.0,10000
1,10,17,306.60492098419684,272.0,0.0,9998
1,10,18,297.2935293529353,266,0.0,9999
1,10,19,312.47384738473846,272,0.0,9999
1,10,20,294.6070607060706,272,0.0,9999
1,10,21,288.1944,266.0,0.0,10000
1,10,22,316.5897769330799,272,0.0,9997
1,10,23,297.0271081324397,266,0.0,9997
1,10,24,318.4428442844284,272,0.0,9999
1,10,25,289.55675567556756,266,0.0,9999
1,10,26,323.64192838567715,280.0,0.0,9998
1,10,27,320.4772,280.0,0.0,10000
1,10,28,303.087,272.0,0.0,10000
1,10,29,295.50815081508154,266,0.0,9999
1,10,30,305.25452545254524,266,0.0,9999
1,10,31,305.4842,266.0,0.0,10000
1,10,32,292.04140828165635,266.0,0.0,9998
1,10,33,319.05371611483446,272,0.0,9997
1,10,34,329.4806,280.0,0.0,10000
1,10,35,285.7792,266.0,0.0,10000
1,10,36,287.6364,272.0,0.0,10000
1,10,37,300.061,266.0,0.0,10000
1,10,38,307.6156,266.0,0.0,10000
1,10,39,299.1434,266.0,0.0,10000
1,10,40,283.252,266.0,0.0,10000
1,10,41,311.4759475947595,272,0.0,9999
1,10,42,318.46224622462245,282,0.0,9999
1,10,43,307.41574157415744,272,0.0,9999
1,10,44,299.2114,266.0,0.0,10000
1,10,45,289.7133713371337,266,0.0,9999
1,10,46,306.5127025405081,266.0,0.0,9998
1,10,47,299.1642,272.0,0.0,10000
1,10,48,292.7619523904781,266.0,0.0,9998
1,10,49,307.38433843384337,272,0.0,9999
1,10,50,294.6228622862286,266,0.0,9999
1,10,51,286.1618,266.0,0.0,10000
1,10,52,290.9686,266.0,0.0,10000
1,10,53,305.86118611861184,272,0.0,9999
1,10,54,322.1390139013901,280,0.0,9999
1,10,55,296.798,266.0,0.0,10000
1,10,56,301.1714,266.0,0.0,10000
1,10,57,288.0136,266.0,0.0,10000
1,10,58,310.8548,272.0,0.0,10000
1,10,59,282.66446644664467,266,0.0,9999
1,10,60,307.7402,272.0,0.0,10000
1,10,61,294.93169316931693,266,0.0,9999
1,10,62,306.9554,266.0,0.0,10000
1,10,63,296.9542,266.0,0.0,10000
1,10,64,288.427,272.0,0.0,10000
1,10,65,314.5406,272.0,0.0,10000
1,10,66,297.2475247524753,266,0.0,9999
1,10,67,307.3208,266.0,0.0,10000
1,10,68,303.4541454145415,266,0.0,9999
1,10,69,288.4382,272.0,0.0,10000
1,10,70,304.47164716471644,266,0.0,9999
1,10,71,278.8106,266.0,0.0,10000
1,10,72,283.92439243924395,266,0.0,9999
1,10,73,307.7599759975998,266,0.0,9999
1,10,74,297.5609121824365,266.0,0.0,9998
1,10,75,293.9038,272.0,0.0,10000
1,10,76,290.3818,266.0,0.0,10000
1,10,77,302.335,272.0,0.0,10000
1,10,78,312.7862,272.0,0.0,10000
1,10,79,317.967,272.0,0.0,10000
1,10,80,307.1636,274.0,0.0,10000
1,10,81,313.8834,272.0,0.0,10000
1,10,82,319.565,274.0,0.0,10000
1,10,83,296.983098309831,266,0.0,9999
1,10,84,284.3069534767384,266,0.0,9995
1,10,85,299.6013601360136,266,0.0,9999
1,10,86,295.1476,266.0,0.0,10000
1,10,87,287.0852,266.0,0.0,10000
1,10,88,340.2694269426943,282,0.0,9999
1,10,89,312.6904,266.0,0.0,10000
1,10,90,302.6040604060406,266,0.0,9999
1,10,91,296.4386,266.0,0.0,10000
1,10,92,306.84748474847487,272,0.0,9999
1,10,93,304.5498,266.0,0.0,10000
1,10,94,309.9274,266.0,0.0,10000
1,10,95,318.9664,272.0,0.0,10000
1,10,96,294.549,266.0,0.0,10000
1,10,97,314.01480296059214,272.0,0.0,9998
1,10,98,283.6992,266.0,0.0,10000
1,10,99,293.2296,272.0,0.0,10000
1,11,0,303.986798679868,266,0.0,9999
1,11,1,304.7522,266.0,0.0,10000
1,11,2,325.3838,272.0,0.0,10000
1,11,3,293.6433286657331,266.0,0.0,9998
1,11,4,301.0474,266.0,0.0,10000
1,11,5,308.5968,272.0,0.0,10000
1,11,6,306.757,272.0,0.0,10000
1,11,7,304.1218121812181,266,0.0,9999
1,11,8,327.0979097909791,272,0.0,9999
1,11,9,305.1628325665133,272.0,0.0,9998
1,11,10,311.3746,266.0,0.0,10000
1,11,11,313.4536,272.0,0.0,10000
1,11,12,300.2944,266.0,0.0,10000
1,11,13,306.5604,272.0,0.0,10000
1,11,14,282.684,266.0,0.0,10000
1,11,15,311.42054205420544,266,0.0,9999
1,11,16,305.3494,266.0,0.0,10000
1,11,17,300.0056,272.0,0.0,10000
1,11,18,318.6040604060406,272,0.0,9999
1,11,19,312.3664,266.0,0.0,10000
1,11,20,310.6304,266.0,0.0,10000
1,11,21,297.1152,266.0,0.0,10000
1,11,22,320.2116,272.0,0.0,10000
1,11,23,296.6214,266.0,0.0,10000
1,11,24,322.8914,282.0,0.0,10000
1,11,25,320.4688,274.0,0.0,10000
1,11,26,307.2196,272.0,0.0,10000
1,11,27,301.37927585517104,272.0,0.0,9998
1,11,28,303.2362,266.0,0.0,10000
1,11,29,318.039,272.0,0.0,10000
1,11,30,307.57015701570157,272,0.0,9999
1,11,31,306.6190619061906,266,0.0,9999
1,11,32,327.2864,272.0,0.0,10000
1,11,33,305.9332,266.0,0.0,10000
1,11,34,285.4712,266.0,0.0,10000
1,11,35,306.7532,272.0,0.0,10000
1,11,36,307.4117411741174,272,0.0,9999
1,11,37,329.57375737573756,272,0.0,9999
1,11,38,307.84718471847185,272,0.0,9999
1,11,39,299.6976,272.0,0.0,10000
1,11,40,302.61766176617664,266,0.0,9999
1,11,41,306.3162316231623,272,0.0,9999
1,11,42,285.9467946794679,272,0.0,9999
1,11,43,323.5923184636927,272.0,0.0,9998
1,11,44,318.0218,272.0,0.0,10000
1,11,45,294.166,266.0,0.0,10000
1,11,46,317.85598559855987,266,0.0,9999
1,11,47,312.5458,272.0,0.0,10000
1,11,48,308.6906,272.0,0.0,10000
1,11,49,302.52225222522253,272,0.0,9999
1,11,50,288.6958,272.0,0.0,10000
1,11,51,317.17091709170916,272,0.0,9999
1,11,52,296.1618,272.0,0.0,10000
1,11,53,314.8776,272.0,0.0,10000
1,11,54,308.38523852385237,272,0.0,9999
1,11,55,287.99599959996,272,0.0,9999
1,11,56,314.67727090836337,272.0,0.0,9996
1,11,57,316.1178117811781,272,0.0,9999
1,11,58,312.515,272.0,0.0,10000
1,11,59,311.6732,272.0,0.0,10000
1,11,60,322.9294,272.0,0.0,10000
1,11,61,317.8169816981698,274,0.0,9999
1,11,62,313.9115911591159,272,0.0,9999
1,11,63,320.7394,272.0,0.0,10000
1,11,64,313.1639163916392,272,0.0,9999
1,11,65,318.4472,272.0,0.0,10000
1,11,66,310.42248449689936,272.0,0.0,9998
1,11,67,303.0644128825765,266.0,0.0,9998
1,11,68,312.5998,272.0,0.0,10000
1,11,69,323.996599659966,272,0.0,9999
1,11,70,307.31193119311934,272,0.0,9999
1,11,71,292.2552255225523,272,0.0,9999
1,11,72,328.18221822182215,282,0.0,9999
1,11,73,288.3002300230023,266,0.0,9999
1,11,74,302.8624,272.0,0.0,10000
1,11,75,299.3994,266.0,0.0,10000
1,11,76,320.0582,266.0,0.0,10000
1,11,77,319.2746,272.0,0.0,10000
1,11,78,301.2918,272.0,0.0,10000
1,11,79,329.2858,282.0,0.0,10000
1,11,80,323.8704,282.0,0.0,10000
1,11,81,298.6438,266.0,0.0,10000
1,11,82,314.8232,266.0,0.0,10000
1,11,83,303.997,266.0,0.0,10000
1,11,84,304.50255076522956,266,0.0,9997
1,11,85,298.6598,266.0,0.0,10000
1,11,86,295.30946189237847,266.0,0.0,9998
1,11,87,308.8872887288729,266,0.0,9999
1,11,88,312.8008,272.0,0.0,10000
1,11,89,296.8444,272.0,0.0,10000
1,11,90,321.62716271627164,272,0.0,9999
1,11,91,297.9697909372812,272,0.0,9997
1,11,92,307.029,272.0,0.0,10000
1,11,93,306.8216821682168,272,0.0,9999
1,11,94,309.8614,266.0,0.0,10000
1,11,95,307.7664,272.0,0.0,10000
1,11,96,308.5896,266.0,0.0,10000
1,11,97,301.1638,272.0,0.0,10000
1,11,98,301.6402,266.0,0.0,10000
1,11,99,310.6726,272.0,0.0,10000
1,12,0,309.017301730173,266,0.0,9999
1,12,1,296.56505650565055,266,0.0,9999
1,12,2,315.416,272.0,0.0,10000
1,12,3,316.5218,280.0,0.0,10000
1,12,4,318.7115423084617,272.0,0.0,9998
1,12,5,301.6714,272.0,0.0,10000
1,12,6,305.3172,266.0,0.0,10000
1,12,7,306.6160616061606,272,0.0,9999
1,12,8,322.0234,272.0,0.0,10000
1,12,9,296.4404,272.0,0.0,10000
1,12,10,296.9409881976395,266.0,0.0,9998
1,12,11,301.4598,274.0,0.0,10000
1,12,12,303.4113411341134,266,0.0,9999
1,12,13,297.1038,266.0,0.0,10000
1,12,14,281.85938593859385,266,0.0,9999
1,12,15,316.9316,272.0,0.0,10000
1,12,16,318.3174,272.0,0.0,10000
1,12,17,317.912,266.0,0.0,10000
1,12,18,328.2508,272.0,0.0,10000
1,12,19,316.8302,280.0,0.0,10000
1,12,20,315.6092,274.0,0.0,10000
1,12,21,306.8884888488849,266,0.0,9999
1,12,22,315.8769876987699,272,0.0,9999
1,12,23,304.3268326832683,272,0.0,9999
1,12,24,315.5396,274.0,0.0,10000
1,12,25,313.96879687968794,266,0.0,9999
1,12,26,319.462,274.0,0.0,10000
1,12,27,314.37763776377636,272,0.0,9999
1,12,28,314.7102,266.0,0.0,10000
1,12,29,325.0104,272.0,0.0,10000
1,12,30,300.2538761628489,274,0.0,9997
1,12,31,294.45884588458847,266,0.0,9999
1,12,32,299.43274327432744,280,0.0,9999
1,12,33,312.8117623524705,272.0,0.0,9998
1,12,34,292.5344,274.0,0.0,10000
1,12,35,306.8016,266.0,0.0,10000
1,12,36,294.794,272.0,0.0,10000
1,12,37,319.5232,282.0,0.0,10000
1,12,38,310.45404540454047,266,0.0,9999
1,12,39,320.5668,272.0,0.0,10000
1,12,40,310.0956,266.0,0.0,10000
1,12,41,325.34353435343536,274,0.0,9999
1,12,42,310.9182,266.0,0.0,10000
1,12,43,312.1164116411641,266,0.0,9999
1,12,44,313.5279055811162,266.0,0.0,9998
1,12,45,317.4574,266.0,0.0,10000
1,12,46,315.94998499549865,266,0.0,9997
1,12,47,301.9888,272.0,0.0,10000
1,12,48,319.8028,266.0,0.0,10000
1,12,49,314.4452,274.0,0.0,10000
1,12,50,320.9452,272.0,0.0,10000
1,12,51,316.75347534753473,272,0.0,9999
1,12,52,326.2180218021802,266,0.0,9999
1,12,53,319.7447744774477,272,0.0,9999
1,12,54,308.6916691669167,274,0.0,9999
1,12,55,316.93,280.0,0.0,10000
1,12,56,306.42824282428245,274,0.0,9999
1,12,57,321.1174,274.0,0.0,10000
1,12,58,315.2856,272.0,0.0,10000
1,12,59,306.4846,272.0,0.0,10000
1,12,60,312.0434,266.0,0.0,10000
1,12,61,312.38227645529105,266.0,0.0,9998
1,12,62,309.8286,266.0,0.0,10000
1,12,63,327.9166,272.0,0.0,10000
1,12,64,322.2076207620762,272,0.0,9999
1,12,65,301.6932,280.0,0.0,10000
1,12,66,321.8429842984298,272,0.0,9999
1,12,67,309.442,282.0,0.0,10000
1,12,68,314.117,266.0,0.0,10000
1,12,69,316.3386,266.0,0.0,10000
1,12,70,312.8386,266.0,0.0,10000
1,12,71,313.8504,272.0,0.0,10000
1,12,72,333.95459545954594,272,0.0,9999
1,12,73,311.35253525352533,266,0.0,9999
1,12,74,320.7768776877688,266,0.0,9999
1,12,75,320.8704870487049,280,0.0,9999
1,12,76,287.25297589276784,264,0.0,9997
1,12,77,298.4832,266.0,0.0,10000
1,12,78,315.044,274.0,0.0,10000
1,12,79,319.1224,272.0,0.0,10000
1,12,80,327.2648,272.0,0.0,10000
1,12,81,295.8512,280.0,0.0,10000
1,12,82,306.8584,282.0,0.0,10000
1,12,83,324.2978297829783,280,0.0,9999
1,12,84,321.96,272.0,0.0,10000
1,12,85,314.7278727872787,266,0.0,9999
1,12,86,302.2368,266.0,0.0,10000
1,12,87,324.7006,272.0,0.0,10000
1,12,88,298.3024,266.0,0.0,10000
1,12,89,311.3948,272.0,0.0,10000
1,12,90,333.148,280.0,0.0,10000
1,12,91,307.65562781390696,272,0.0,9995
1,12,92,306.7872787278728,280,0.0,9999
1,12,93,304.77587758775877,282,0.0,9999
1,12,94,306.9242,272.0,0.0,10000
1,12,95,302.2250225022502,272,0.0,9999
1,12,96,325.22052205220524,272,0.0,9999
1,12,97,304.76127612761275,272,0.0,9999
1,12,98,311.6825682568257,266,0.0,9999
1,12,99,324.7892,272.0,0.0,10000
1,13,0,314.4992499249925,280,0.0,9999
1,13,1,305.1,282.0,0.0,10000
1,13,2,301.8202,266.0,0.0,10000
1,13,3,294.99339867973595,272.0,0.0,9998
1,13,4,299.37967593518704,266.0,0.0,9998
1,13,5,312.317,272.0,0.0,10000
1,13,6,307.2533253325333,266,0.0,9999
1,13,7,310.8798,272.0,0.0,10000
1,13,8,319.23872387238725,272,0.0,9999
1,13,9,294.6554,274.0,0.0,10000
1,13,10,300.9118,282.0,0.0,10000
1,13,11,317.9832,266.0,0.0,10000
1,13,12,310.2358,266.0,0.0,10000
1,13,13,319.157,266.0,0.0,10000
1,13,14,302.3050305030503,266,0.0,9999
1,13,15,309.6744,274.0,0.0,10000
1,13,16,305.3989398939894,266,0.0,9999
1,13,17,302.96249624962496,272,0.0,9999
1,13,18,315.645,272.0,0.0,10000
1,13,19,313.66016601660164,272,0.0,9999
1,13,20,297.8552,266.0,0.0,10000
1,13,21,311.6964,274.0,0.0,10000
1,13,22,300.0486,266.0,0.0,10000
1,13,23,307.4554,272.0,0.0,10000
1,13,24,311.1104,282.0,0.0,10000
1,13,25,303.0354,266.0,0.0,10000
1,13,26,309.0434,266.0,0.0,10000
1,13,27,290.86348634863486,272,0.0,9999
1,13,28,314.0608060806081,282,0.0,9999
1,13,29,299.9171917191719,266,0.0,9999
1,13,30,295.7258,266.0,0.0,10000
1,13,31,294.4952495249525,272,0.0,9999
1,13,32,307.4130826165233,280.0,0.0,9998
1,13,33,314.56671334266855,266.0,0.0,9998
1,13,34,314.6236,266.0,0.0,10000
1,13,35,302.975097509751,266,0.0,9999
1,13,36,299.9922,280.0,0.0,10000
1,13,37,302.9869973994799,266.0,0.0,9998
1,13,38,299.4796,266.0,0.0,10000
1,13,39,305.5212,272.0,0.0,10000
1,13,40,293.2368,274.0,0.0,10000
1,13,41,293.7686,266.0,0.0,10000
1,13,42,309.0636,272.0,0.0,10000
1,13,43,294.06041208241646,266.0,0.0,9998
1,13,44,294.1618,274.0,0.0,10000
1,13,45,297.2814,266.0,0.0,10000
1,13,46,313.3038,266.0,0.0,10000
1,13,47,317.0693069306931,272,0.0,9999
1,13,48,301.48234823482346,272,0.0,9999
1,13,49,320.24642464246426,266,0.0,9999
1,13,50,317.8958,266.0,0.0,10000
1,13,51,320.813,272.0,0.0,10000
1,13,52,309.529,272.0,0.0,10000
1,13,53,311.5723572357236,266,0.0,9999
1,13,54,311.095,266.0,0.0,10000
1,13,55,308.6284,272.0,0.0,10000
1,13,56,300.23582358235825,272,0.0,9999
1,13,57,302.56725672567256,266,0.0,9999
1,13,58,299.6179617961796,266,0.0,9999
1,13,59,310.03380338033804,272,0.0,9999
1,13,60,311.6514,272.0,0.0,10000
1,13,61,311.2102,266.0,0.0,10000
1,13,62,310.77895579115824,272.0,0.0,9998
1,13,63,303.7326,272.0,0.0,10000
1,13,64,300.8032,272.0,0.0,10000
1,13,65,290.34303430343033,274,0.0,9999
1,13,66,297.5482,272.0,0.0,10000
1,13,67,312.8521704340868,272.0,0.0,9998
1,13,68,325.5496,272.0,0.0,10000
1,13,69,297.1206,274.0,0.0,10000
1,13,70,305.2958,272.0,0.0,10000
1,13,71,302.6162,272.0,0.0,10000
1,13,72,323.4514,272.0,0.0,10000
1,13,73,310.5324,272.0,0.0,10000
1,13,74,319.3708,266.0,0.0,10000
1,13,75,316.83548354835483,272,0.0,9999
1,13,76,318.1086108610861,266,0.0,9999
1,13,77,325.837,272.0,0.0,10000
1,13,78,324.7967593518704,272.0,0.0,9998
1,13,79,314.5376,266.0,0.0,10000
1,13,80,284.87837567513503,272.0,0.0,9998
1,13,81,293.051505150515,272,0.0,9999
1,13,82,307.5192,272.0,0.0,10000
1,13,83,311.1662,266.0,0.0,10000
1,13,84,320.916,272.0,0.0,10000
1,13,85,320.492,272.0,0.0,10000
1,13,86,320.9368,272.0,0.0,10000
1,13,87,309.22064412882577,266.0,0.0,9998
1,13,88,294.4398,272.0,0.0,10000
1,13,89,320.727,272.0,0.0,10000
1,13,90,297.035,272.0,0.0,10000
1,13,91,295.1376,266.0,0.0,10000
1,13,92,304.0746,272.0,0.0,10000
1,13,93,307.4065406540654,272,0.0,9999
1,13,94,314.8054,272.0,0.0,10000
1,13,95,304.7958795879588,266,0.0,9999
1,13,96,294.8968,272.0,0.0,10000
1,13,97,310.7066,272.0,0.0,10000
1,13,98,308.8618,272.0,0.0,10000
1,13,99,304.5004500450045,274,0.0,9999
1,14,0,295.6284,266.0,0.0,10000
1,14,1,292.38043804380436,272,0.0,9999
1,14,2,280.5238523852385,266,0.0,9999
1,14,3,306.4866,272.0,0.0,10000
1,14,4,303.2968,272.0,0.0,10000
1,14,5,311.7858,272.0,0.0,10000
1,14,6,297.7249724972497,266,0.0,9999
1,14,7,302.9182918291829,272,0.0,9999
1,14,8,329.4292,266.0,0.0,10000
1,14,9,291.0568,274.0,0.0,10000
1,14,10,290.8174,272.0,0.0,10000
1,14,11,300.089,266.0,0.0,10000
1,14,12,297.5999599959996,266,0.0,9999
1,14,13,288.5876,266.0,0.0,10000
1,14,14,305.9096,272.0,0.0,10000
1,14,15,303.5693569356936,282,0.0,9999
1,14,16,281.7098,272.0,0.0,10000
1,14,17,276.9734,266.0,0.0,10000
1,14,18,298.5948594859486,266,0.0,9999
1,14,19,298.5826,266.0,0.0,10000
1,14,20,309.8881888188819,266,0.0,9999
1,14,21,294.8750875087509,272,0.0,9999
1,14,22,301.2842,266.0,0.0,10000
1,14,23,296.9334,266.0,0.0,10000
1,14,24,290.5304,266.0,0.0,10000
1,14,25,298.1066,272.0,0.0,10000
1,14,26,295.984598459846,266,0.0,9999
1,14,27,290.3934,280.0,0.0,10000
1,14,28,281.5776,266.0,0.0,10000
1,14,29,284.9010901090109,266,0.0,9999
1,14,30,302.01300130013,272,0.0,9999
1,14,31,298.713,272.0,0.0,10000
1,14,32,296.83588358835885,272,0.0,9999
1,14,33,292.448,272.0,0.0,10000
1,14,34,292.566,272.0,0.0,10000
1,14,35,312.7624,266.0,0.0,10000
1,14,36,311.6037603760376,272,0.0,9999
1,14,37,287.64656465646567,272,0.0,9999
1,14,38,299.2554,272.0,0.0,10000
1,14,39,301.7298,272.0,0.0,10000
1,14,40,302.872,266.0,0.0,10000
1,14,41,287.6324,272.0,0.0,10000
1,14,42,308.0082,266.0,0.0,10000
1,14,43,309.7054,272.0,0.0,10000
1,14,44,295.9812,266.0,0.0,10000
1,14,45,286.8900890089009,272,0.0,9999
1,14,46,289.71994398879775,266.0,0.0,9998
1,14,47,293.0963288986696,272,0.0,9997
1,14,48,299.0657065706571,266,0.0,9999
1,14,49,297.0632126425285,272.0,0.0,9998
1,14,50,283.24272427242727,266,0.0,9999
1,14,51,289.0574,266.0,0.0,10000
1,14,52,287.6708,266.0,0.0,10000
1,14,53,314.516,274.0,0.0,10000
1,14,54,291.95159515951593,266,0.0,9999
1,14,55,286.7782,266.0,0.0,10000
1,14,56,283.3156,266.0,0.0,10000
1,14,57,301.1258,272.0,0.0,10000
1,14,58,293.593,266.0,0.0,10000
1,14,59,309.6736,280.0,0.0,10000
1,14,60,306.7020702070207,266,0.0,9999
1,14,61,315.93658097429227,280,0.0,9997
1,14,62,302.7070707070707,266,0.0,9999
1,14,63,295.3897389738974,272,0.0,9999
1,14,64,295.16351635163517,266,0.0,9999
1,14,65,285.5192,272.0,0.0,10000
1,14,66,286.9798,272.0,0.0,10000
1,14,67,297.6753675367537,266,0.0,9999
1,14,68,308.9140914091409,266,0.0,9999
1,14,69,300.2634,272.0,0.0,10000
1,14,70,296.3586,272.0,0.0,10000
1,14,71,296.3888,266.0,0.0,10000
1,14,72,301.2064,266.0,0.0,10000
1,14,73,304.9928,282.0,0.0,10000
1,14,74,305.8882,266.0,0.0,10000
1,14,75,314.2568,272.0,0.0,10000
1,14,76,305.4085408540854,272,0.0,9999
1,14,77,314.9641928385677,280.0,0.0,9998
1,14,78,288.644,266.0,0.0,10000
1,14,79,296.3646,272.0,0.0,10000
1,14,80,310.6902690269027,272,0.0,9999
1,14,81,301.5648,280.0,0.0,10000
1,14,82,306.7456,266.0,0.0,10000
1,14,83,299.633,272.0,0.0,10000
1,14,84,312.6385915774732,272,0.0,9997
1,14,85,296.4214,266.0,0.0,10000
1,14,86,301.95739573957394,266,0.0,9999
1,14,87,302.3492,272.0,0.0,10000
1,14,88,292.089,266.0,0.0,10000
1,14,89,292.75975195039007,272.0,0.0,9998
1,14,90,290.7692769276928,266,0.0,9999
1,14,91,281.432,266.0,0.0,10000
1,14,92,290.859,266.0,0.0,10000
1,14,93,315.27025405081014,280.0,0.0,9998
1,14,94,298.7038,272.0,0.0,10000
1,14,95,278.3314,266.0,0.0,10000
1,14,96,310.9318,266.0,0.0,10000
1,14,97,314.6274,266.0,0.0,10000
1,14,98,311.5584,266.0,0.0,10000
1,14,99,287.3112,266.0,0.0,10000
1,15,0,289.4211421142114,272,0.0,9999
1,15,1,293.5756,272.0,0.0,10000
1,15,2,293.27372737273726,266,0.0,9999
1,15,3,287.5302,272.0,0.0,10000
1,15,4,287.5323532353235,266,0.0,9999
1,15,5,293.74877487748773,272,0.0,9999
1,15,6,286.4106410641064,266,0.0,9999
1,15,7,298.6024,272.0,0.0,10000
1,15,8,301.4064,274.0,0.0,10000
1,15,9,295.981598159816,272,0.0,9999
1,15,10,290.938,272.0,0.0,10000
1,15,11,295.9201920192019,272,0.0,9999
1,15,12,300.7618,272.0,0.0,10000
1,15,13,308.9992,274.0,0.0,10000
1,15,14,297.23772377237725,272,0.0,9999
1,15,15,285.1584316863373,272.0,0.0,9998
1,15,16,282.9084908490849,266,0.0,9999
1,15,17,298.7872,272.0,0.0,10000
1,15,18,300.0098,266.0,0.0,10000
1,15,19,292.26622662266226,272,0.0,9999
1,15,20,297.13271327132713,266,0.0,9999
1,15,21,295.22164432886575,272.0,0.0,9998
1,15,22,295.1162,272.0,0.0,10000
1,15,23,286.45644564456444,266,0.0,9999
1,15,24,294.58,266.0,0.0,10000
1,15,25,289.5047504750475,266,0.0,9999
1,15,26,281.6959695969597,266,0.0,9999
1,15,27,297.0188,272.0,0.0,10000
1,15,28,299.188,272.0,0.0,10000
1,15,29,292.039,266.0,0.0,10000
1,15,30,289.6695669566957,272,0.0,9999
1,15,31,311.495899179836,272.0,0.0,9998
1,15,32,294.5488,272.0,0.0,10000
1,15,33,292.8608,272.0,0.0,10000
1,15,34,288.8772,272.0,0.0,10000
1,15,35,278.4492,266.0,0.0,10000
1,15,36,282.5054,266.0,0.0,10000
1,15,37,293.81478147814784,266,0.0,9999
1,15,38,320.8284828482848,280,0.0,9999
1,15,39,282.6886,266.0,0.0,10000
1,15,40,299.4239423942394,266,0.0,9999
1,15,41,292.045,274.0,0.0,10000
1,15,42,311.4998,266.0,0.0,10000
1,15,43,299.84416883376673,272.0,0.0,9998
1,15,44,296.8752,266.0,0.0,10000
1,15,45,297.7578,274.0,0.0,10000
1,15,46,284.6992,266.0,0.0,10000
1,15,47,293.3302,272.0,0.0,10000
1,15,48,312.1826,272.0,0.0,10000
1,15,49,310.2178,272.0,0.0,10000
1,15,50,301.412,266.0,0.0,10000
1,15,51,298.004600460046,272,0.0,9999
1,15,52,291.1679007404443,266.0,0.0,9994
1,15,53,300.4352,272.0,0.0,10000
1,15,54,292.9896,272.0,0.0,10000
1,15,55,301.7513751375138,266,0.0,9999
1,15,56,289.1968,266.0,0.0,10000
1,15,57,290.89317863572717,272.0,0.0,9998
1,15,58,300.2618523704741,266.0,0.0,9998
1,15,59,293.4774,272.0,0.0,10000
1,15,60,294.5732573257326,266,0.0,9999
1,15,61,299.8351835183518,272,0.0,9999
1,15,62,302.0626,272.0,0.0,10000
1,15,63,301.55275527552755,274,0.0,9999
1,15,64,295.9564,266.0,0.0,10000
1,15,65,292.06320632063205,266,0.0,9999
1,15,66,305.1287128712871,272,0.0,9999
1,15,67,292.688,272.0,0.0,10000
1,15,68,282.9856,266.0,0.0,10000
1,15,69,333.1876375275055,280.0,0.0,9998
1,15,70,301.552,272.0,0.0,10000
1,15,71,297.692,280.0,0.0,10000
1,15,72,291.4494,266.0,0.0,10000
1,15,73,291.6902,272.0,0.0,10000
1,15,74,309.1236,272.0,0.0,10000
1,15,75,292.8042,266.0,0.0,10000
1,15,76,282.1742,266.0,0.0,10000
1,15,77,293.464,272.0,0.0,10000
1,15,78,289.1103110311031,266,0.0,9999
1,15,79,288.0108,266.0,0.0,10000
1,15,80,287.7306,266.0,0.0,10000
1,15,81,297.5674,280.0,0.0,10000
1,15,82,277.6467646764676,266,0.0,9999
1,15,83,289.7428,266.0,0.0,10000
1,15,84,301.7302,266.0,0.0,10000
1,15,85,283.1966,266.0,0.0,10000
1,15,86,295.829,272.0,0.0,10000
1,15,87,330.1996,280.0,0.0,10000
1,15,88,278.8782878287829,266,0.0,9999
1,15,89,289.53175317531753,272,0.0,9999
1,15,90,293.1724,266.0,0.0,10000
1,15,91,330.6592,274.0,0.0,10000
1,15,92,289.495,266.0,0.0,10000
1,15,93,309.58815881588157,280,0.0,9999
1,15,94,294.4162,266.0,0.0,10000
1,15,95,286.34706941388276,272.0,0.0,9998
1,15,96,326.4932,280.0,0.0,10000
1,15,97,304.0462,272.0,0.0,10000
1,15,98,294.5938,272.0,0.0,10000
1,15,99,284.5214,266.0,0.0,10000
1,16,0,291.1734,272.0,0.0,10000
1,16,1,286.32603260326033,272,0.0,9999
1,16,2,303.119,272.0,0.0,10000
1,16,3,293.5632,272.0,0.0,10000
1,16,4,293.57731546309265,272.0,0.0,9998
1,16,5,304.36903690369036,266,0.0,9999
1,16,6,299.7328,272.0,0.0,10000
1,16,7,312.53150630126026,280.0,0.0,9998
1,16,8,300.93309330933096,272,0.0,9999
1,16,9,327.2744,280.0,0.0,10000
1,16,10,282.40528105621127,266.0,0.0,9998
1,16,11,298.4594,272.0,0.0,10000
1,16,12,289.2134,266.0,0.0,10000
1,16,13,283.2995299529953,266,0.0,9999
1,16,14,307.7275727572757,272,0.0,9999
1,16,15,313.3104,282.0,0.0,10000
1,16,16,283.6084,266.0,0.0,10000
1,16,17,288.1836,266.0,0.0,10000
1,16,18,314.045,272.0,0.0,10000
1,16,19,288.6504,266.0,0.0,10000
1,16,20,300.7456,272.0,0.0,10000
1,16,21,302.318,272.0,0.0,10000
1,16,22,317.1141114111411,272,0.0,9999
1,16,23,289.8672,272.0,0.0,10000
1,16,24,305.2102,272.0,0.0,10000
1,16,25,291.1504,272.0,0.0,10000
1,16,26,296.421,272.0,0.0,10000
1,16,27,297.44734473447346,272,0.0,9999
1,16,28,318.14021402140213,274,0.0,9999
1,16,29,289.2458,266.0,0.0,10000
1,16,30,294.1166,272.0,0.0,10000
1,16,31,321.2188,266.0,0.0,10000
1,16,32,320.0938,272.0,0.0,10000
1,16,33,304.8304830483048,272,0.0,9999
1,16,34,304.467,266.0,0.0,10000
1,16,35,320.0916,282.0,0.0,10000
1,16,36,298.16921692169217,280,0.0,9999
1,16,37,308.2586,272.0,0.0,10000
1,16,38,278.914,266.0,0.0,10000
1,16,39,318.8352835283528,274,0.0,9999
1,16,40,308.8903780756151,272.0,0.0,9998
1,16,41,303.0822,274.0,0.0,10000
1,16,42,311.1862,266.0,0.0,10000
1,16,43,314.6332,272.0,0.0,10000
1,16,44,310.913,274.0,0.0,10000
1,16,45,288.37463746374635,266,0.0,9999
1,16,46,302.1988198819882,266,0.0,9999
1,16,47,296.7900790079008,272,0.0,9999
1,16,48,288.1974,272.0,0.0,10000
1,16,49,283.628,266.0,0.0,10000
1,16,50,282.974297429743,266,0.0,9999
1,16,51,329.702,282.0,0.0,10000
1,16,52,302.02980298029803,272,0.0,9999
1,16,53,274.5786,266.0,0.0,10000
1,16,54,331.1818,272.0,0.0,10000
1,16,55,294.9022,266.0,0.0,10000
1,16,56,294.5902,272.0,0.0,10000
1,16,57,301.8662,272.0,0.0,10000
1,16,58,323.28512851285126,280,0.0,9999
1,16,59,304.8146,272.0,0.0,10000
1,16,60,297.08130813081306,266,0.0,9999
1,16,61,310.7937587517504,266.0,0.0,9998
1,16,62,320.8944,266.0,0.0,10000
1,16,63,295.5769576957696,274,0.0,9999
1,16,64,312.03000300030004,272,0.0,9999
1,16,65,305.2582,272.0,0.0,10000
1,16,66,302.8932,272.0,0.0,10000
1,16,67,287.066,266.0,0.0,10000
1,16,68,274.9634,266.0,0.0,10000
1,16,69,310.389,274.0,0.0,10000
1,16,70,300.3286,266.0,0.0,10000
1,16,71,322.2896,280.0,0.0,10000
1,16,72,281.9682,272.0,0.0,10000
1,16,73,303.225,272.0,0.0,10000
1,16,74,307.3754,274.0,0.0,10000
1,16,75,314.802,274.0,0.0,10000
1,16,76,287.9686,266.0,0.0,10000
1,16,77,292.6962,272.0,0.0,10000
1,16,78,283.2696,266.0,0.0,10000
1,16,79,291.051,266.0,0.0,10000
1,16,80,294.35287057411483,274.0,0.0,9998
1,16,81,302.9008900890089,266,0.0,9999
1,16,82,311.5732,272.0,0.0,10000
1,16,83,319.7102,280.0,0.0,10000
1,16,84,279.06510651065105,266,0.0,9999
1,16,85,301.95,272.0,0.0,10000
1,16,86,286.3242,266.0,0.0,10000
1,16,87,306.8924,272.0,0.0,10000
1,16,88,313.4475447544755,272,0.0,9999
1,16,89,298.9636,272.0,0.0,10000
1,16,90,311.5124,266.0,0.0,10000
1,16,91,313.2058,274.0,0.0,10000
1,16,92,320.038,282.0,0.0,10000
1,16,93,311.8772,266.0,0.0,10000
1,16,94,285.66356635663567,266,0.0,9999
1,16,95,311.8657865786579,272,0.0,9999
1,16,96,295.23572357235724,272,0.0,9999
1,16,97,306.35867173434684,274.0,0.0,9998
1,16,98,286.1676,266.0,0.0,10000
1,16,99,320.7936,272.0,0.0,10000
1,17,0,330.0318,274.0,0.0,10000
1,17,1,319.4138,272.0,0.0,10000
1,17,2,286.1438143814381,266,0.0,9999
1,17,3,303.9342,272.0,0.0,10000
1,17,4,307.7945794579458,272,0.0,9999
1,17,5,315.456,280.0,0.0,10000
1,17,6,296.97019403880773,266.0,0.0,9998
1,17,7,314.8962,272.0,0.0,10000
1,17,8,294.5958,266.0,0.0,10000
1,17,9,308.32163216321635,280,0.0,9999
1,17,10,296.8318,272.0,0.0,10000
1,17,11,319.6176,272.0,0.0,10000
1,17,12,291.5176,266.0,0.0,10000
1,17,13,312.3818381838184,272,0.0,9999
1,17,14,312.5906,272.0,0.0,10000
1,17,15,308.44568913782757,266.0,0.0,9998
1,17,16,306.86028602860284,272,0.0,9999
1,17,17,310.0620062006201,280,0.0,9999
1,17,18,308.6032603260326,274,0.0,9999
1,17,19,300.586,272.0,0.0,10000
1,17,20,317.4326,274.0,0.0,10000
1,17,21,304.363,272.0,0.0,10000
1,17,22,300.5208,266.0,0.0,10000
1,17,23,285.1889188918892,266,0.0,9999
1,17,24,293.3006,272.0,0.0,10000
1,17,25,307.9014,280.0,0.0,10000
1,17,26,321.1644,266.0,0.0,10000
1,17,27,288.5588,266.0,0.0,10000
1,17,28,305.87676302890867,272,0.0,9997
1,17,29,326.844,280.0,0.0,10000
1,17,30,304.665,266.0,0.0,10000
1,17,31,301.6508,266.0,0.0,10000
1,17,32,309.15651565156514,272,0.0,9999
1,17,33,306.4874,272.0,0.0,10000
1,17,34,296.3878,266.0,0.0,10000
1,17,35,293.8007800780078,266,0.0,9999
1,17,36,300.088,272.0,0.0,10000
1,17,37,310.709,266.0,0.0,10000
1,17,38,290.33203320332035,266,0.0,9999
1,17,39,310.77855571114225,272.0,0.0,9998
1,17,40,296.1276127612761,266,0.0,9999
1,17,41,294.6224,266.0,0.0,10000
1,17,42,313.35153515351533,272,0.0,9999
1,17,43,299.8656,272.0,0.0,10000
1,17,44,301.5212,272.0,0.0,10000
1,17,45,294.44144414441445,266,0.0,9999
1,17,46,300.961688506552,272,0.0,9997
1,17,47,292.9036,266.0,0.0,10000
1,17,48,302.31,266.0,0.0,10000
1,17,49,288.2898289828983,266,0.0,9999
1,17,50,306.5426,272.0,0.0,10000
1,17,51,303.6182,272.0,0.0,10000
1,17,52,321.964796479648,280,0.0,9999
1,17,53,293.223,274.0,0.0,10000
1,17,54,292.464,272.0,0.0,10000
1,17,55,291.7514,272.0,0.0,10000
1,17,56,312.95309530953097,274,0.0,9999
1,17,57,306.4202420242024,272,0.0,9999
1,17,58,325.1442,266.0,0.0,10000
1,17,59,286.5996,266.0,0.0,10000
1,17,60,317.6766,282.0,0.0,10000
1,17,61,293.674,266.0,0.0,10000
1,17,62,300.0488,266.0,0.0,10000
1,17,63,296.3020302030203,266,0.0,9999
1,17,64,329.7622,272.0,0.0,10000
1,17,65,314.1004,272.0,0.0,10000
1,17,66,337.0124,266.0,0.0,10000
1,17,67,302.4982,272.0,0.0,10000
1,17,68,308.2188218821882,272,0.0,9999
1,17,69,316.75067506750673,272,0.0,9999
1,17,70,306.5946,280.0,0.0,10000
1,17,71,310.8104,272.0,0.0,10000
1,17,72,311.9094,272.0,0.0,10000
1,17,73,292.0062,272.0,0.0,10000
1,17,74,295.5827582758276,280,0.0,9999
1,17,75,303.12711271127114,272,0.0,9999
1,17,76,298.3032,272.0,0.0,10000
1,17,77,299.69470841252377,272,0.0,9997
1,17,78,321.6636,282.0,0.0,10000
1,17,79,293.9908,272.0,0.0,10000
1,17,80,298.375275055011,266.0,0.0,9998
1,17,81,298.250850170034,266.0,0.0,9998
1,17,82,301.8946,272.0,0.0,10000
1,17,83,315.1188,272.0,0.0,10000
1,17,84,312.506,272.0,0.0,10000
1,17,85,303.47954795479546,272,0.0,9999
1,17,86,319.5642,272.0,0.0,10000
1,17,87,312.8558,272.0,0.0,10000
1,17,88,305.27372737273726,272,0.0,9999
1,17,89,297.04591377413226,280,0.0,9997
1,17,90,303.7058,272.0,0.0,10000
1,17,91,297.31,272.0,0.0,10000
1,17,92,303.9135913591359,266,0.0,9999
1,17,93,335.17,272.0,0.0,10000
1,17,94,315.4084,272.0,0.0,10000
1,17,95,295.2528,266.0,0.0,10000
1,17,96,289.215,266.0,0.0,10000
1,17,97,304.2048,272.0,0.0,10000
1,17,98,300.74027402740273,272,0.0,9999
1,17,99,324.24682468246823,272,0.0,9999
1,18,0,324.43664366436644,272,0.0,9999
1,18,1,313.56255625562557,266,0.0,9999
1,18,2,312.0248049609922,280.0,0.0,9998
1,18,3,300.9674902470741,272,0.0,9997
1,18,4,299.352,266.0,0.0,10000
1,18,5,300.0516,266.0,0.0,10000
1,18,6,317.07563025210084,280.0,0.0,9996
1,18,7,319.5878,266.0,0.0,10000
1,18,8,301.4482,272.0,0.0,10000
1,18,9,320.3076,272.0,0.0,10000
1,18,10,322.8992,274.0,0.0,10000
1,18,11,302.6756,272.0,0.0,10000
1,18,12,335.5488,272.0,0.0,10000
1,18,13,324.5522552255226,272,0.0,9999
1,18,14,311.9722,266.0,0.0,10000
1,18,15,304.0244,266.0,0.0,10000
1,18,16,308.27765553110623,272.0,0.0,9998
1,18,17,302.3692,272.0,0.0,10000
1,18,18,316.7554,266.0,0.0,10000
1,18,19,300.1934,266.0,0.0,10000
1,18,20,315.63,272.0,0.0,10000
1,18,21,298.8022802280228,266,0.0,9999
1,18,22,304.7984,272.0,0.0,10000
1,18,23,301.9522,266.0,0.0,10000
1,18,24,305.934,274.0,0.0,10000
1,18,25,309.7868,274.0,0.0,10000
1,18,26,281.52055205520554,266,0.0,9999
1,18,27,332.3372,272.0,0.0,10000
1,18,28,313.8874,280.0,0.0,10000
1,18,29,312.26982698269825,266,0.0,9999
1,18,30,297.1268,272.0,0.0,10000
1,18,31,312.35063506350633,266,0.0,9999
1,18,32,320.9015803160632,272.0,0.0,9998
1,18,33,310.9124912491249,272,0.0,9999
1,18,34,304.0876,282.0,0.0,10000
1,18,35,308.6526,272.0,0.0,10000
1,18,36,315.26452645264527,272,0.0,9999
1,18,37,306.0544,272.0,0.0,10000
1,18,38,297.7418,274.0,0.0,10000
1,18,39,311.432,272.0,0.0,10000
1,18,40,295.7438,274.0,0.0,10000
1,18,41,307.7069706970697,272,0.0,9999
1,18,42,308.8507701540308,274.0,0.0,9998
1,18,43,298.3974,266.0,0.0,10000
1,18,44,310.2430972388956,272.0,0.0,9996
1,18,45,294.0054,266.0,0.0,10000
1,18,46,319.87838783878385,266,0.0,9999
1,18,47,298.2214,272.0,0.0,10000
1,18,48,304.0444,274.0,0.0,10000
1,18,49,307.61732346469296,272.0,0.0,9998
1,18,50,324.658,266.0,0.0,10000
1,18,51,317.87558755875585,272,0.0,9999
1,18,52,283.22404480896176,266.0,0.0,9998
1,18,53,308.34243424342435,266,0.0,9999
1,18,54,292.1288,266.0,0.0,10000
1,18,55,305.7204,272.0,0.0,10000
1,18,56,302.3838,272.0,0.0,10000
1,18,57,300.12541254125415,266,0.0,9999
1,18,58,309.8966,272.0,0.0,10000
1,18,59,292.83308330833086,266,0.0,9999
1,18,60,302.12701270127013,272,0.0,9999
1,18,61,290.015,266.0,0.0,10000
1,18,62,301.008500850085,272,0.0,9999
1,18,63,322.8592,266.0,0.0,10000
1,18,64,309.351,272.0,0.0,10000
1,18,65,293.4212842568514,266.0,0.0,9998
1,18,66,315.4772,272.0,0.0,10000
1,18,67,317.288,266.0,0.0,10000
1,18,68,292.9648,272.0,0.0,10000
1,18,69,326.2478,272.0,0.0,10000
1,18,70,323.051505150515,272,0.0,9999
1,18,71,317.29405881176234,272.0,0.0,9998
1,18,72,300.15601560156017,272,0.0,9999
1,18,73,308.0866086608661,272,0.0,9999
1,18,74,298.0646064606461,266,0.0,9999
1,18,75,301.8292,272.0,0.0,10000
1,18,76,321.4548,282.0,0.0,10000
1,18,77,311.44114411441143,272,0.0,9999
1,18,78,309.8932,280.0,0.0,10000
1,18,79,291.184,272.0,0.0,10000
1,18,80,307.2025202520252,280,0.0,9999
1,18,81,300.8052,272.0,0.0,10000
1,18,82,307.3148,272.0,0.0,10000
1,18,83,299.53595359535956,266,0.0,9999
1,18,84,305.775,266.0,0.0,10000
1,18,85,311.4134,266.0,0.0,10000
1,18,86,290.1232,266.0,0.0,10000
1,18,87,304.6006,266.0,0.0,10000
1,18,88,295.9368,266.0,0.0,10000
1,18,89,302.3408,272.0,0.0,10000
1,18,90,320.02,272.0,0.0,10000
1,18,91,303.5239523952395,266,0.0,9999
1,18,92,315.6206,266.0,0.0,10000
1,18,93,293.72517251725174,272,0.0,9999
1,18,94,288.1152,266.0,0.0,10000
1,18,95,287.9058,266.0,0.0,10000
1,18,96,306.2908290829083,266,0.0,9999
1,18,97,297.12451245124515,272,0.0,9999
1,18,98,307.2788557711542,266.0,0.0,9998
1,18,99,301.099,280.0,0.0,10000
1,19,0,297.4052,272.0,0.0,10000
1,19,1,318.9220922092209,280,0.0,9999
1,19,2,290.2386,266.0,0.0,10000
1,19,3,308.20902090209023,272,0.0,9999
1,19,4,310.0634,272.0,0.0,10000
1,19,5,289.0299089726918,266,0.0,9997
1,19,6,293.2976,274.0,0.0,10000
1,19,7,297.921,266.0,0.0,10000
1,19,8,295.2411241124112,266,0.0,9999
1,19,9,310.010401040104,266,0.0,9999
1,19,10,293.3236,272.0,0.0,10000
1,19,11,276.008,266.0,0.0,10000
1,19,12,284.3044,266.0,0.0,10000
1,19,13,307.1924,266.0,0.0,10000
1,19,14,303.9172,272.0,0.0,10000
1,19,15,292.623,272.0,0.0,10000
1,19,16,296.1996199619962,272,0.0,9999
1,19,17,283.8874,272.0,0.0,10000
1,19,18,341.5741574157416,272,0.0,9999
1,19,19,284.06300630063004,272,0.0,9999
1,19,20,282.6006,272.0,0.0,10000
1,19,21,313.2326,272.0,0.0,10000
1,19,22,294.8168816881688,272,0.0,9999
1,19,23,294.453,266.0,0.0,10000
1,19,24,292.0316,266.0,0.0,10000
1,19,25,297.4614922984597,272.0,0.0,9998
1,19,26,305.05170517051704,274,0.0,9999
1,19,27,322.86348634863486,282,0.0,9999
1,19,28,281.3054,266.0,0.0,10000
1,19,29,295.24037211163346,272,0.0,9997
1,19,30,312.2246,266.0,0.0,10000
1,19,31,298.0562,266.0,0.0,10000
1,19,32,289.7962,266.0,0.0,10000
1,19,33,294.9652,272.0,0.0,10000
1,19,34,295.6627662766277,272,0.0,9999
1,19,35,280.3372337233723,266,0.0,9999
1,19,36,291.4334,266.0,0.0,10000
1,19,37,283.9522,266.0,0.0,10000
1,19,38,293.0852,272.0,0.0,10000
1,19,39,290.696,266.0,0.0,10000
1,19,40,300.00380076015205,266.0,0.0,9998
1,19,41,310.2102,266.0,0.0,10000
1,19,42,300.1888,266.0,0.0,10000
1,19,43,293.2808,266.0,0.0,10000
1,19,44,294.7076,266.0,0.0,10000
1,19,45,299.1714,266.0,0.0,10000
1,19,46,302.4912,266.0,0.0,10000
1,19,47,282.1854185418542,266,0.0,9999
1,19,48,281.878,266.0,0.0,10000
1,19,49,300.1644,266.0,0.0,10000
1,19,50,302.8884,266.0,0.0,10000
1,19,51,290.0726,266.0,0.0,10000
1,19,52,281.1039103910391,266,0.0,9999
1,19,53,296.4228422842284,266,0.0,9999
1,19,54,317.01770177017704,266,0.0,9999
1,19,55,300.000600060006,272,0.0,9999
1,19,56,301.35393539353936,266,0.0,9999
1,19,57,296.62506250625063,272,0.0,9999
1,19,58,288.2096,266.0,0.0,10000
1,19,59,313.0314,266.0,0.0,10000
1,19,60,302.47584758475847,266,0.0,9999
1,19,61,298.3202320232023,274,0.0,9999
1,19,62,297.7088,272.0,0.0,10000
1,19,63,297.785,266.0,0.0,10000
1,19,64,293.1315131513151,272,0.0,9999
1,19,65,305.0734,266.0,0.0,10000
1,19,66,290.6612,266.0,0.0,10000
1,19,67,293.5528,274.0,0.0,10000
1,19,68,297.3012,272.0,0.0,10000
1,19,69,284.08320832083206,266,0.0,9999
1,19,70,294.7808780878088,266,0.0,9999
1,19,71,312.97669766976696,282,0.0,9999
1,19,72,293.2188,272.0,0.0,10000
1,19,73,286.096,266.0,0.0,10000
1,19,74,301.65316531653167,266,0.0,9999
1,19,75,298.0936,266.0,0.0,10000
1,19,76,303.985,280.0,0.0,10000
1,19,77,298.56625662566256,266,0.0,9999
1,19,78,301.7804,272.0,0.0,10000
1,19,79,287.017301730173,266,0.0,9999
1,19,80,291.289,266.0,0.0,10000
1,19,81,310.3618,272.0,0.0,10000
1,19,82,290.3164,266.0,0.0,10000
1,19,83,282.55716715014506,266,0.0,9997
1,19,84,290.3252,272.0,0.0,10000
1,19,85,294.66953390678134,272.0,0.0,9998
1,19,86,304.7990799079908,272,0.0,9999
1,19,87,302.311,266.0,0.0,10000
1,19,88,296.50415124537363,266,0.0,9997
1,19,89,292.7244,272.0,0.0,10000
1,19,90,303.1692,266.0,0.0,10000
1,19,91,291.008,266.0,0.0,10000
1,19,92,314.9118,280.0,0.0,10000
1,19,93,304.82,280.0,0.0,10000
1,19,94,287.4571457145715,266,0.0,9999
1,19,95,293.1426,266.0,0.0,10000
1,19,96,299.695,272.0,0.0,10000
1,19,97,299.3898,272.0,0.0,10000
1,19,98,295.975,266.0,0.0,10000
1,19,99,316.08240824082407,280,0.0,9999
1,20,0,291.2236,266.0,0.0,10000
1,20,1,284.692,266.0,0.0,10000
1,20,2,291.3884,272.0,0.0,10000
1,20,3,305.3887388738874,266,0.0,9999
1,20,4,307.65576557655766,272,0.0,9999
1,20,5,302.7002700270027,274,0.0,9999
1,20,6,297.5067506750675,272,0.0,9999
1,20,7,288.9372937293729,266,0.0,9999
1,20,8,292.4,266.0,0.0,10000
1,20,9,282.0538,266.0,0.0,10000
1,20,10,290.2358,266.0,0.0,10000
1,20,11,303.43314331433146,272,0.0,9999
1,20,12,303.7873787378738,274,0.0,9999
1,20,13,300.91769176917694,274,0.0,9999
1,20,14,309.6361636163616,272,0.0,9999
1,20,15,295.6202,272.0,0.0,10000
1,20,16,297.5238,266.0,0.0,10000
1,20,17,287.6753675367537,272,0.0,9999
1,20,18,281.2868,266.0,0.0,10000
1,20,19,299.78417841784176,266,0.0,9999
1,20,20,301.0054,272.0,0.0,10000
1,20,21,300.8348,272.0,0.0,10000
1,20,22,300.154,266.0,0.0,10000
1,20,23,299.20204040808164,272.0,0.0,9998
1,20,24,296.3532353235324,266,0.0,9999
1,20,25,309.8911891189119,280,0.0,9999
1,20,26,314.304,280.0,0.0,10000
1,20,27,290.5200520052005,272,0.0,9999
1,20,28,288.4152,266.0,0.0,10000
1,20,29,287.76737673767377,266,0.0,9999
1,20,30,304.1534,272.0,0.0,10000
1,20,31,288.321,272.0,0.0,10000
1,20,32,305.6993699369937,274,0.0,9999
1,20,33,298.5312,280.0,0.0,10000
1,20,34,295.2676,272.0,0.0,10000
1,20,35,300.19363872774557,266.0,0.0,9998
1,20,36,294.9248,272.0,0.0,10000
1,20,37,298.8316,272.0,0.0,10000
1,20,38,290.6338,272.0,0.0,10000
1,20,39,287.955195519552,266,0.0,9999
1,20,40,298.36983698369835,272,0.0,9999
1,20,41,302.7994,280.0,0.0,10000
1,20,42,289.7252,272.0,0.0,10000
1,20,43,299.7216,274.0,0.0,10000
1,20,44,296.5846338535414,266.0,0.0,9996
1,20,45,294.52650530106024,272.0,0.0,9998
1,20,46,298.6011202240448,272.0,0.0,9998
1,20,47,304.86757351470294,272.0,0.0,9998
1,20,48,291.9325932593259,272,0.0,9999
1,20,49,297.8772,272.0,0.0,10000
1,20,50,304.13562712542506,272.0,0.0,9998
1,20,51,311.1164,274.0,0.0,10000
1,20,52,288.5934,272.0,0.0,10000
1,20,53,291.9988,272.0,0.0,10000
1,20,54,302.509,272.0,0.0,10000
1,20,55,298.004,272.0,0.0,10000
1,20,56,285.43374337433744,266,0.0,9999
1,20,57,292.48624862486247,272,0.0,9999
1,20,58,294.0716214864459,266,0.0,9997
1,20,59,305.789,272.0,0.0,10000
1,20,60,288.2554,266.0,0.0,10000
1,20,61,290.4256,272.0,0.0,10000
1,20,62,291.85417083416684,266.0,0.0,9998
1,20,63,298.03,272.0,0.0,10000
1,20,64,293.4046,266.0,0.0,10000
1,20,65,299.6115611561156,274,0.0,9999
1,20,66,287.9524,266.0,0.0,10000
1,20,67,296.8178,266.0,0.0,10000
1,20,68,294.766,266.0,0.0,10000
1,20,69,289.4874,266.0,0.0,10000
1,20,70,297.9452,272.0,0.0,10000
1,20,71,312.009200920092,266,0.0,9999
1,20,72,287.15251525152513,266,0.0,9999
1,20,73,291.8726,266.0,0.0,10000
1,20,74,304.73407340734076,266,0.0,9999
1,20,75,324.6732673267327,266,0.0,9999
1,20,76,280.6344634463446,266,0.0,9999
1,20,77,295.7943794379438,266,0.0,9999
1,20,78,299.4644,266.0,0.0,10000
1,20,79,296.2038203820382,266,0.0,9999
1,20,80,295.2754,266.0,0.0,10000
1,20,81,290.3336,266.0,0.0,10000
1,20,82,302.1932193219322,266,0.0,9999
1,20,83,285.0582,266.0,0.0,10000
1,20,84,308.773,266.0,0.0,10000
1,20,85,291.6809680968097,266,0.0,9999
1,20,86,297.1581158115812,266,0.0,9999
1,20,87,290.6372,266.0,0.0,10000
1,20,88,304.7328,282.0,0.0,10000
1,20,89,281.0174,266.0,0.0,10000
1,20,90,311.5863586358636,272,0.0,9999
1,20,91,306.2226222622262,266,0.0,9999
1,20,92,293.5458,274.0,0.0,10000
1,20,93,290.2918,266.0,0.0,10000
1,20,94,321.25112511251126,272,0.0,9999
1,20,95,295.0104,266.0,0.0,10000
1,20,96,299.8602,272.0,0.0,10000
1,20,97,301.9753950790158,280.0,0.0,9998
1,20,98,304.1764,272.0,0.0,10000
1,20,99,303.5438,266.0,0.0,10000
1,21,0,297.0751075107511,272,0.0,9999
1,21,1,309.9418,272.0,0.0,10000
1,21,2,305.2426,272.0,0.0,10000
1,21,3,298.1914191419142,266,0.0,9999
1,21,4,724.6293258651731,778.0,0.0,9998
1,21,5,304.4724,274.0,0.0,10000
1,21,6,302.6702670267027,272,0.0,9999
1,21,7,293.2752,266.0,0.0,10000
1,21,8,298.7384,272.0,0.0,10000
1,21,9,300.33363336333633,266,0.0,9999
1,21,10,299.21572157215724,266,0.0,9999
1,21,11,306.85088508850885,274,0.0,9999
1,21,12,316.027,280.0,0.0,10000
1,21,13,311.22712271227124,272,0.0,9999
1,21,14,295.43854385438544,272,0.0,9999
1,21,15,295.7304,266.0,0.0,10000
1,21,16,291.1618,272.0,0.0,10000
1,21,17,283.803,272.0,0.0,10000
1,21,18,304.7308,266.0,0.0,10000
1,21,19,299.4907490749075,272,0.0,9999
1,21,20,299.693,266.0,0.0,10000
1,21,21,302.1322132213221,266,0.0,9999
1,21,22,288.8088,272.0,0.0,10000
1,21,23,304.3668,266.0,0.0,10000
1,21,24,319.51630326065214,272.0,0.0,9998
1,21,25,286.0772,266.0,0.0,10000
1,21,26,312.9418941894189,272,0.0,9999
1,21,27,311.1336,272.0,0.0,10000
1,21,28,303.1256,272.0,0.0,10000
1,21,29,311.3166,272.0,0.0,10000
1,21,30,285.96059605960596,266,0.0,9999
1,21,31,313.993399339934,280,0.0,9999
1,21,32,386.3098309830983,266,0.0,9999
1,21,33,537.4502,678.0,0.0,10000
1,21,34,288.5416,266.0,0.0,10000
1,21,35,295.027502750275,266,0.0,9999
1,21,36,299.2898,266.0,0.0,10000
1,21,37,315.46014601460143,266,0.0,9999
1,21,38,351.41,282.0,0.0,10000
1,21,39,303.7381476295259,272.0,0.0,9998
1,21,40,295.02980596119227,272.0,0.0,9998
1,21,41,281.2216,266.0,0.0,10000
1,21,42,307.6422,272.0,0.0,10000
1,21,43,311.3554,272.0,0.0,10000
1,21,44,298.427,272.0,0.0,10000
1,21,45,293.2923292329233,266,0.0,9999
1,21,46,303.44734473447346,266,0.0,9999
1,21,47,289.83018301830185,272,0.0,9999
1,21,48,284.3824,266.0,0.0,10000
1,21,49,286.0974194838968,266.0,0.0,9998
1,21,50,313.987,274.0,0.0,10000
1,21,51,298.5808,274.0,0.0,10000
1,21,52,295.5084,266.0,0.0,10000
1,21,53,292.20744148829766,272.0,0.0,9998
1,21,54,299.9011802360472,272.0,0.0,9998
1,21,55,319.6711671167117,282,0.0,9999
1,21,56,319.026,282.0,0.0,10000
1,21,57,298.3392,272.0,0.0,10000
1,21,58,305.8826,272.0,0.0,10000
1,21,59,284.2596,266.0,0.0,10000
1,21,60,311.2852,280.0,0.0,10000
1,21,61,293.53375337533754,266,0.0,9999
1,21,62,288.5622,266.0,0.0,10000
1,21,63,290.6,266.0,0.0,10000
1,21,64,312.1530306061212,280.0,0.0,9998
1,21,65,296.6830683068307,266,0.0,9999
1,21,66,293.3512,272.0,0.0,10000
1,21,67,309.6994,266.0,0.0,10000
1,21,68,286.5854,266.0,0.0,10000
1,21,69,297.07370737073705,266,0.0,9999
1,21,70,300.7694,272.0,0.0,10000
1,21,71,305.5485548554856,272,0.0,9999
1,21,72,308.3776,274.0,0.0,10000
1,21,73,304.0764,272.0,0.0,10000
1,21,74,306.37943794379436,272,0.0,9999
1,21,75,287.8919891989199,266,0.0,9999
1,21,76,294.3042,272.0,0.0,10000
1,21,77,294.3682,272.0,0.0,10000
1,21,78,297.2008,266.0,0.0,10000
1,21,79,294.27165433086617,266.0,0.0,9998
1,21,80,300.2722,272.0,0.0,10000
1,21,81,290.1412,266.0,0.0,10000
1,21,82,300.84128412841284,272,0.0,9999
1,21,83,295.5495549554955,266,0.0,9999
1,21,84,305.5247524752475,274,0.0,9999
1,21,85,321.2269226922692,280,0.0,9999
1,21,86,312.6276,274.0,0.0,10000
1,21,87,289.3942,266.0,0.0,10000
1,21,88,296.3994,266.0,0.0,10000
1,21,89,281.0548,266.0,0.0,10000
1,21,90,316.5978597859786,280,0.0,9999
1,21,91,308.5766,272.0,0.0,10000
1,21,92,304.8816,272.0,0.0,10000
1,21,93,296.60526052605263,272,0.0,9999
1,21,94,310.4802480248025,274,0.0,9999
1,21,95,307.72317231723173,266,0.0,9999
1,21,96,307.3396679335867,266.0,0.0,9998
1,21,97,279.58035803580356,266,0.0,9999
1,21,98,282.84396879375873,266.0,0.0,9998
1,21,99,307.5926,272.0,0.0,10000
1,22,0,309.45969193838766,272.0,0.0,9998
1,22,1,312.6518,272.0,0.0,10000
1,22,2,309.5148,274.0,0.0,10000
1,22,3,294.4284,266.0,0.0,10000
1,22,4,293.59,272.0,0.0,10000
1,22,5,313.11091109110913,272,0.0,9999
1,22,6,290.0004,266.0,0.0,10000
1,22,7,315.4866,272.0,0.0,10000
1,22,8,307.7234,272.0,0.0,10000
1,22,9,288.5158,272.0,0.0,10000
1,22,10,310.505,274.0,0.0,10000
1,22,11,288.27282728272826,272,0.0,9999
1,22,12,311.8058,282.0,0.0,10000
1,22,13,308.92,272.0,0.0,10000
1,22,14,300.9138,272.0,0.0,10000
1,22,15,291.1372,272.0,0.0,10000
1,22,16,306.3728,272.0,0.0,10000
1,22,17,308.6386,274.0,0.0,10000
1,22,18,311.43,272.0,0.0,10000
1,22,19,328.42728545709144,266.0,0.0,9998
1,22,20,296.70314062812565,274.0,0.0,9998
1,22,21,295.5284,266.0,0.0,10000
1,22,22,303.38033803380335,282,0.0,9999
1,22,23,300.6432,266.0,0.0,10000
1,22,24,307.4984,272.0,0.0,10000
1,22,25,300.5054,272.0,0.0,10000
1,22,26,299.8404,272.0,0.0,10000
1,22,27,303.173,266.0,0.0,10000
1,22,28,288.7001400280056,274.0,0.0,9998
1,22,29,301.2628,266.0,0.0,10000
1,22,30,304.6472,266.0,0.0,10000
1,22,31,304.7808,272.0,0.0,10000
1,22,32,314.6174,272.0,0.0,10000
1,22,33,302.62612522504503,272.0,0.0,9998
1,22,34,295.8592,266.0,0.0,10000
1,22,35,319.5489097819564,272.0,0.0,9998
1,22,36,297.6784,272.0,0.0,10000
1,22,37,300.55531106221247,266.0,0.0,9998
1,22,38,305.69333866773354,272.0,0.0,9998
1,22,39,555.1145343603081,284,0.0,9997
1,22,40,302.5816,272.0,0.0,10000
1,22,41,304.04940494049407,272,0.0,9999
1,22,42,299.609,272.0,0.0,10000
1,22,43,306.02760552110425,272.0,0.0,9998
1,22,44,296.724,272.0,0.0,10000
1,22,45,307.5001500150015,266,0.0,9999
1,22,46,288.11681168116814,266,0.0,9999
1,22,47,282.513,266.0,0.0,10000
1,22,48,287.0856171234247,272.0,0.0,9998
1,22,49,302.64826482648266,272,0.0,9999
1,22,50,307.8043804380438,266,0.0,9999
1,22,51,294.1154,266.0,0.0,10000
1,22,52,308.26122612261224,274,0.0,9999
1,22,53,316.217,274.0,0.0,10000
1,22,54,309.06230623062305,266,0.0,9999
1,22,55,319.0628,272.0,0.0,10000
1,22,56,299.44354435443546,272,0.0,9999
1,22,57,316.8974,272.0,0.0,10000
1,22,58,309.7966,266.0,0.0,10000
1,22,59,299.63736373637363,266,0.0,9999
1,22,60,307.946,272.0,0.0,10000
1,22,61,297.685,266.0,0.0,10000
1,22,62,316.3342,266.0,0.0,10000
1,22,63,300.0808,272.0,0.0,10000
1,22,64,308.48144814481446,282,0.0,9999
1,22,65,309.7204,272.0,0.0,10000
1,22,66,304.0024,274.0,0.0,10000
1,22,67,288.5858,266.0,0.0,10000
1,22,68,295.16131613161315,272,0.0,9999
1,22,69,304.3940394039404,272,0.0,9999
1,22,70,296.295,266.0,0.0,10000
1,22,71,302.1196,266.0,0.0,10000
1,22,72,296.73987398739877,266,0.0,9999
1,22,73,313.4466,272.0,0.0,10000
1,22,74,300.238,272.0,0.0,10000
1,22,75,305.016301630163,274,0.0,9999
1,22,76,309.9206,272.0,0.0,10000
1,22,77,311.6456,266.0,0.0,10000
1,22,78,305.9709941988398,266.0,0.0,9998
1,22,79,303.2296,274.0,0.0,10000
1,22,80,316.6370637063706,272,0.0,9999
1,22,81,314.5922592259226,274,0.0,9999
1,22,82,300.16921692169217,272,0.0,9999
1,22,83,314.1518,272.0,0.0,10000
1,22,84,299.0368,266.0,0.0,10000
1,22,85,305.1599159915992,272,0.0,9999
1,22,86,295.687,272.0,0.0,10000
1,22,87,323.501300260052,280.0,0.0,9998
1,22,88,293.7674,272.0,0.0,10000
1,22,89,304.2892,266.0,0.0,10000
1,22,90,291.352,266.0,0.0,10000
1,22,91,304.02300230023,266,0.0,9999
1,22,92,295.10602120424085,272.0,0.0,9998
1,22,93,307.2868,272.0,0.0,10000
1,22,94,319.8062,266.0,0.0,10000
1,22,95,334.8056,272.0,0.0,10000
1,22,96,297.0072,272.0,0.0,10000
1,22,97,306.05680568056806,272,0.0,9999
1,22,98,281.20712071207123,266,0.0,9999
1,22,99,303.5604,266.0,0.0,10000
1,23,0,289.88798879887986,266,0.0,9999
1,23,1,414.4329298789637,274,0.0,9997
1,23,2,305.8505701140228,266.0,0.0,9998
1,23,3,301.5429542954295,266,0.0,9999
1,23,4,309.7293458691738,272.0,0.0,9998
1,23,5,335.864,266.0,0.0,10000
1,23,6,301.75657565756575,266,0.0,9999
1,23,7,311.8482,266.0,0.0,10000
1,23,8,287.1794358871774,266.0,0.0,9998
1,23,9,313.6948,272.0,0.0,10000
1,23,10,293.2428,266.0,0.0,10000
1,23,11,304.758,272.0,0.0,10000
1,23,12,303.009,274.0,0.0,10000
1,23,13,302.07280728072806,274,0.0,9999
1,23,14,295.0462,280.0,0.0,10000
1,23,15,297.136,272.0,0.0,10000
1,23,16,313.1884,272.0,0.0,10000
1,23,17,276.349,266.0,0.0,10000
1,23,18,305.3198,266.0,0.0,10000
1,23,19,302.4986,266.0,0.0,10000
1,23,20,317.297,274.0,0.0,10000
1,23,21,303.45874587458746,266,0.0,9999
1,23,22,311.7746,272.0,0.0,10000
1,23,23,301.1269126912691,266,0.0,9999
1,23,24,286.94689468946893,266,0.0,9999
1,23,25,305.3388,266.0,0.0,10000
1,23,26,297.5959595959596,272,0.0,9999
1,23,27,303.67913582716545,272.0,0.0,9998
1,23,28,462.3398679735947,282.0,0.0,9998
1,23,29,702.3895168550565,786,0.0,9997
1,23,30,293.36153615361536,266,0.0,9999
1,23,31,311.9053905390539,274,0.0,9999
1,23,32,307.479,266.0,0.0,10000
1,23,33,620.0962384953982,688.0,0.0,9996
1,23,34,296.7755551110222,266.0,0.0,9998
1,23,35,298.8976,266.0,0.0,10000
1,23,36,301.6552,266.0,0.0,10000
1,23,37,305.5712,280.0,0.0,10000
1,23,38,293.645,266.0,0.0,10000
1,23,39,303.2382,272.0,0.0,10000
1,23,40,308.55091018203643,266.0,0.0,9998
1,23,41,287.4518,266.0,0.0,10000
1,23,42,346.2366473294659,266.0,0.0,9998
1,23,43,306.95589558955896,274,0.0,9999
1,23,44,300.41844184418443,266,0.0,9999
1,23,45,302.43884388438846,272,0.0,9999
1,23,46,300.104,266.0,0.0,10000
1,23,47,309.1011101110111,280,0.0,9999
1,23,48,306.8494,272.0,0.0,10000
1,23,49,300.305,266.0,0.0,10000
1,23,50,464.703210963289,274,0.0,9997
1,23,51,298.9496,272.0,0.0,10000
1,23,52,303.7074,266.0,0.0,10000
1,23,53,300.7656,272.0,0.0,10000
1,23,54,291.6234,266.0,0.0,10000
1,23,55,305.36913691369136,280,0.0,9999
1,23,56,297.942,272.0,0.0,10000
1,23,57,333.6876,272.0,0.0,10000
1,23,58,304.9248,266.0,0.0,10000
1,23,59,304.26,280.0,0.0,10000
1,23,60,326.8934,272.0,0.0,10000
1,23,61,291.7276,272.0,0.0,10000
1,23,62,288.2288228822882,266,0.0,9999
1,23,63,298.9380938093809,272,0.0,9999
1,23,64,292.308,272.0,0.0,10000
1,23,65,294.36443644364437,272,0.0,9999
1,23,66,301.8978,272.0,0.0,10000
1,23,67,305.54070814162833,280.0,0.0,9998
1,23,68,297.8883888388839,266,0.0,9999
1,23,69,297.0078,272.0,0.0,10000
1,23,70,299.2146,272.0,0.0,10000
1,23,71,301.1496,280.0,0.0,10000
1,23,72,305.2422,272.0,0.0,10000
1,23,73,302.1576,280.0,0.0,10000
1,23,74,297.4076,266.0,0.0,10000
1,23,75,289.6066,266.0,0.0,10000
1,23,76,299.6666,266.0,0.0,10000
1,23,77,295.6111222244449,272.0,0.0,9998
1,23,78,310.7342734273427,280,0.0,9999
1,23,79,282.2794,266.0,0.0,10000
1,23,80,303.2,266.0,0.0,10000
1,23,81,302.0628062806281,272,0.0,9999
1,23,82,297.7737547509502,280.0,0.0,9998
1,23,83,306.322,266.0,0.0,10000
1,23,84,304.2524,274.0,0.0,10000
1,23,85,300.8744874487449,266,0.0,9999
1,23,86,307.0378,272.0,0.0,10000
1,23,87,297.86158615861586,272,0.0,9999
1,23,88,308.641,272.0,0.0,10000
1,23,89,308.4820482048205,272,0.0,9999
1,23,90,304.8658,272.0,0.0,10000
1,23,91,299.5171517151715,272,0.0,9999
1,23,92,295.2502,272.0,0.0,10000
1,23,93,312.7488,282.0,0.0,10000
1,23,94,299.9522,272.0,0.0,10000
1,23,95,294.4551365409623,274,0.0,9997
1,23,96,307.81674502350705,272,0.0,9997
1,23,97,298.17961796179617,266,0.0,9999
1,23,98,454.64518711226737,274.0,0.0,9994
1,23,99,305.8556,266.0,0.0,10000
1,24,0,616.6543926355813,706.0,0.0,9994
1,24,1,298.6988,266.0,0.0,10000
1,24,2,294.8368,280.0,0.0,10000
1,24,3,289.2148,266.0,0.0,10000
1,24,4,302.1722,272.0,0.0,10000
1,24,5,283.3849384938494,266,0.0,9999
1,24,6,283.43494349434945,266,0.0,9999
1,24,7,299.6368,266.0,0.0,10000
1,24,8,295.1964392878576,266.0,0.0,9998
1,24,9,287.96339633963396,266,0.0,9999
1,24,10,295.4706,266.0,0.0,10000
1,24,11,283.97599759976,266,0.0,9999
1,24,12,300.7494,266.0,0.0,10000
1,24,13,285.1284,266.0,0.0,10000
1,24,14,505.02230223022303,274,0.0,9999
1,24,15,330.43152945883764,272,0.0,9997
1,24,16,527.0794158831766,276.0,0.0,9998
1,24,17,293.5506,272.0,0.0,10000
1,24,18,295.5202,272.0,0.0,10000
1,24,19,294.5016501650165,266,0.0,9999
1,24,20,317.3008,266.0,0.0,10000
1,24,21,291.7113711371137,272,0.0,9999
1,24,22,304.3632,272.0,0.0,10000
1,24,23,294.602,266.0,0.0,10000
1,24,24,298.0532,272.0,0.0,10000
1,24,25,301.0588,272.0,0.0,10000
1,24,26,417.8667600280084,266,0.0,9997
1,24,27,292.155,272.0,0.0,10000
1,24,28,305.0424,280.0,0.0,10000
1,24,29,306.75667566756675,272,0.0,9999
1,24,30,294.41628325665135,266.0,0.0,9998
1,24,31,291.65536553655363,266,0.0,9999
1,24,32,531.7112845138055,442.0,0.0,9996
1,24,33,303.154,280.0,0.0,10000
1,24,34,305.5037503750375,282,0.0,9999
1,24,35,293.6894,266.0,0.0,10000
1,24,36,302.5692,266.0,0.0,10000
1,24,37,301.882,272.0,0.0,10000
1,24,38,305.0286,272.0,0.0,10000
1,24,39,299.2376,272.0,0.0,10000
1,24,40,284.9728,266.0,0.0,10000
1,24,41,303.04450445044506,266,0.0,9999
1,24,42,290.7006,266.0,0.0,10000
1,24,43,293.0885088508851,266,0.0,9999
1,24,44,303.8731873187319,272,0.0,9999
1,24,45,303.6122,272.0,0.0,10000
1,24,46,638.50100040016,698.0,0.0,9996
1,24,47,293.93079307930793,272,0.0,9999
1,24,48,309.3594,272.0,0.0,10000
1,24,49,284.5828,264.0,0.0,10000
1,24,50,303.85638563856384,280,0.0,9999
1,24,51,295.7733773377338,266,0.0,9999
1,24,52,390.1384,272.0,0.0,10000
1,24,53,295.70354070814165,266.0,0.0,9998
1,24,54,307.4674,280.0,0.0,10000
1,24,55,289.6333633363336,266,0.0,9999
1,24,56,292.7008700870087,272,0.0,9999
1,24,57,294.2554,266.0,0.0,10000
1,24,58,296.48804880488046,266,0.0,9999
1,24,59,296.8918,272.0,0.0,10000
1,24,60,309.5757151430286,280.0,0.0,9998
1,24,61,290.1005206247497,258.0,0.0,9988
1,24,62,298.7218,272.0,0.0,10000
1,24,63,299.25372537253725,272,0.0,9999
1,24,64,301.36827365473096,266.0,0.0,9998
1,24,65,321.46901591750924,282,0.0,9989
1,24,66,296.1340536214486,264.0,0.0,9996
1,24,67,446.38467693538706,274.0,0.0,9998
1,24,68,291.9063906390639,272,0.0,9999
1,24,69,302.0128,266.0,0.0,10000
1,24,70,297.3796,266.0,0.0,10000
1,24,71,400.0936,266.0,0.0,10000
1,24,72,287.427,266.0,0.0,10000
1,24,73,289.596,266.0,0.0,10000
1,24,74,292.8044,272.0,0.0,10000
1,24,75,289.9676,266.0,0.0,10000
1,24,76,329.6624,282.0,0.0,10000
1,24,77,302.1354135413541,266,0.0,9999
1,24,78,298.7872,272.0,0.0,10000
1,24,79,300.4832,272.0,0.0,10000
1,24,80,303.149,272.0,0.0,10000
1,24,81,313.0536,272.0,0.0,10000
1,24,82,299.478,272.0,0.0,10000
1,24,83,301.26072607260727,266,0.0,9999
1,24,84,309.1124,274.0,0.0,10000
1,24,85,642.5112556278139,696,0.0,9995
1,24,86,302.6146,272.0,0.0,10000
1,24,87,299.6858,266.0,0.0,10000
1,24,88,473.2422,268.0,0.0,10000
1,24,89,297.76817681768176,266,0.0,9999
1,24,90,288.9092909290929,266,0.0,9999
1,24,91,301.74977497749774,272,0.0,9999
1,24,92,297.1063106310631,272,0.0,9999
1,24,93,297.1505150515051,272,0.0,9999
1,24,94,610.2279367620572,702.0,0.0,9994
1,24,95,304.971,280.0,0.0,10000
1,24,96,298.14244273281986,266,0.0,9997
1,24,97,296.3424,272.0,0.0,10000
1,24,98,294.2192219221922,266,0.0,9999
1,24,99,302.8034803480348,272,0.0,9999
1,25,0,290.75647564756474,266,0.0,9999
1,25,1,303.8171817181718,272,0.0,9999
1,25,2,295.759,266.0,0.0,10000
1,25,3,300.45,272.0,0.0,10000
1,25,4,300.4056405640564,272,0.0,9999
1,25,5,302.6182,274.0,0.0,10000
1,25,6,298.0314,272.0,0.0,10000
1,25,7,291.3075307530753,266,0.0,9999
1,25,8,293.8465846584659,266,0.0,9999
1,25,9,285.998,266.0,0.0,10000
1,25,10,293.461,272.0,0.0,10000
1,25,11,601.2725272527252,702,0.0,9999
1,25,12,295.52795279527953,266,0.0,9999
1,25,13,289.0801080108011,266,0.0,9999
1,25,14,292.2206,272.0,0.0,10000
1,25,15,299.7566,272.0,0.0,10000
1,25,16,312.55745574557454,272,0.0,9999
1,25,17,306.5032,272.0,0.0,10000
1,25,18,312.2962,274.0,0.0,10000
1,25,19,302.897,272.0,0.0,10000
1,25,20,313.84358435843586,272,0.0,9999
1,25,21,292.25782578257827,272,0.0,9999
1,25,22,300.608,274.0,0.0,10000
1,25,23,280.47464746474645,266,0.0,9999
1,25,24,739.0277138569285,784,0.0,9995
1,25,25,301.75297529752976,274,0.0,9999
1,25,26,295.0006,266.0,0.0,10000
1,25,27,290.072,266.0,0.0,10000
1,25,28,291.3582,272.0,0.0,10000
1,25,29,311.33306661332267,274.0,0.0,9998
1,25,30,288.35383538353835,266,0.0,9999
1,25,31,286.6916,266.0,0.0,10000
1,25,32,308.8730873087309,272,0.0,9999
1,25,33,304.058,274.0,0.0,10000
1,25,34,288.4412,266.0,0.0,10000
1,25,35,293.4896979395879,266.0,0.0,9998
1,25,36,303.864,272.0,0.0,10000
1,25,37,301.1111111111111,266,0.0,9999
1,25,38,295.404,266.0,0.0,10000
1,25,39,291.2658,272.0,0.0,10000
1,25,40,285.46734673467347,272,0.0,9999
1,25,41,398.7938793879388,274,0.0,9999
1,25,42,695.8919567827131,768.0,0.0,9996
1,25,43,311.4392878575715,272.0,0.0,9998
1,25,44,620.622524504901,698.0,0.0,9998
1,25,45,709.8047023511756,792,0.0,9995
1,25,46,295.8995899589959,266,0.0,9999
1,25,47,812.4586752051231,794.0,0.0,9994
1,25,48,311.9318,272.0,0.0,10000
1,25,49,296.9284928492849,272,0.0,9999
1,25,50,313.41628325665135,272.0,0.0,9998
1,25,51,301.05490549054906,272,0.0,9999
1,25,52,299.8042,266.0,0.0,10000
1,25,53,732.0520104020804,800.0,0.0,9998
1,25,54,295.3677367736774,272,0.0,9999
1,25,55,696.6373274654931,796.0,0.0,9998
1,25,56,302.4358,274.0,0.0,10000
1,25,57,303.0028,266.0,0.0,10000
1,25,58,676.4576288144073,690,0.0,9995
1,25,59,301.3788,266.0,0.0,10000
1,25,60,297.3069306930693,266,0.0,9999
1,25,61,299.08910891089107,272,0.0,9999
1,25,62,663.2307692307693,772,0.0,9997
1,25,63,291.45954595459546,266,0.0,9999
1,25,64,294.05681136227247,266.0,0.0,9998
1,25,65,297.1811181118112,266,0.0,9999
1,25,66,303.8067806780678,274,0.0,9999
1,25,67,588.7630578347008,674.0,0.0,9994
1,25,68,472.2758827648295,268,0.0,9997
1,25,69,296.5874587458746,266,0.0,9999
1,25,70,294.3164316431643,274,0.0,9999
1,25,71,285.9293929392939,266,0.0,9999
1,25,72,744.3572357235723,770,0.0,9999
1,25,73,299.43554355435543,266,0.0,9999
1,25,74,720.2304230423042,788,0.0,9999
1,25,75,290.7182718271827,266,0.0,9999
1,25,76,300.9082,280.0,0.0,10000
1,25,77,293.4342868573715,272.0,0.0,9998
1,25,78,304.7770777077708,272,0.0,9999
1,25,79,581.0105094585126,676,0.0,9991
1,25,80,708.8611722344469,782.0,0.0,9998
1,25,81,301.15163032606523,266.0,0.0,9998
1,25,82,310.6885377075415,274.0,0.0,9998
1,25,83,296.00200020002,272,0.0,9999
1,25,84,305.2728,266.0,0.0,10000
1,25,85,295.6896,272.0,0.0,10000
1,25,86,576.1462877726636,571.0,0.0,9994
1,25,87,294.0786,266.0,0.0,10000
1,25,88,295.3083308330833,272,0.0,9999
1,25,89,603.7195719571957,694,0.0,9999
1,25,90,291.1307130713071,272,0.0,9999
1,25,91,740.2616523304661,774.0,0.0,9998
1,25,92,300.0196,272.0,0.0,10000
1,25,93,716.4516064458012,792,0.0,9991
1,25,94,724.0582058205821,752,0.0,9999
1,25,95,294.233,266.0,0.0,10000
1,25,96,442.89066720016007,268,0.0,9997
1,25,97,287.0882,266.0,0.0,10000
1,25,98,311.4466,280.0,0.0,10000
1,25,99,291.2678,266.0,0.0,10000
1,26,0,284.8840884088409,266,0.0,9999
1,26,1,286.2528,266.0,0.0,10000
1,26,2,313.7206,280.0,0.0,10000
1,26,3,281.65873174634925,266.0,0.0,9998
1,26,4,284.7216,266.0,0.0,10000
1,26,5,685.334400320096,778,0.0,9997
1,26,6,306.16723344668935,280.0,0.0,9998
1,26,7,302.794,272.0,0.0,10000
1,26,8,742.7819473631542,790,0.0,9993
1,26,9,299.0098,272.0,0.0,10000
1,26,10,313.371,272.0,0.0,10000
1,26,11,298.62872574514904,266.0,0.0,9998
1,26,12,298.95,272.0,0.0,10000
1,26,13,296.3008300830083,266,0.0,9999
1,26,14,736.3170951285385,762,0.0,9997
1,26,15,307.066,272.0,0.0,10000
1,26,16,290.3994,272.0,0.0,10000
1,26,17,600.9077815563113,680.0,0.0,9998
1,26,18,304.994499449945,272,0.0,9999
1,26,19,302.8132813281328,272,0.0,9999
1,26,20,298.53365336533653,280,0.0,9999
1,26,21,634.9388,780.0,0.0,10000
1,26,22,754.9830949284785,792,0.0,9997
1,26,23,292.702410723217,272,0.0,9997
1,26,24,292.3734,266.0,0.0,10000
1,26,25,747.1829182918292,792,0.0,9999
1,26,26,690.5422168867547,796.0,0.0,9996
1,26,27,776.5681136227246,786.0,0.0,9998
1,26,28,301.8409522856857,272,0.0,9997
1,26,29,309.8616,274.0,0.0,10000
1,26,30,319.402,272.0,0.0,10000
1,26,31,288.4434,266.0,0.0,10000
1,26,32,291.22712271227124,266,0.0,9999
1,26,33,332.6644657863145,282.0,0.0,9996
1,26,34,310.1698,272.0,0.0,10000
1,26,35,313.8612,266.0,0.0,10000
1,26,36,811.9671835917959,782,0.0,9995
1,26,37,307.8358,272.0,0.0,10000
1,26,38,301.562,266.0,0.0,10000
1,26,39,295.7347469493899,272.0,0.0,9998
1,26,40,292.7082,266.0,0.0,10000
1,26,41,294.5447089417884,266.0,0.0,9998
1,26,42,293.5406,266.0,0.0,10000
1,26,43,289.4268,266.0,0.0,10000
1,26,44,303.3432,266.0,0.0,10000
1,26,45,302.8816,272.0,0.0,10000
1,26,46,292.4186,266.0,0.0,10000
1,26,47,291.04050405040505,266,0.0,9999
1,26,48,291.5108,266.0,0.0,10000
1,26,49,300.0912,272.0,0.0,10000
1,26,50,732.0666,754.0,0.0,10000
1,26,51,300.6134,272.0,0.0,10000
1,26,52,707.8621862186219,760,0.0,9999
1,26,53,287.0178,266.0,0.0,10000
1,26,54,307.95859585958596,272,0.0,9999
1,26,55,286.227,266.0,0.0,10000
1,26,56,292.3408,266.0,0.0,10000
1,26,57,751.6002,778.0,0.0,10000
1,26,58,305.5897589758976,272,0.0,9999
1,26,59,742.3866386638664,766,0.0,9999
1,26,60,284.4076407640764,266,0.0,9999
1,26,61,293.51775177517754,272,0.0,9999
1,26,62,710.9722,754.0,0.0,10000
1,26,63,570.7508252475743,684,0.0,9997
1,26,64,291.6966,266.0,0.0,10000
1,26,65,295.4258851770354,266.0,0.0,9998
1,26,66,815.188275310124,802.0,0.0,9996
1,26,67,284.5997799339802,266,0.0,9997
1,26,68,290.3964792958592,266.0,0.0,9998
1,26,69,296.1732,272.0,0.0,10000
1,26,70,539.4250850170034,276.0,0.0,9998
1,26,71,323.7199719971997,272,0.0,9999
1,26,72,624.7957591518303,699.0,0.0,9998
1,26,73,305.2911291129113,272,0.0,9999
1,26,74,757.8734987990392,796.0,0.0,9992
1,26,75,369.04510451045104,274,0.0,9999
1,26,76,293.5409540954095,266,0.0,9999
1,26,77,350.534,280.0,0.0,10000
1,26,78,292.49349869974,266.0,0.0,9998
1,26,79,313.8416,272.0,0.0,10000
1,26,80,682.5009502850855,788,0.0,9997
1,26,81,344.32443244324435,266,0.0,9999
1,26,82,765.0846677341874,802.0,0.0,9992
1,26,83,314.472,272.0,0.0,10000
1,26,84,742.7034,770.0,0.0,10000
1,26,85,294.6072607260726,266,0.0,9999
1,26,86,311.67836783678365,274,0.0,9999
1,26,87,295.4418883776755,266.0,0.0,9998
1,26,88,296.4626,266.0,0.0,10000
1,26,89,292.70874174834967,266.0,0.0,9998
1,26,90,321.6978,272.0,0.0,10000
1,26,91,311.7492,272.0,0.0,10000
1,26,92,722.8305661132226,780.0,0.0,9998
1,26,93,306.915,272.0,0.0,10000
1,26,94,727.2153215321532,754,0.0,9999
1,26,95,318.096,272.0,0.0,10000
1,26,96,282.92407722316693,266,0.0,9997
1,26,97,330.0722,280.0,0.0,10000
1,26,98,287.4541454145415,266,0.0,9999
1,26,99,358.6316,266.0,0.0,10000
1,27,0,334.1144,282.0,0.0,10000
1,27,1,337.191,272.0,0.0,10000
1,27,2,564.9612806403202,606,0.0,9995
1,27,3,307.1948,272.0,0.0,10000
1,27,4,317.807,272.0,0.0,10000
1,27,5,772.1538461538462,782,0.0,9997
1,27,6,744.4396439643964,788,0.0,9999
1,27,7,304.7238723872387,272,0.0,9999
1,27,8,390.2326,266.0,0.0,10000
1,27,9,754.9474947494749,784,0.0,9999
1,27,10,286.39,266.0,0.0,10000
1,27,11,289.9863972794559,272.0,0.0,9998
1,27,12,301.54035403540354,266,0.0,9999
1,27,13,301.63796379637967,266,0.0,9999
1,27,14,301.35533553355333,266,0.0,9999
1,27,15,800.6296296296297,800.0,0.0,9990
1,27,16,310.982098209821,272,0.0,9999
1,27,17,329.33193319331934,272,0.0,9999
1,27,18,325.3189956987096,272,0.0,9997
1,27,19,757.4677467746775,774,0.0,9999
1,27,20,362.6314631463146,280,0.0,9999
1,27,21,343.4512902580516,272.0,0.0,9998
1,27,22,306.1812181218122,272,0.0,9999
1,27,23,289.7158,272.0,0.0,10000
1,27,24,733.7343202960889,772,0.0,9997
1,27,25,299.13471347134714,272,0.0,9999
1,27,26,310.9816,272.0,0.0,10000
1,27,27,781.7259533580223,780,0.0,9991
1,27,28,304.2658,274.0,0.0,10000
1,27,29,303.222,272.0,0.0,10000
1,27,30,775.8627862786278,786,0.0,9999
1,27,31,737.4609460946094,778,0.0,9999
1,27,32,734.4424442444245,756,0.0,9999
1,27,33,293.5897589758976,266,0.0,9999
1,27,34,350.8465386154462,282.0,0.0,9996
1,27,35,729.3352,750.0,0.0,10000
1,27,36,307.10502100420086,272.0,0.0,9998
1,27,37,292.8068,266.0,0.0,10000
1,27,38,295.1088,266.0,0.0,10000
1,27,39,466.6906690669067,282,0.0,9999
1,27,40,308.2022,274.0,0.0,10000
1,27,41,763.2870296236989,802.0,0.0,9992
1,27,42,792.5333066613323,790.0,0.0,9998
1,27,43,371.08530853085307,272,0.0,9999
1,27,44,694.2230446089218,786.0,0.0,9998
1,27,45,751.1214,764.0,0.0,10000
1,27,46,301.9778,266.0,0.0,10000
1,27,47,301.1782,272.0,0.0,10000
1,27,48,296.6704670467047,272,0.0,9999
1,27,49,335.6297629762976,266,0.0,9999
1,27,50,325.4038,272.0,0.0,10000
1,27,51,296.9498,266.0,0.0,10000
1,27,52,308.7098709870987,272,0.0,9999
1,27,53,321.7794,272.0,0.0,10000
1,27,54,735.6874,766.0,0.0,10000
1,27,55,293.538,266.0,0.0,10000
1,27,56,292.0464,266.0,0.0,10000
1,27,57,290.84508450845084,266,0.0,9999
1,27,58,302.3738,272.0,0.0,10000
1,27,59,293.7586,266.0,0.0,10000
1,27,60,303.5894,272.0,0.0,10000
1,27,61,289.3736,266.0,0.0,10000
1,27,62,549.9099639855942,448.0,0.0,9996
1,27,63,314.16241624162416,274,0.0,9999
1,27,64,315.6764,266.0,0.0,10000
1,27,65,310.002,266.0,0.0,10000
1,27,66,716.0394,736.0,0.0,10000
1,27,67,770.8564856485649,770,0.0,9999
1,27,68,315.1133113311331,272,0.0,9999
1,27,69,307.1753175317532,272,0.0,9999
1,27,70,299.6252,266.0,0.0,10000
1,27,71,439.6707012103631,280,0.0,9997
1,27,72,288.6376,266.0,0.0,10000
1,27,73,750.9400940094009,774,0.0,9999
1,27,74,750.0804080408041,770,0.0,9999
1,27,75,746.5050525262632,770,0.0,9995
1,27,76,295.9548,272.0,0.0,10000
1,27,77,460.06685348278626,276.0,0.0,9992
1,27,78,812.1556778389195,800,0.0,9995
1,27,79,296.2496249624962,266,0.0,9999
1,27,80,290.1438143814381,266,0.0,9999
1,27,81,290.6534,272.0,0.0,10000
1,27,82,337.04971491447435,272,0.0,9997
1,27,83,304.75847584758475,266,0.0,9999
1,27,84,379.73777377737775,272,0.0,9999
1,27,85,307.8202,272.0,0.0,10000
1,27,86,756.0758075807581,760,0.0,9999
1,27,87,749.9299859971994,782.0,0.0,9998
1,27,88,312.7282,266.0,0.0,10000
1,27,89,337.94438887777557,272.0,0.0,9998
1,27,90,365.3932179653896,274,0.0,9997
1,27,91,744.2608260826082,762,0.0,9999
1,27,92,325.2925292529253,274,0.0,9999
1,27,93,488.10503150945283,276,0.0,9997
1,27,94,294.4496,266.0,0.0,10000
1,27,95,315.5667566756676,272,0.0,9999
1,27,96,684.2848284828483,762,0.0,9999
1,27,97,307.7131713171317,272,0.0,9999
1,27,98,728.4766,744.0,0.0,10000
1,27,99,723.6421642164216,734,0.0,9999
1,28,0,294.1658165816582,266,0.0,9999
1,28,1,363.44894489448944,274,0.0,9999
1,28,2,461.45189037807563,276.0,0.0,9998
1,28,3,739.3821382138213,754,0.0,9999
1,28,4,725.7169716971697,756,0.0,9999
1,28,5,315.8151815181518,266,0.0,9999
1,28,6,322.93989398939897,266,0.0,9999
1,28,7,750.747949589918,770.0,0.0,9998
1,28,8,551.4242272681804,684,0.0,9997
1,28,9,757.5915591559155,776,0.0,9999
1,28,10,754.4182418241825,772,0.0,9999
1,28,11,489.1211121112111,282,0.0,9999
1,28,12,758.5470547054706,774,0.0,9999
1,28,13,390.0886,274.0,0.0,10000
1,28,14,337.2686,272.0,0.0,10000
1,28,15,296.3922,266.0,0.0,10000
1,28,16,756.7151430286057,788.0,0.0,9998
1,28,17,376.54845484548457,274,0.0,9999
1,28,18,797.4925462731366,808,0.0,9995
1,28,19,355.8865773154631,272.0,0.0,9998
1,28,20,410.663,274.0,0.0,10000
1,28,21,323.314,272.0,0.0,10000
1,28,22,351.74354870974196,272.0,0.0,9998
1,28,23,533.0696139227846,666.0,0.0,9998
1,28,24,334.5150515051505,272,0.0,9999
1,28,25,765.8907781556311,786.0,0.0,9998
1,28,26,338.3666733346669,272.0,0.0,9998
1,28,27,352.11201120112014,272,0.0,9999
1,28,28,663.1924,682.0,0.0,10000
1,28,29,411.868773754751,274.0,0.0,9998
1,28,30,322.788,266.0,0.0,10000
1,28,31,692.5779155831166,782.0,0.0,9998
1,28,32,748.4104,784.0,0.0,10000
1,28,33,310.387,266.0,0.0,10000
1,28,34,596.0260156093656,632.0,0.0,9994
1,28,35,750.7922376713013,766,0.0,9997
1,28,36,377.4065406540654,266,0.0,9999
1,28,37,322.64452890578116,266.0,0.0,9998
1,28,38,373.9407881576315,266.0,0.0,9998
1,28,39,321.2382,266.0,0.0,10000
1,28,40,301.6806,266.0,0.0,10000
1,28,41,337.4794958991798,272.0,0.0,9998
1,28,42,343.1574,266.0,0.0,10000
1,28,43,480.4104873411388,266,0.0,9993
1,28,44,395.4208525115069,274.0,0.0,9994
1,28,45,333.3996,266.0,0.0,10000
1,28,46,326.6118,266.0,0.0,10000
1,28,47,346.05100510051005,272,0.0,9999
1,28,48,764.9802,778.0,0.0,10000
1,28,49,398.3188637727545,274.0,0.0,9998
1,28,50,441.44034403440344,274,0.0,9999
1,28,51,386.8871774354871,272.0,0.0,9998
1,28,52,347.90798159631925,266.0,0.0,9998
1,28,53,315.2731273127313,266,0.0,9999
1,28,54,296.3182318231823,266,0.0,9999
1,28,55,390.9098909890989,272,0.0,9999
1,28,56,403.6416,266.0,0.0,10000
1,28,57,658.4884,676.0,0.0,10000
1,28,58,749.6722,776.0,0.0,10000
1,28,59,683.0618123624726,792.0,0.0,9998
1,28,60,716.001400140014,702,0.0,9999
1,28,61,401.96919691969197,274,0.0,9999
1,28,62,306.025802580258,266,0.0,9999
1,28,63,764.918091809181,782,0.0,9999
1,28,64,775.8637591277384,798,0.0,9997
1,28,65,449.50900360144055,274.0,0.0,9996
1,28,66,777.777133139942,788,0.0,9997
1,28,67,750.6308,776.0,0.0,10000
1,28,68,486.2839419709855,282,0.0,9995
1,28,69,316.3722,266.0,0.0,10000
1,28,70,468.8143257302921,280.0,0.0,9996
1,28,71,307.1456,266.0,0.0,10000
1,28,72,414.15581558155816,280,0.0,9999
1,28,73,414.987498749875,272,0.0,9999
1,28,74,495.591995997999,274,0.0,9995
1,28,75,337.7644,266.0,0.0,10000
1,28,76,509.3158579289645,282,0.0,9995
1,28,77,759.0338,776.0,0.0,10000
1,28,78,302.4788478847885,266,0.0,9999
1,28,79,294.22184436887375,266.0,0.0,9998
1,28,80,309.8254,272.0,0.0,10000
1,28,81,546.4839935974389,313.0,0.0,9996
1,28,82,723.1461438431529,804,0.0,9997
1,28,83,366.0932093209321,272,0.0,9999
1,28,84,761.1124,774.0,0.0,10000
1,28,85,377.62616261626164,272,0.0,9999
1,28,86,349.9464,280.0,0.0,10000
1,28,87,564.481344403321,676,0.0,9997
1,28,88,473.53812287372426,274.0,0.0,9994
1,28,89,501.42102630789236,276,0.0,9997
1,28,90,716.9478,734.0,0.0,10000
1,28,91,737.4256851370274,756.0,0.0,9998
1,28,92,391.0929092909291,266,0.0,9999
1,28,93,630.2180654196259,694,0.0,9997
1,28,94,342.9136,266.0,0.0,10000
1,28,95,771.3888777755551,806.0,0.0,9998
1,28,96,361.44274427442747,272,0.0,9999
1,28,97,748.8648864886488,766,0.0,9999
1,28,98,314.9355871174235,274.0,0.0,9998
1,28,99,761.2291687506251,788,0.0,9997
1,29,0,360.2106,272.0,0.0,10000
1,29,1,299.6514,266.0,0.0,10000
1,29,2,422.6818681868187,274,0.0,9999
1,29,3,615.1351405421626,758,0.0,9997
1,29,4,653.7510257180026,788,0.0,9993
1,29,5,716.8750875087509,726,0.0,9999
1,29,6,401.1508301660332,274.0,0.0,9998
1,29,7,612.9306514560192,658,0.0,9993
1,29,8,357.35573557355735,272,0.0,9999
1,29,9,393.3723372337234,272,0.0,9999
1,29,10,351.7781778177818,272,0.0,9999
1,29,11,411.630489146744,266,0.0,9997
1,29,12,287.322,266.0,0.0,10000
1,29,13,651.8645593678103,772,0.0,9997
1,29,14,730.1162116211622,740,0.0,9999
1,29,15,705.483,742.0,0.0,10000
1,29,16,389.5642256902761,272.0,0.0,9996
1,29,17,403.3229322932293,266,0.0,9999
1,29,18,390.3879163749125,266,0.0,9997
1,29,19,511.77390956382555,274.0,0.0,9996
1,29,20,698.7830783078308,726,0.0,9999
1,29,21,442.10443132939884,274,0.0,9997
1,29,22,378.28651460584234,266.0,0.0,9996
1,29,23,498.71903141885133,276.0,0.0,9994
1,29,24,613.9725945189037,700.0,0.0,9998
1,29,25,493.66399839903943,274.0,0.0,9994
1,29,26,525.3402020606181,272,0.0,9997
1,29,27,392.6644,274.0,0.0,10000
1,29,28,729.5900360144058,798.0,0.0,9996
1,29,29,561.0231161813269,580,0.0,9993
1,29,30,527.5328,276.0,0.0,10000
1,29,31,741.0492,768.0,0.0,10000
1,29,32,753.6563656365637,772,0.0,9999
1,29,33,690.5442176870748,796.0,0.0,9996
1,29,34,697.1861186118612,738,0.0,9999
1,29,35,720.785,756.0,0.0,10000
1,29,36,413.4244273281985,272,0.0,9997
1,29,37,307.7046,266.0,0.0,10000
1,29,38,378.099,266.0,0.0,10000
1,29,39,711.4258851770354,718.0,0.0,9998
1,29,40,425.9468,274.0,0.0,10000
1,29,41,526.8421684336868,288.0,0.0,9998
1,29,42,321.907,266.0,0.0,10000
1,29,43,330.3460692138428,266.0,0.0,9998
1,29,44,715.6109610961096,756,0.0,9999
1,29,45,469.71414282856574,274.0,0.0,9998
1,29,46,306.5076,266.0,0.0,10000
1,29,47,540.3463038911674,346,0.0,9997
1,29,48,365.0204,272.0,0.0,10000
1,29,49,721.3079307930793,744,0.0,9999
1,29,50,732.1136568284142,800,0.0,9995
1,29,51,783.4025012506253,792,0.0,9995
1,29,52,415.323,272.0,0.0,10000
1,29,53,449.8353835383538,274,0.0,9999
1,29,54,711.2456,744.0,0.0,10000
1,29,55,673.4022206661998,784,0.0,9997
1,29,56,520.7232169650895,276,0.0,9997
1,29,57,401.4738947789558,272.0,0.0,9998
1,29,58,370.982898289829,266,0.0,9999
1,29,59,504.65532766383194,276,0.0,9995
1,29,60,719.3301330133013,746,0.0,9999
1,29,61,569.3577430972389,376.0,0.0,9996
1,29,62,688.0590354212527,788.0,0.0,9994
1,29,63,433.4627313656828,274,0.0,9995
1,29,64,451.53455345534553,274,0.0,9999
1,29,65,538.0766,268.0,0.0,10000
1,29,66,745.5985598559856,752,0.0,9999
1,29,67,690.6812,726.0,0.0,10000
1,29,68,498.34463446344637,276,0.0,9999
1,29,69,480.1996199619962,266,0.0,9999
1,29,70,571.1654157910538,594,0.0,9993
1,29,71,485.4245424542454,274,0.0,9999
1,29,72,303.4336,266.0,0.0,10000
1,29,73,748.0138,764.0,0.0,10000
1,29,74,470.24294576746047,274.0,0.0,9994
1,29,75,365.1874,274.0,0.0,10000
1,29,76,501.0530106021204,276.0,0.0,9998
1,29,77,422.1854185418542,266,0.0,9999
1,29,78,365.3956,266.0,0.0,10000
1,29,79,525.3791516606643,654.0,0.0,9996
1,29,80,458.9029805961192,282.0,0.0,9998
1,29,81,689.4238847769554,790.0,0.0,9998
1,29,82,738.9822,752.0,0.0,10000
1,29,83,413.53030606121223,272.0,0.0,9998
1,29,84,580.4801920768307,700.0,0.0,9996
1,29,85,364.95728718615584,266,0.0,9997
1,29,86,664.7588070456366,796.0,0.0,9992
1,29,87,480.86886065819743,266,0.0,9997
1,29,88,560.2240448089618,684.0,0.0,9998
1,29,89,703.5247049409882,788.0,0.0,9998
1,29,90,520.3100930279084,268,0.0,9997
1,29,91,415.019901990199,274,0.0,9999
1,29,92,718.4804480448045,748,0.0,9999
1,29,93,696.9532766383192,790,0.0,9995
1,29,94,440.42244224422444,274,0.0,9999
1,29,95,718.9304930493049,738,0.0,9999
1,29,96,581.1831549464839,664,0.0,9997
1,29,97,680.998899669901,792,0.0,9997
1,29,98,447.6988,266.0,0.0,10000
1,29,99,496.95508652595777,282,0.0,9997
1,30,0,524.7139427885577,276.0,0.0,9998
1,30,1,705.0644128825766,744.0,0.0,9998
1,30,2,696.999899949975,776,0.0,9995
1,30,3,514.1312656328164,268,0.0,9995
1,30,4,737.6568970691208,746,0.0,9997
1,30,5,645.7309461892379,692.0,0.0,9998
1,30,6,650.8959791958391,728.0,0.0,9998
1,30,7,521.1199359807943,404,0.0,9997
1,30,8,661.0439131739522,792,0.0,9997
1,30,9,675.3222,698.0,0.0,10000
1,30,10,684.8594859485949,728,0.0,9999
1,30,11,745.7372949179672,780.0,0.0,9996
1,30,12,710.1816181618162,726,0.0,9999
1,30,13,412.11622324464895,274.0,0.0,9998
1,30,14,505.5670701210363,276,0.0,9997
1,30,15,455.6617661766177,274,0.0,9999
1,30,16,746.377275455091,760.0,0.0,9998
1,30,17,523.3112622524505,446.0,0.0,9998
1,30,18,519.5499749874938,278,0.0,9995
1,30,19,595.6393278655731,706.0,0.0,9998
1,30,20,597.884576915383,692.0,0.0,9998
1,30,21,538.7823564712943,454.0,0.0,9998
1,30,22,719.5917141999399,794,0.0,9993
1,30,23,680.7046,702.0,0.0,10000
1,30,24,600.0516154846454,700,0.0,9997
1,30,25,416.33843384338434,274,0.0,9999
1,30,26,787.2631789536861,788,0.0,9997
1,30,27,652.793,668.0,0.0,10000
1,30,28,629.1928,768.0,0.0,10000
1,30,29,621.3749624737316,766,0.0,9993
1,30,30,762.1032412965186,776.0,0.0,9996
1,30,31,689.2467246724673,712,0.0,9999
1,30,32,691.4948,796.0,0.0,10000
1,30,33,710.7316926770708,782.0,0.0,9996
1,30,34,402.026,272.0,0.0,10000
1,30,35,646.063,676.0,0.0,10000
1,30,36,714.9604881464439,798,0.0,9997
1,30,37,586.967096709671,686,0.0,9999
1,30,38,615.4676402920876,676,0.0,9997
1,30,39,712.7048704870487,730,0.0,9999
1,30,40,603.5687137427485,694.0,0.0,9998
1,30,41,712.4362436243624,718,0.0,9999
1,30,42,672.5204163330665,776.0,0.0,9992
1,30,43,643.107975582908,706,0.0,9993
1,30,44,642.0280084025208,774,0.0,9997
1,30,45,523.0264052810562,620.0,0.0,9998
1,30,46,575.00100020004,686.0,0.0,9998
1,30,47,522.9170419293505,456,0.0,9993
1,30,48,635.6090827248174,694,0.0,9997
1,30,49,490.5244,344.0,0.0,10000
1,30,50,777.0758303321329,794.0,0.0,9996
1,30,51,705.0681068106811,716,0.0,9999
1,30,52,527.6081648989393,268.0,0.0,9994
1,30,53,731.889566870061,784,0.0,9997
1,30,54,647.669100730219,780,0.0,9997
1,30,55,723.8443844384439,734,0.0,9999
1,30,56,736.4835934373749,788.0,0.0,9996
1,30,57,704.8254476342903,778,0.0,9997
1,30,58,686.6800680068006,790,0.0,9999
1,30,59,696.79,718.0,0.0,10000
1,30,60,685.1475147514751,780,0.0,9999
1,30,61,685.5816,730.0,0.0,10000
1,30,62,467.28612861286126,268,0.0,9999
1,30,63,622.4442221110555,694,0.0,9995
1,30,64,699.4714,730.0,0.0,10000
1,30,65,774.4440220110055,802,0.0,9995
1,30,66,769.2571257125712,788,0.0,9999
1,30,67,702.8505701140228,782.0,0.0,9998
1,30,68,760.641056422569,756.0,0.0,9996
1,30,69,670.2914582916584,782.0,0.0,9998
1,30,70,808.9222455719004,808,0.0,9993
1,30,71,711.7682,740.0,0.0,10000
1,30,72,696.6920692069207,784,0.0,9999
1,30,73,699.4481448144815,710,0.0,9999
1,30,74,600.4904,706.0,0.0,10000
1,30,75,735.1035103510351,764,0.0,9999
1,30,76,501.5737147429486,268.0,0.0,9998
1,30,77,367.5119023804761,266.0,0.0,9998
1,30,78,704.724,714.0,0.0,10000
1,30,79,696.4682468246825,720,0.0,9999
1,30,80,541.3057917375213,270,0.0,9997
1,30,81,599.0916549929958,666.0,0.0,9994
1,30,82,738.7446,766.0,0.0,10000
1,30,83,573.6455164131305,686.0,0.0,9992
1,30,84,706.0018010806484,780.0,0.0,9994
1,30,85,723.8382,742.0,0.0,10000
1,30,86,653.4265706282513,700.0,0.0,9996
1,30,87,687.7773554710942,708.0,0.0,9998
1,30,88,695.995599119824,722.0,0.0,9998
1,30,89,785.0631189356807,802,0.0,9997
1,30,90,689.9204,716.0,0.0,10000
1,30,91,731.9018,750.0,0.0,10000
1,30,92,611.7525010004001,672.0,0.0,9996
1,30,93,720.7454745474547,740,0.0,9999
1,30,94,744.7164448003202,802,0.0,9991
1,30,95,757.7005101530459,790,0.0,9997
1,30,96,544.5681704511353,270,0.0,9997
1,30,97,383.2979297929793,272,0.0,9999
1,30,98,705.0579173752126,774,0.0,9997
1,30,99,810.3128189732813,804,0.0,9993
1,31,0,744.1718515554667,790,0.0,9997
1,31,1,750.251,776.0,0.0,10000
1,31,2,732.4884930958575,802.0,0.0,9994
1,31,3,663.4118,690.0,0.0,10000
1,31,4,650.3964396439644,668,0.0,9999
1,31,5,731.8203461038312,772,0.0,9997
1,31,6,617.13,778.0,0.0,10000
1,31,7,738.0742,760.0,0.0,10000
1,31,8,593.5669566956695,662,0.0,9999
1,31,9,657.319859929965,788,0.0,9995
1,31,10,632.5810324129652,690.0,0.0,9996
1,31,11,663.519,694.0,0.0,10000
1,31,12,611.8841884188419,710,0.0,9999
1,31,13,708.5716286514606,780.0,0.0,9996
1,31,14,762.3020302030203,778,0.0,9999
1,31,15,766.0214085634253,784.0,0.0,9996
1,31,16,749.2364472894579,764.0,0.0,9998
1,31,17,728.740148029606,778.0,0.0,9998
1,31,18,469.3895389538954,274,0.0,9999
1,31,19,778.716773418735,780.0,0.0,9992
1,31,20,773.8327498249474,792,0.0,9997
1,31,21,754.3578715743149,758.0,0.0,9998
1,31,22,689.8039803980398,716,0.0,9999
1,31,23,619.6674337168585,764,0.0,9995
1,31,24,770.6210621062106,788,0.0,9999
1,31,25,660.5159031806361,778.0,0.0,9998
1,31,26,761.8059611922384,776.0,0.0,9998
1,31,27,688.1488148814882,786,0.0,9999
1,31,28,680.6419283856771,712.0,0.0,9998
1,31,29,720.4234846969393,794.0,0.0,9998
1,31,30,646.8937787557511,678.0,0.0,9998
1,31,31,691.328997398439,782.0,0.0,9994
1,31,32,582.9089817963593,688.0,0.0,9998
1,31,33,755.8283485045514,762,0.0,9997
1,31,34,653.6491649164916,692,0.0,9999
1,31,35,672.8904,685.0,0.0,10000
1,31,36,629.6745349069814,682.0,0.0,9998
1,31,37,674.7298729872987,700,0.0,9999
1,31,38,688.0984295288587,788,0.0,9997
1,31,39,777.076307630763,778,0.0,9999
1,31,40,771.9695908772632,788,0.0,9997
1,31,41,707.5747574757476,722,0.0,9999
1,31,42,814.2874299439552,800.0,0.0,9992
1,31,43,698.7848784878488,720,0.0,9999
1,31,44,727.3646729345869,790.0,0.0,9998
1,31,45,627.1966786714686,770.0,0.0,9996
1,31,46,769.4589294647324,794,0.0,9995
1,31,47,768.483745123537,796,0.0,9997
1,31,48,770.8226467940382,784,0.0,9997
1,31,49,773.744148829766,796.0,0.0,9998
1,31,50,790.374874974995,800.0,0.0,9998
1,31,51,707.5305530553055,756,0.0,9999
1,31,52,692.1362136213621,720,0.0,9999
1,31,53,765.1278,776.0,0.0,10000
1,31,54,724.9655931186237,778.0,0.0,9998
1,31,55,670.2228,686.0,0.0,10000
1,31,56,754.4650930186037,784.0,0.0,9998
1,31,57,718.1802901450725,774,0.0,9995
1,31,58,655.1273382014605,784,0.0,9997
1,31,59,747.3161316131614,774,0.0,9999
1,31,60,683.1765529658898,786,0.0,9997
1,31,61,748.1186118611861,778,0.0,9999
1,31,62,743.7086,770.0,0.0,10000
1,31,63,769.3545354535454,802,0.0,9999
1,31,64,667.3247324732473,698,0.0,9999
1,31,65,648.0482,662.0,0.0,10000
1,31,66,716.4882488248825,782,0.0,9999
1,31,67,761.3744123236971,764,0.0,9997
1,31,68,782.6876062818845,784,0.0,9997
1,31,69,661.9402,686.0,0.0,10000
1,31,70,670.0958383353342,762.0,0.0,9996
1,31,71,538.4220844168834,684.0,0.0,9998
1,31,72,744.9481792717087,798.0,0.0,9996
1,31,73,690.3210321032103,710,0.0,9999
1,31,74,768.6849424712357,774,0.0,9995
1,31,75,749.000200040008,772.0,0.0,9998
1,31,76,665.3453345334533,682,0.0,9999
1,31,77,771.407044226536,796.0,0.0,9994
1,31,78,744.5309061812362,778.0,0.0,9998
1,31,79,521.2443244324432,278,0.0,9999
1,31,80,691.416,710.0,0.0,10000
1,31,81,809.4398078655058,806,0.0,9993
1,31,82,685.5203520352035,706,0.0,9999
1,31,83,651.3383353341336,766.0,0.0,9996
1,31,84,603.9886,708.0,0.0,10000
1,31,85,610.9828948684606,694,0.0,9997
1,31,86,687.7292,712.0,0.0,10000
1,31,87,670.1248124812481,682,0.0,9999
1,31,88,768.1572,780.0,0.0,10000
1,31,89,802.7643350345242,798,0.0,9993
1,31,90,668.1218,688.0,0.0,10000
1,31,91,723.7845569113823,784.0,0.0,9998
1,31,92,739.3394,758.0,0.0,10000
1,31,93,758.2788278827883,772,0.0,9999
1,31,94,718.4844484448445,726,0.0,9999
1,31,95,687.2836,716.0,0.0,10000
1,31,96,761.2299229922992,776,0.0,9999
1,31,97,761.9529905981196,782.0,0.0,9998
1,31,98,694.9610961096109,780,0.0,9999
1,31,99,750.9543908781757,782.0,0.0,9998
1,32,0,734.8031212484995,766.0,0.0,9996
1,32,1,762.989098909891,776,0.0,9999
1,32,2,748.2278227822783,772,0.0,9999
1,32,3,712.086,726.0,0.0,10000
1,32,4,648.8532,684.0,0.0,10000
1,32,5,749.6819045713714,776,0.0,9997
1,32,6,618.2848284828483,758,0.0,9999
1,32,7,746.5984598459846,768,0.0,9999
1,32,8,800.1358407522257,790,0.0,9997
1,32,9,604.2488,632.0,0.0,10000
1,32,10,720.2764552910583,770.0,0.0,9998
1,32,11,739.956595659566,762,0.0,9999
1,32,12,753.6943388677736,772.0,0.0,9998
1,32,13,696.5226522652265,762,0.0,9999
1,32,14,714.4794479447945,740,0.0,9999
1,32,15,653.0912182436488,764.0,0.0,9998
1,32,16,768.2922292229223,788,0.0,9999
1,32,17,745.3071764588129,798,0.0,9991
1,32,18,765.1404280856171,778.0,0.0,9998
1,32,19,661.7087708770877,696,0.0,9999
1,32,20,702.3280328032803,716,0.0,9999
1,32,21,703.8939787957592,772.0,0.0,9998
1,32,22,755.6953085925778,758,0.0,9997
1,32,23,665.1377137713771,684,0.0,9999
1,32,24,737.3354,760.0,0.0,10000
1,32,25,715.4232846569314,746.0,0.0,9998
1,32,26,717.7387477495499,748.0,0.0,9998
1,32,27,767.080972875588,788,0.0,9991
1,32,28,716.3916,752.0,0.0,10000
1,32,29,741.994799479948,770,0.0,9999
1,32,30,764.7283456691338,790.0,0.0,9998
1,32,31,729.8447844784479,766,0.0,9999
1,32,32,655.7851570314062,668.0,0.0,9998
1,32,33,747.7091709170917,774,0.0,9999
1,32,34,808.4382191095548,790,0.0,9995
1,32,35,735.073321996599,776,0.0,9997
1,32,36,717.1802360472094,768.0,0.0,9998
1,32,37,739.1105110511052,754,0.0,9999
1,32,38,743.2848424212106,766,0.0,9995
1,32,39,781.1566313262653,780.0,0.0,9998
1,32,40,740.5243048609722,750.0,0.0,9998
1,32,41,687.837,706.0,0.0,10000
1,32,42,775.4435443544354,780,0.0,9999
1,32,43,748.8486545963789,772,0.0,9997
1,32,44,706.9800980098009,726,0.0,9999
1,32,45,659.0816,672.0,0.0,10000
1,32,46,685.1052,710.0,0.0,10000
1,32,47,665.5767576757676,694,0.0,9999
1,32,48,743.312525010004,784.0,0.0,9996
1,32,49,753.024112056028,778,0.0,9995
1,32,50,760.1304260852171,782.0,0.0,9998
1,32,51,733.0995099509951,762,0.0,9999
1,32,52,576.0034,612.0,0.0,10000
1,32,53,754.3900730511358,770,0.0,9993
1,32,54,751.4945494549455,764,0.0,9999
1,32,55,823.4792875725435,798.0,0.0,9994
1,32,56,650.541,764.0,0.0,10000
1,32,57,746.4862,778.0,0.0,10000
1,32,58,685.8984,706.0,0.0,10000
1,32,59,765.8897889788979,774,0.0,9999
1,32,60,691.4002,702.0,0.0,10000
1,32,61,778.9677935587117,786.0,0.0,9998
1,32,62,654.6481296259252,674.0,0.0,9998
1,32,63,796.56262505002,794.0,0.0,9996
1,32,64,650.685,678.0,0.0,10000
1,32,65,682.6473294658932,698.0,0.0,9998
1,32,66,661.4454890978195,682.0,0.0,9998
1,32,67,754.7666299889967,782,0.0,9997
1,32,68,737.7144286571943,778.0,0.0,9994
1,32,69,761.7081416283256,766.0,0.0,9998
1,32,70,655.8141814181419,686,0.0,9999
1,32,71,728.8740874087408,748,0.0,9999
1,32,72,737.7845784578458,766,0.0,9999
1,32,73,745.2487746323898,766,0.0,9997
1,32,74,682.4594918983797,698.0,0.0,9998
1,32,75,663.1278,708.0,0.0,10000
1,32,76,762.056628314157,788,0.0,9995
1,32,77,753.5711571157116,784,0.0,9999
1,32,78,796.3583074922477,796,0.0,9997
1,32,79,754.5325065013003,788.0,0.0,9998
1,32,80,768.6824729891957,794.0,0.0,9996
1,32,81,684.7542,698.0,0.0,10000
1,32,82,730.5265053010602,762.0,0.0,9998
1,32,83,703.4964992998599,782.0,0.0,9998
1,32,84,784.9820946283885,782,0.0,9997
1,32,85,797.7008803521409,786.0,0.0,9996
1,32,86,688.3148,704.0,0.0,10000
1,32,87,749.5745574557455,770,0.0,9999
1,32,88,775.0870348139256,772.0,0.0,9996
1,32,89,717.5892,742.0,0.0,10000
1,32,90,683.8193819381938,706,0.0,9999
1,32,91,729.118,752.0,0.0,10000
1,32,92,755.7341202360708,770,0.0,9997
1,32,93,657.9978,684.0,0.0,10000
1,32,94,662.1630326065213,674.0,0.0,9998
1,32,95,716.4948,736.0,0.0,10000
1,32,96,782.2810843252976,778,0.0,9997
1,32,97,771.3775377537754,770,0.0,9999
1,32,98,725.5084,752.0,0.0,10000
1,32,99,814.5890945472736,796,0.0,9995
1,33,0,723.2014,762.0,0.0,10000
1,33,1,734.0496,750.0,0.0,10000
1,33,2,742.1598479543864,758,0.0,9997
1,33,3,716.7534,744.0,0.0,10000
1,33,4,652.9514,676.0,0.0,10000
1,33,5,731.257,770.0,0.0,10000
1,33,6,545.9061906190619,662,0.0,9999
1,33,7,731.2028,766.0,0.0,10000
1,33,8,655.1673502050616,672,0.0,9997
1,33,9,752.2878,772.0,0.0,10000
1,33,10,740.2496249624962,766,0.0,9999
1,33,11,706.4942,726.0,0.0,10000
1,33,12,770.752550510102,782.0,0.0,9998
1,33,13,704.5552555255525,762,0.0,9999
1,33,14,718.7627525505101,734.0,0.0,9998
1,33,15,743.998799879988,776,0.0,9999
1,33,16,748.7762776277627,778,0.0,9999
1,33,17,792.3625450180072,784.0,0.0,9996
1,33,18,740.7291458291659,764.0,0.0,9998
1,33,19,653.3957395739574,676,0.0,9999
1,33,20,744.5812581258126,774,0.0,9999
1,33,21,735.9299929992999,748,0.0,9999
1,33,22,743.9549954995499,758,0.0,9999
1,33,23,644.8292,656.0,0.0,10000
1,33,24,750.9570957095709,770,0.0,9999
1,33,25,742.4520452045205,768,0.0,9999
1,33,26,748.8222822282228,764,0.0,9999
1,33,27,743.3022604520904,756.0,0.0,9998
1,33,28,755.5791579157916,770,0.0,9999
1,33,29,659.980398039804,736,0.0,9999
1,33,30,579.4824,592.0,0.0,10000
1,33,31,749.6323264652931,768.0,0.0,9998
1,33,32,712.3402340234023,754,0.0,9999
1,33,33,739.5764729418826,764,0.0,9997
1,33,34,742.1926385277055,760.0,0.0,9998
1,33,35,749.8961896189619,758,0.0,9999
1,33,36,716.1056105610561,756,0.0,9999
1,33,37,786.7901950975488,784,0.0,9995
1,33,38,598.4132413241324,620,0.0,9999
1,33,39,698.1792358471695,758.0,0.0,9998
1,33,40,638.6838,660.0,0.0,10000
1,33,41,662.3242324232423,672,0.0,9999
1,33,42,728.4222422242224,742,0.0,9999
1,33,43,656.3466346634664,672,0.0,9999
1,33,44,722.006200620062,756,0.0,9999
1,33,45,730.1326265253051,758.0,0.0,9998
1,33,46,743.1924,762.0,0.0,10000
1,33,47,721.44,750.0,0.0,10000
1,33,48,760.1028,778.0,0.0,10000
1,33,49,694.9510951095109,744,0.0,9999
1,33,50,728.1370137013702,760,0.0,9999
1,33,51,722.5226,740.0,0.0,10000
1,33,52,727.1912,758.0,0.0,10000
1,33,53,732.7703540708142,774.0,0.0,9998
1,33,54,740.6939387877576,764.0,0.0,9998
1,33,55,726.2484248424843,744,0.0,9999
1,33,56,739.2108,764.0,0.0,10000
1,33,57,756.4400440044004,772,0.0,9999
1,33,58,805.5420168067227,792.0,0.0,9996
1,33,59,733.980598059806,766,0.0,9999
1,33,60,748.5244,768.0,0.0,10000
1,33,61,688.3428342834284,708,0.0,9999
1,33,62,763.9441832549765,772,0.0,9997
1,33,63,642.7066,658.0,0.0,10000
1,33,64,727.8145814581458,750,0.0,9999
1,33,65,699.6891378275656,740.0,0.0,9998
1,33,66,747.6237623762377,754,0.0,9999
1,33,67,715.4464,742.0,0.0,10000
1,33,68,748.0662066206621,770,0.0,9999
1,33,69,753.6140842252676,768,0.0,9997
1,33,70,743.0719071907191,766,0.0,9999
1,33,71,730.4532906581317,750.0,0.0,9998
1,33,72,728.5292,754.0,0.0,10000
1,33,73,733.0615061506151,760,0.0,9999
1,33,74,650.6156615661566,672,0.0,9999
1,33,75,729.3309330933093,744,0.0,9999
1,33,76,696.8994899489949,748,0.0,9999
1,33,77,736.983,758.0,0.0,10000
1,33,78,743.9952,756.0,0.0,10000
1,33,79,717.6350905271581,760,0.0,9997
1,33,80,736.239047809562,754.0,0.0,9998
1,33,81,757.9419941994199,786,0.0,9999
1,33,82,728.5258,754.0,0.0,10000
1,33,83,741.1037103710371,768,0.0,9999
1,33,84,728.919891989199,766,0.0,9999
1,33,85,745.4014,762.0,0.0,10000
1,33,86,611.7341468293658,642.0,0.0,9998
1,33,87,737.8664,760.0,0.0,10000
1,33,88,721.6699669966997,742,0.0,9999
1,33,89,659.1062,680.0,0.0,10000
1,33,90,730.4504,748.0,0.0,10000
1,33,91,638.315,660.0,0.0,10000
1,33,92,703.7089708970897,726,0.0,9999
1,33,93,693.8204,720.0,0.0,10000
1,33,94,746.0732,772.0,0.0,10000
1,33,95,706.0390039003901,720,0.0,9999
1,33,96,703.0006,738.0,0.0,10000
1,33,97,721.2404480896179,766.0,0.0,9998
1,33,98,727.2648,742.0,0.0,10000
1,33,99,678.7758775877588,700,0.0,9999
1,34,0,723.062906290629,752,0.0,9999
1,34,1,688.0736073607361,726,0.0,9999
1,34,2,726.9624,742.0,0.0,10000
1,34,3,677.2165216521652,700,0.0,9999
1,34,4,713.4521452145215,748,0.0,9999
1,34,5,627.8482,638.0,0.0,10000
1,34,6,613.2562512502501,732.0,0.0,9998
1,34,7,615.9683968396839,632,0.0,9999
1,34,8,703.5362,724.0,0.0,10000
1,34,9,722.0554,742.0,0.0,10000
1,34,10,721.501,738.0,0.0,10000
1,34,11,726.9137827565513,736.0,0.0,9998
1,34,12,630.2236223622363,654,0.0,9999
1,34,13,580.6978697869787,634,0.0,9999
1,34,14,696.4036,736.0,0.0,10000
1,34,15,686.8126,724.0,0.0,10000
1,34,16,627.2478,638.0,0.0,10000
1,34,17,621.9612,626.0,0.0,10000
1,34,18,692.9244924492449,710,0.0,9999
1,34,19,685.8495849584958,714,0.0,9999
1,34,20,727.3143314331434,760,0.0,9999
1,34,21,710.8310831083108,736,0.0,9999
1,34,22,710.4582458245825,740,0.0,9999
1,34,23,712.3624,716.0,0.0,10000
1,34,24,590.6868,606.0,0.0,10000
1,34,25,713.9581874562368,742,0.0,9997
1,34,26,700.8280828082808,726,0.0,9999
1,34,27,706.051805180518,726,0.0,9999
1,34,28,719.8706,730.0,0.0,10000
1,34,29,709.5881588158816,734,0.0,9999
1,34,30,627.4998,640.0,0.0,10000
1,34,31,713.8703870387038,736,0.0,9999
1,34,32,717.21,730.0,0.0,10000
1,34,33,566.637727545509,624.0,0.0,9998
1,34,34,718.0248,730.0,0.0,10000
1,34,35,684.1628488546564,716,0.0,9997
1,34,36,622.9594,642.0,0.0,10000
1,34,37,689.9754,718.0,0.0,10000
1,34,38,705.4472,722.0,0.0,10000
1,34,39,704.3846769353871,732.0,0.0,9998
1,34,40,625.7755775577558,686,0.0,9999
1,34,41,682.2214221422142,704,0.0,9999
1,34,42,702.1452,730.0,0.0,10000
1,34,43,714.0822,730.0,0.0,10000
1,34,44,696.1018101810181,722,0.0,9999
1,34,45,628.2364,640.0,0.0,10000
1,34,46,688.1296388916675,722,0.0,9997
1,34,47,617.971,628.0,0.0,10000
1,34,48,711.967596759676,724,0.0,9999
1,34,49,741.5736,762.0,0.0,10000
1,34,50,671.6764,706.0,0.0,10000
1,34,51,626.2368236823683,630,0.0,9999
1,34,52,689.0504100820164,696.0,0.0,9998
1,34,53,703.1724,730.0,0.0,10000
1,34,54,714.8092809280928,740,0.0,9999
1,34,55,610.6396639663966,626,0.0,9999
1,34,56,616.7532,650.0,0.0,10000
1,34,57,614.7916,640.0,0.0,10000
1,34,58,675.6081608160816,688,0.0,9999
1,34,59,675.1771177117712,692,0.0,9999
1,34,60,611.3596,626.0,0.0,10000
1,34,61,709.868973794759,724.0,0.0,9998
1,34,62,612.3324,632.0,0.0,10000
1,34,63,712.6948694869487,734,0.0,9999
1,34,64,631.4682404721416,648,0.0,9997
1,34,65,601.5949594959496,620,0.0,9999
1,34,66,633.9674,656.0,0.0,10000
1,34,67,628.2800560112022,654.0,0.0,9998
1,34,68,646.3210321032103,674,0.0,9999
1,34,69,626.3116311631163,648,0.0,9999
1,34,70,627.928,642.0,0.0,10000
1,34,71,640.984298429843,666,0.0,9999
1,34,72,724.3236323632364,744,0.0,9999
1,34,73,696.9648964896489,742,0.0,9999
1,34,74,694.4666,722.0,0.0,10000
1,34,75,711.083908390839,726,0.0,9999
1,34,76,692.7618,714.0,0.0,10000
1,34,77,655.6054,698.0,0.0,10000
1,34,78,699.2332,722.0,0.0,10000
1,34,79,707.3034,718.0,0.0,10000
1,34,80,685.3762,722.0,0.0,10000
1,34,81,692.4616,716.0,0.0,10000
1,34,82,659.2897289728973,678,0.0,9999
1,34,83,721.6973697369737,744,0.0,9999
1,34,84,597.1815181518152,600,0.0,9999
1,34,85,714.6445933780134,746,0.0,9997
1,34,86,712.4552910582116,726.0,0.0,9998
1,34,87,630.2212,656.0,0.0,10000
1,34,88,671.104910491049,694,0.0,9999
1,34,89,650.6056605660566,682,0.0,9999
1,34,90,653.7903790379038,662,0.0,9999
1,34,91,700.7142,722.0,0.0,10000
1,34,92,696.8716871687169,702,0.0,9999
1,34,93,687.5069506950695,714,0.0,9999
1,34,94,701.4708941788358,726.0,0.0,9998
1,34,95,670.4524452445245,680,0.0,9999
1,34,96,578.6522,594.0,0.0,10000
1,34,97,744.0448,754.0,0.0,10000
1,34,98,637.8437687537507,668.0,0.0,9998
1,34,99,712.8174,748.0,0.0,10000
1,35,0,546.4938,566.0,0.0,10000
1,35,1,666.8168816881688,690,0.0,9999
1,35,2,679.1967196719672,690,0.0,9999
1,35,3,696.3718371837184,714,0.0,9999
1,35,4,679.5135513551355,708,0.0,9999
1,35,5,544.3094309430943,566,0.0,9999
1,35,6,590.8240824082408,716,0.0,9999
1,35,7,686.4388877775555,712.0,0.0,9998
1,35,8,710.5334,730.0,0.0,10000
1,35,9,669.5103510351036,684,0.0,9999
1,35,10,694.7422,714.0,0.0,10000
1,35,11,664.0300030003,676,0.0,9999
1,35,12,629.721,646.0,0.0,10000
1,35,13,661.8305661132226,724.0,0.0,9998
1,35,14,647.9011802360473,664.0,0.0,9998
1,35,15,705.91399139914,730,0.0,9999
1,35,16,626.8142814281429,652,0.0,9999
1,35,17,598.3974,616.0,0.0,10000
1,35,18,675.7553755375537,692,0.0,9999
1,35,19,678.836,696.0,0.0,10000
1,35,20,665.2228,696.0,0.0,10000
1,35,21,675.4232,698.0,0.0,10000
1,35,22,716.6714,738.0,0.0,10000
1,35,23,613.4726945389078,634.0,0.0,9998
1,35,24,697.2581258125813,704,0.0,9999
1,35,25,678.2356,708.0,0.0,10000
1,35,26,711.3525352535254,736,0.0,9999
1,35,27,693.4437443744374,726,0.0,9999
1,35,28,681.122,706.0,0.0,10000
1,35,29,694.6103220644129,698.0,0.0,9998
1,35,30,614.7996,628.0,0.0,10000
1,35,31,694.5670567056706,718,0.0,9999
1,35,32,685.5871587158716,706,0.0,9999
1,35,33,619.1994,644.0,0.0,10000
1,35,34,654.2046204620463,722,0.0,9999
1,35,35,695.9536,716.0,0.0,10000
1,35,36,678.8494849484948,696,0.0,9999
1,35,37,694.9877975595119,710.0,0.0,9998
1,35,38,695.3204,720.0,0.0,10000
1,35,39,681.677,702.0,0.0,10000
1,35,40,677.3568,698.0,0.0,10000
1,35,41,652.4748474847485,718,0.0,9999
1,35,42,558.2314462892579,574.0,0.0,9998
1,35,43,689.8692,708.0,0.0,10000
1,35,44,700.7408740874088,724,0.0,9999
1,35,45,694.9632,728.0,0.0,10000
1,35,46,712.4068,732.0,0.0,10000
1,35,47,665.95399539954,686,0.0,9999
1,35,48,694.5942594259426,726,0.0,9999
1,35,49,697.6591659165916,720,0.0,9999
1,35,50,700.7976,722.0,0.0,10000
1,35,51,678.2914,726.0,0.0,10000
1,35,52,680.3124,698.0,0.0,10000
1,35,53,604.7284728472847,624,0.0,9999
1,35,54,697.1303130313031,730,0.0,9999
1,35,55,703.6829682968297,730,0.0,9999
1,35,56,691.1956391278255,702.0,0.0,9998
1,35,57,679.7966,700.0,0.0,10000
1,35,58,701.1829182918292,720,0.0,9999
1,35,59,690.0366073214643,714.0,0.0,9998
1,35,60,692.4166,718.0,0.0,10000
1,35,61,675.8755875587559,694,0.0,9999
1,35,62,696.1258,712.0,0.0,10000
1,35,63,649.5403540354035,710,0.0,9999
1,35,64,574.2820846253876,624,0.0,9997
1,35,65,620.7282728272827,638,0.0,9999
1,35,66,625.644,634.0,0.0,10000
1,35,67,626.6786,642.0,0.0,10000
1,35,68,605.4806,620.0,0.0,10000
1,35,69,565.0931093109311,590,0.0,9999
1,35,70,577.0528,606.0,0.0,10000
1,35,71,509.9512,510.0,0.0,10000
1,35,72,707.8649729945989,720.0,0.0,9998
1,35,73,713.1439143914391,732,0.0,9999
1,35,74,587.2727272727273,602,0.0,9999
1,35,75,691.1594318863773,734.0,0.0,9998
1,35,76,595.4515451545154,622,0.0,9999
1,35,77,683.5577115423084,694.0,0.0,9998
1,35,78,583.2964592918584,624.0,0.0,9998
1,35,79,677.925392539254,720,0.0,9999
1,35,80,651.3935393539354,664,0.0,9999
1,35,81,680.3554355435543,716,0.0,9999
1,35,82,681.990799079908,706,0.0,9999
1,35,83,670.9831966393278,692.0,0.0,9998
1,35,84,704.1766,728.0,0.0,10000
1,35,85,682.7126712671267,696,0.0,9999
1,35,86,704.8912,730.0,0.0,10000
1,35,87,615.1008,634.0,0.0,10000
1,35,88,668.4460892178436,694.0,0.0,9998
1,35,89,685.6219621962197,704,0.0,9999
1,35,90,556.4886488648865,648,0.0,9999
1,35,91,584.0784,608.0,0.0,10000
1,35,92,694.4704470447044,710,0.0,9999
1,35,93,672.8798879887988,684,0.0,9999
1,35,94,666.4042,684.0,0.0,10000
1,35,95,657.1811181118112,682,0.0,9999
1,35,96,703.6103610361037,726,0.0,9999
1,35,97,687.4818,702.0,0.0,10000
1,35,98,702.123624724945,732.0,0.0,9998
1,35,99,670.0548,690.0,0.0,10000
1,36,0,672.6178,696.0,0.0,10000
1,36,1,548.3632726545309,554.0,0.0,9998
1,36,2,692.9234,714.0,0.0,10000
1,36,3,642.7447489497899,690.0,0.0,9998
1,36,4,659.2479247924792,672,0.0,9999
1,36,5,546.7422,564.0,0.0,10000
1,36,6,475.51950390078014,516.0,0.0,9998
1,36,7,642.4712471247125,648,0.0,9999
1,36,8,662.3904390439044,690,0.0,9999
1,36,9,689.1876375275054,708.0,0.0,9998
1,36,10,687.0446,700.0,0.0,10000
1,36,11,662.6994,680.0,0.0,10000
1,36,12,690.2378237823782,710,0.0,9999
1,36,13,629.2447734320297,676,0.0,9997
1,36,14,685.1630326065213,696.0,0.0,9998
1,36,15,666.0796079607961,700,0.0,9999
1,36,16,652.8222,666.0,0.0,10000
1,36,17,670.2490249024903,690,0.0,9999
1,36,18,671.4562,698.0,0.0,10000
1,36,19,656.0204,666.0,0.0,10000
1,36,20,584.8278,612.0,0.0,10000
1,36,21,567.5982,592.0,0.0,10000
1,36,22,657.4094,688.0,0.0,10000
1,36,23,662.8538,686.0,0.0,10000
1,36,24,676.0804,684.0,0.0,10000
1,36,25,691.7873574714943,708.0,0.0,9998
1,36,26,648.3178953686106,668,0.0,9997
1,36,27,705.2071207120712,724,0.0,9999
1,36,28,592.5467093418683,610.0,0.0,9998
1,36,29,669.5717571757176,698,0.0,9999
1,36,30,687.4604381314394,706,0.0,9997
1,36,31,680.5526552655266,706,0.0,9999
1,36,32,650.3676367636764,696,0.0,9999
1,36,33,670.2894,692.0,0.0,10000
1,36,34,694.7056705670567,718,0.0,9999
1,36,35,562.4048,572.0,0.0,10000
1,36,36,650.8960896089609,670,0.0,9999
1,36,37,594.1204120412041,610,0.0,9999
1,36,38,602.4116,614.0,0.0,10000
1,36,39,630.1750175017502,676,0.0,9999
1,36,40,680.3502350235024,698,0.0,9999
1,36,41,626.768,648.0,0.0,10000
1,36,42,646.2982894868461,674,0.0,9997
1,36,43,586.1866,588.0,0.0,10000
1,36,44,684.5918591859186,700,0.0,9999
1,36,45,683.9111911191119,702,0.0,9999
1,36,46,597.4265426542654,612,0.0,9999
1,36,47,636.0192,662.0,0.0,10000
1,36,48,666.3694738947789,678.0,0.0,9998
1,36,49,688.151,710.0,0.0,10000
1,36,50,669.2958,682.0,0.0,10000
1,36,51,669.1066,702.0,0.0,10000
1,36,52,666.1556,684.0,0.0,10000
1,36,53,651.0792158431686,668.0,0.0,9998
1,36,54,641.1052,666.0,0.0,10000
1,36,55,590.4356435643564,606,0.0,9999
1,36,56,625.2342468493699,690.0,0.0,9998
1,36,57,695.959,716.0,0.0,10000
1,36,58,629.3036,650.0,0.0,10000
1,36,59,688.7788,712.0,0.0,10000
1,36,60,533.2447244724473,598,0.0,9999
1,36,61,674.8964896489649,696,0.0,9999
1,36,62,570.2580258025803,574,0.0,9999
1,36,63,681.0950190038008,706.0,0.0,9998
1,36,64,606.7632,634.0,0.0,10000
1,36,65,555.0622,566.0,0.0,10000
1,36,66,603.7666,624.0,0.0,10000
1,36,67,488.9040904090409,524,0.0,9999
1,36,68,597.5282,606.0,0.0,10000
1,36,69,591.8082,614.0,0.0,10000
1,36,70,611.8945894589459,624,0.0,9999
1,36,71,599.6144,618.0,0.0,10000
1,36,72,679.0218,690.0,0.0,10000
1,36,73,690.5422542254225,716,0.0,9999
1,36,74,662.3489046714014,680,0.0,9997
1,36,75,637.9567913582716,656.0,0.0,9998
1,36,76,611.4108,636.0,0.0,10000
1,36,77,585.5448,598.0,0.0,10000
1,36,78,666.183,680.0,0.0,10000
1,36,79,674.0618061806181,684,0.0,9999
1,36,80,686.4183254976493,708,0.0,9997
1,36,81,676.6268626862686,700,0.0,9999
1,36,82,669.7264,684.0,0.0,10000
1,36,83,652.9359871974395,718.0,0.0,9998
1,36,84,679.3705370537053,698,0.0,9999
1,36,85,691.7285457091418,710.0,0.0,9998
1,36,86,667.880176035207,690.0,0.0,9998
1,36,87,663.1666,678.0,0.0,10000
1,36,88,581.948794879488,594,0.0,9999
1,36,89,665.0789078907891,680,0.0,9999
1,36,90,664.3688368836883,688,0.0,9999
1,36,91,486.3974397439744,498,0.0,9999
1,36,92,681.7865786578658,698,0.0,9999
1,36,93,676.8834883488349,690,0.0,9999
1,36,94,583.436,604.0,0.0,10000
1,36,95,662.2362236223622,686,0.0,9999
1,36,96,622.9101820364073,640.0,0.0,9998
1,36,97,674.1258,696.0,0.0,10000
1,36,98,557.2512,570.0,0.0,10000
1,36,99,512.4272854570914,522.0,0.0,9998
1,37,0,663.8698,684.0,0.0,10000
1,37,1,660.5624,686.0,0.0,10000
1,37,2,672.4414441444144,702,0.0,9999
1,37,3,516.2384,522.0,0.0,10000
1,37,4,675.7042,684.0,0.0,10000
1,37,5,574.8434843484348,588,0.0,9999
1,37,6,508.3182318231823,584,0.0,9999
1,37,7,648.7404,664.0,0.0,10000
1,37,8,653.0358,680.0,0.0,10000
1,37,9,645.742,672.0,0.0,10000
1,37,10,648.3266,670.0,0.0,10000
1,37,11,630.6384638463846,656,0.0,9999
1,37,12,688.8142,700.0,0.0,10000
1,37,13,639.0561168350505,686,0.0,9997
1,37,14,537.6777677767777,552,0.0,9999
1,37,15,669.584,690.0,0.0,10000
1,37,16,547.5787578757876,586,0.0,9999
1,37,17,645.1723172317231,664,0.0,9999
1,37,18,584.8030409122737,598,0.0,9997
1,37,19,642.0838,652.0,0.0,10000
1,37,20,664.744,686.0,0.0,10000
1,37,21,595.752550510102,606.0,0.0,9998
1,37,22,566.3060306030603,572,0.0,9999
1,37,23,645.6085608560857,658,0.0,9999
1,37,24,589.0788,604.0,0.0,10000
1,37,25,651.0052,666.0,0.0,10000
1,37,26,645.406,660.0,0.0,10000
1,37,27,652.3534,674.0,0.0,10000
1,37,28,671.1294,698.0,0.0,10000
1,37,29,630.8856,644.0,0.0,10000
1,37,30,653.982198219822,666,0.0,9999
1,37,31,681.6474,702.0,0.0,10000
1,37,32,641.9618,654.0,0.0,10000
1,37,33,644.2832,662.0,0.0,10000
1,37,34,570.3908,586.0,0.0,10000
1,37,35,647.369410823247,662,0.0,9997
1,37,36,552.5528552855286,560,0.0,9999
1,37,37,580.0836,636.0,0.0,10000
1,37,38,523.0862,540.0,0.0,10000
1,37,39,653.6899689968997,664,0.0,9999
1,37,40,647.7645764576457,664,0.0,9999
1,37,41,655.8711871187119,674,0.0,9999
1,37,42,640.735,670.0,0.0,10000
1,37,43,569.5996,590.0,0.0,10000
1,37,44,630.6121224244849,708.0,0.0,9998
1,37,45,635.994,658.0,0.0,10000
1,37,46,656.4989496849055,664,0.0,9997
1,37,47,639.3972,656.0,0.0,10000
1,37,48,655.1528,690.0,0.0,10000
1,37,49,668.057405740574,694,0.0,9999
1,37,50,635.7527752775278,644,0.0,9999
1,37,51,642.8048804880488,654,0.0,9999
1,37,52,640.9154915491549,660,0.0,9999
1,37,53,666.3338,678.0,0.0,10000
1,37,54,637.791,690.0,0.0,10000
1,37,55,583.428,594.0,0.0,10000
1,37,56,528.8198819881989,540,0.0,9999
1,37,57,580.5289586876063,602,0.0,9997
1,37,58,663.9706,688.0,0.0,10000
1,37,59,507.5709141828366,520.0,0.0,9998
1,37,60,561.004900490049,574,0.0,9999
1,37,61,637.919791979198,652,0.0,9999
1,37,62,682.7655531106221,698.0,0.0,9998
1,37,63,663.0608,678.0,0.0,10000
1,37,64,584.211,610.0,0.0,10000
1,37,65,577.936,588.0,0.0,10000
1,37,66,566.1280128012801,584,0.0,9999
1,37,67,490.0606,504.0,0.0,10000
1,37,68,554.944494449445,556,0.0,9999
1,37,69,554.2340234023402,570,0.0,9999
1,37,70,502.6186,510.0,0.0,10000
1,37,71,431.86158615861586,442,0.0,9999
1,37,72,638.324,658.0,0.0,10000
1,37,73,577.0102,602.0,0.0,10000
1,37,74,639.4694,666.0,0.0,10000
1,37,75,595.7124,610.0,0.0,10000
1,37,76,635.2243224322432,660,0.0,9999
1,37,77,656.4184,680.0,0.0,10000
1,37,78,546.9416,568.0,0.0,10000
1,37,79,632.964096409641,670,0.0,9999
1,37,80,651.6308,670.0,0.0,10000
1,37,81,643.436,674.0,0.0,10000
1,37,82,557.4825482548255,580,0.0,9999
1,37,83,648.2982298229823,670,0.0,9999
1,37,84,661.7523752375238,674,0.0,9999
1,37,85,559.5118,578.0,0.0,10000
1,37,86,644.3359007702311,656,0.0,9997
1,37,87,633.3944,650.0,0.0,10000
1,37,88,644.3906781356271,666.0,0.0,9998
1,37,89,537.5544,556.0,0.0,10000
1,37,90,660.2746,676.0,0.0,10000
1,37,91,610.4294858971795,632.0,0.0,9998
1,37,92,645.5721572157215,664,0.0,9999
1,37,93,659.6171617161716,680,0.0,9999
1,37,94,608.9968,630.0,0.0,10000
1,37,95,623.5208,638.0,0.0,10000
1,37,96,668.7062,684.0,0.0,10000
1,37,97,563.0054,574.0,0.0,10000
1,37,98,644.1102,668.0,0.0,10000
1,37,99,670.2122,690.0,0.0,10000
1,38,0,555.8167816781678,568,0.0,9999
1,38,1,615.3902,628.0,0.0,10000
1,38,2,650.043604360436,668,0.0,9999
1,38,3,557.9648,574.0,0.0,10000
1,38,4,627.5072,650.0,0.0,10000
1,38,5,556.5376,574.0,0.0,10000
1,38,6,491.157,560.0,0.0,10000
1,38,7,651.4724,676.0,0.0,10000
1,38,8,633.2495249524952,652,0.0,9999
1,38,9,619.7048,636.0,0.0,10000
1,38,10,541.5814,560.0,0.0,10000
1,38,11,468.2256,464.0,0.0,10000
1,38,12,652.7677535507102,672.0,0.0,9998
1,38,13,598.049,650.0,0.0,10000
1,38,14,643.5003500350035,664,0.0,9999
1,38,15,561.8444,578.0,0.0,10000
1,38,16,548.2484,564.0,0.0,10000
1,38,17,548.9838983898389,560,0.0,9999
1,38,18,554.9090909090909,576,0.0,9999
1,38,19,646.9412,666.0,0.0,10000
1,38,20,625.0228,650.0,0.0,10000
1,38,21,638.3202320232023,662,0.0,9999
1,38,22,622.741,638.0,0.0,10000
1,38,23,635.9702,644.0,0.0,10000
1,38,24,638.5653130626125,652.0,0.0,9998
1,38,25,534.8634863486349,552,0.0,9999
1,38,26,640.4982,660.0,0.0,10000
1,38,27,555.1124,566.0,0.0,10000
1,38,28,647.6857685768576,670,0.0,9999
1,38,29,538.6799359871975,546.0,0.0,9998
1,38,30,646.9156915691569,664,0.0,9999
1,38,31,470.5830583058306,478,0.0,9999
1,38,32,634.4688468846884,652,0.0,9999
1,38,33,638.8461692338468,662.0,0.0,9998
1,38,34,637.7303460692139,664.0,0.0,9998
1,38,35,517.7905790579058,538,0.0,9999
1,38,36,651.9039807961592,666.0,0.0,9998
1,38,37,634.2012201220122,634,0.0,9999
1,38,38,636.3748,668.0,0.0,10000
1,38,39,514.4238,528.0,0.0,10000
1,38,40,629.4208,650.0,0.0,10000
1,38,41,500.7294729472947,516,0.0,9999
1,38,42,607.969396939694,644,0.0,9999
1,38,43,643.694,670.0,0.0,10000
1,38,44,618.477,648.0,0.0,10000
1,38,45,536.3068613722745,548.0,0.0,9998
1,38,46,611.3150630126025,634.0,0.0,9998
1,38,47,624.7714,644.0,0.0,10000
1,38,48,629.3284656931386,640.0,0.0,9998
1,38,49,554.1524152415242,562,0.0,9999
1,38,50,540.744948989798,550.0,0.0,9998
1,38,51,626.6842684268427,646,0.0,9999
1,38,52,620.49,642.0,0.0,10000
1,38,53,616.9046,624.0,0.0,10000
1,38,54,546.2864572914583,558.0,0.0,9998
1,38,55,642.5919183836768,662.0,0.0,9998
1,38,56,629.9167916791679,650,0.0,9999
1,38,57,654.8442,666.0,0.0,10000
1,38,58,597.1616,604.0,0.0,10000
1,38,59,529.3727372737274,556,0.0,9999
1,38,60,619.12,644.0,0.0,10000
1,38,61,618.3778,632.0,0.0,10000
1,38,62,652.6928692869287,674,0.0,9999
1,38,63,640.0748074807481,654,0.0,9999
1,38,64,491.01470147014703,504,0.0,9999
1,38,65,463.021102110211,470,0.0,9999
1,38,66,567.6065606560657,586,0.0,9999
1,38,67,563.2966,596.0,0.0,10000
1,38,68,479.67456745674565,490,0.0,9999
1,38,69,430.238,434.0,0.0,10000
1,38,70,563.3337333733373,590,0.0,9999
1,38,71,554.9838,562.0,0.0,10000
1,38,72,637.1089108910891,654,0.0,9999
1,38,73,615.7394,634.0,0.0,10000
1,38,74,563.5509550955096,590,0.0,9999
1,38,75,625.2546,634.0,0.0,10000
1,38,76,623.5683568356835,676,0.0,9999
1,38,77,634.5452545254525,664,0.0,9999
1,38,78,542.1754,558.0,0.0,10000
1,38,79,611.2828,634.0,0.0,10000
1,38,80,543.4966,566.0,0.0,10000
1,38,81,646.2346,662.0,0.0,10000
1,38,82,609.8748,624.0,0.0,10000
1,38,83,626.0272,632.0,0.0,10000
1,38,84,648.6627325465093,662.0,0.0,9998
1,38,85,659.8234,680.0,0.0,10000
1,38,86,622.7828782878288,672,0.0,9999
1,38,87,643.4593459345934,662,0.0,9999
1,38,88,551.1431143114312,572,0.0,9999
1,38,89,578.3590359035903,586,0.0,9999
1,38,90,626.5954595459546,634,0.0,9999
1,38,91,558.1688168816881,570,0.0,9999
1,38,92,638.3898779755951,652.0,0.0,9998
1,38,93,604.8242824282428,616,0.0,9999
1,38,94,635.3614,654.0,0.0,10000
1,38,95,613.9132,622.0,0.0,10000
1,38,96,525.8121624324865,534.0,0.0,9998
1,38,97,616.3474347434743,626,0.0,9999
1,38,98,552.4686,562.0,0.0,10000
1,38,99,558.869,578.0,0.0,10000
1,39,0,602.0488048804881,624,0.0,9999
1,39,1,633.0756151230246,654.0,0.0,9998
1,39,2,535.829,548.0,0.0,10000
1,39,3,629.852,642.0,0.0,10000
1,39,4,622.8599719943988,644.0,0.0,9998
1,39,5,620.9132,624.0,0.0,10000
1,39,6,540.2084,620.0,0.0,10000
1,39,7,610.283,624.0,0.0,10000
1,39,8,528.1756175617562,546,0.0,9999
1,39,9,549.1626,556.0,0.0,10000
1,39,10,611.2502,634.0,0.0,10000
1,39,11,606.0586058605861,624,0.0,9999
1,39,12,606.4402,626.0,0.0,10000
1,39,13,515.5026,552.0,0.0,10000
1,39,14,596.5820582058205,618,0.0,9999
1,39,15,604.5918591859186,614,0.0,9999
1,39,16,590.786,608.0,0.0,10000
1,39,17,520.1740174017402,528,0.0,9999
1,39,18,591.6734,620.0,0.0,10000
1,39,19,604.6136,614.0,0.0,10000
1,39,20,590.1852185218522,612,0.0,9999
1,39,21,605.3502,620.0,0.0,10000
1,39,22,623.9089817963593,634.0,0.0,9998
1,39,23,603.9539907981597,608.0,0.0,9998
1,39,24,563.2549764929479,582,0.0,9997
1,39,25,589.455,602.0,0.0,10000
1,39,26,633.89,646.0,0.0,10000
1,39,27,452.53645364536453,460,0.0,9999
1,39,28,621.2306,638.0,0.0,10000
1,39,29,606.4602,620.0,0.0,10000
1,39,30,512.2636,520.0,0.0,10000
1,39,31,582.5161032206441,604.0,0.0,9998
1,39,32,640.8512,658.0,0.0,10000
1,39,33,604.3376337633763,616,0.0,9999
1,39,34,634.075422626788,660,0.0,9997
1,39,35,590.2804280428043,602,0.0,9999
1,39,36,593.7355735573558,608,0.0,9999
1,39,37,607.5211521152115,622,0.0,9999
1,39,38,585.5942,604.0,0.0,10000
1,39,39,551.7091418283657,564.0,0.0,9998
1,39,40,518.4068,534.0,0.0,10000
1,39,41,538.2752275227523,554,0.0,9999
1,39,42,593.2089208920892,610,0.0,9999
1,39,43,618.2352,628.0,0.0,10000
1,39,44,629.0418,650.0,0.0,10000
1,39,45,599.1848,604.0,0.0,10000
1,39,46,536.4336,558.0,0.0,10000
1,39,47,579.1742,634.0,0.0,10000
1,39,48,501.05630563056303,510,0.0,9999
1,39,49,625.93699369937,644,0.0,9999
1,39,50,548.659,558.0,0.0,10000
1,39,51,618.121,642.0,0.0,10000
1,39,52,524.6124,538.0,0.0,10000
1,39,53,529.5427542754276,530,0.0,9999
1,39,54,518.718,536.0,0.0,10000
1,39,55,592.7478,612.0,0.0,10000
1,39,56,615.3972,638.0,0.0,10000
1,39,57,577.2965296529653,616,0.0,9999
1,39,58,629.8907890789079,658,0.0,9999
1,39,59,615.1061106110611,622,0.0,9999
1,39,60,602.2770277027703,618,0.0,9999
1,39,61,566.0142014201421,574,0.0,9999
1,39,62,622.2774277427743,640,0.0,9999
1,39,63,608.4092,622.0,0.0,10000
1,39,64,558.016,568.0,0.0,10000
1,39,65,521.2998,534.0,0.0,10000
1,39,66,534.3888388838884,540,0.0,9999
1,39,67,555.7638,564.0,0.0,10000
1,39,68,560.1776355271054,576.0,0.0,9998
1,39,69,542.4888,558.0,0.0,10000
1,39,70,545.624524904981,566.0,0.0,9998
1,39,71,548.2166,556.0,0.0,10000
1,39,72,615.6697669766977,632,0.0,9999
1,39,73,621.9346,638.0,0.0,10000
1,39,74,626.8756875687569,648,0.0,9999
1,39,75,634.0212,654.0,0.0,10000
1,39,76,600.9226922692269,624,0.0,9999
1,39,77,626.3898,652.0,0.0,10000
1,39,78,655.0506101220244,668.0,0.0,9998
1,39,79,531.983,546.0,0.0,10000
1,39,80,602.361,624.0,0.0,10000
1,39,81,626.7192719271927,662,0.0,9999
1,39,82,619.8947789557911,648.0,0.0,9998
1,39,83,611.5899589958996,622,0.0,9999
1,39,84,613.9515903180636,644.0,0.0,9998
1,39,85,533.712,552.0,0.0,10000
1,39,86,619.4260852170435,634.0,0.0,9998
1,39,87,530.737,536.0,0.0,10000
1,39,88,595.6212,620.0,0.0,10000
1,39,89,573.9493898779756,592.0,0.0,9998
1,39,90,599.3137313731373,614,0.0,9999
1,39,91,500.2132213221322,510,0.0,9999
1,39,92,603.6735347069414,626.0,0.0,9998
1,39,93,625.447,638.0,0.0,10000
1,39,94,614.2730273027303,626,0.0,9999
1,39,95,583.9834,602.0,0.0,10000
1,39,96,531.5676,544.0,0.0,10000
1,39,97,613.1875187518751,622,0.0,9999
1,39,98,539.4851485148515,546,0.0,9999
1,39,99,605.3231323132313,618,0.0,9999
1,40,0,531.000700070007,536,0.0,9999
1,40,1,563.2424,592.0,0.0,10000
1,40,2,631.2636,644.0,0.0,10000
1,40,3,603.1534,622.0,0.0,10000
1,40,4,589.1773532059618,602,0.0,9997
1,40,5,491.06910691069106,494,0.0,9999
1,40,6,539.2941294129413,620,0.0,9999
1,40,7,602.2346234623462,608,0.0,9999
1,40,8,457.29465893178633,466.0,0.0,9998
1,40,9,594.4762,612.0,0.0,10000
1,40,10,625.6404,642.0,0.0,10000
1,40,11,601.223,614.0,0.0,10000
1,40,12,612.8704870487048,630,0.0,9999
1,40,13,595.2148429685938,642.0,0.0,9998
1,40,14,512.7818,534.0,0.0,10000
1,40,15,617.1618,628.0,0.0,10000
1,40,16,593.2913291329133,604,0.0,9999
1,40,17,617.1587158715871,622,0.0,9999
1,40,18,523.3934,546.0,0.0,10000
1,40,19,623.3502,640.0,0.0,10000
1,40,20,606.1662166216622,620,0.0,9999
1,40,21,592.4076,610.0,0.0,10000
1,40,22,597.8034,620.0,0.0,10000
1,40,23,590.3432,610.0,0.0,10000
1,40,24,611.6215621562156,626,0.0,9999
1,40,25,557.8105810581058,576,0.0,9999
1,40,26,536.3454690938188,548.0,0.0,9998
1,40,27,586.1794179417942,596,0.0,9999
1,40,28,523.7246,524.0,0.0,10000
1,40,29,583.7052,602.0,0.0,10000
1,40,30,606.3252325232523,622,0.0,9999
1,40,31,543.7686,556.0,0.0,10000
1,40,32,587.3378,588.0,0.0,10000
1,40,33,596.6452645264526,610,0.0,9999
1,40,34,493.8692,508.0,0.0,10000
1,40,35,569.441,592.0,0.0,10000
1,40,36,612.3920784156832,632.0,0.0,9998
1,40,37,513.2323232323232,528,0.0,9999
1,40,38,551.9416,586.0,0.0,10000
1,40,39,592.568,620.0,0.0,10000
1,40,40,608.7804780478048,620,0.0,9999
1,40,41,525.4468893778756,540.0,0.0,9998
1,40,42,608.6102610261026,624,0.0,9999
1,40,43,525.1079107910791,536,0.0,9999
1,40,44,611.1135113511351,626,0.0,9999
1,40,45,599.9068,636.0,0.0,10000
1,40,46,590.2068206820682,608,0.0,9999
1,40,47,623.7875575115023,632.0,0.0,9998
1,40,48,623.8278,646.0,0.0,10000
1,40,49,612.4926492649265,634,0.0,9999
1,40,50,540.012,560.0,0.0,10000
1,40,51,576.3982398239824,600,0.0,9999
1,40,52,598.7398,600.0,0.0,10000
1,40,53,512.8078807880788,528,0.0,9999
1,40,54,538.4216,546.0,0.0,10000
1,40,55,605.7302651325663,632,0.0,9995
1,40,56,581.6725672567256,588,0.0,9999
1,40,57,553.183,568.0,0.0,10000
1,40,58,630.0828,650.0,0.0,10000
1,40,59,592.8964,606.0,0.0,10000
1,40,60,476.2144,488.0,0.0,10000
1,40,61,559.8272,584.0,0.0,10000
1,40,62,564.8972,620.0,0.0,10000
1,40,63,589.880376075215,614.0,0.0,9998
1,40,64,443.34153415341535,454,0.0,9999
1,40,65,522.2674267426743,532,0.0,9999
1,40,66,526.2068,538.0,0.0,10000
1,40,67,430.50510102020405,440.0,0.0,9998
1,40,68,358.7704770477048,364,0.0,9999
1,40,69,509.1353135313531,526,0.0,9999
1,40,70,519.7567513502701,532.0,0.0,9998
1,40,71,479.3922,486.0,0.0,10000
1,40,72,548.7662,562.0,0.0,10000
1,40,73,605.7776,628.0,0.0,10000
1,40,74,526.1486148614862,538,0.0,9999
1,40,75,611.197,630.0,0.0,10000
1,40,76,625.1561156115612,644,0.0,9999
1,40,77,597.7408,602.0,0.0,10000
1,40,78,578.3918391839184,596,0.0,9999
1,40,79,619.2728,634.0,0.0,10000
1,40,80,521.9262,546.0,0.0,10000
1,40,81,552.367073414683,582.0,0.0,9998
1,40,82,450.52145214521454,460,0.0,9999
1,40,83,601.7781556311262,618.0,0.0,9998
1,40,84,617.636,640.0,0.0,10000
1,40,85,595.264,610.0,0.0,10000
1,40,86,610.8202820282028,632,0.0,9999
1,40,87,567.0428,580.0,0.0,10000
1,40,88,610.4794,624.0,0.0,10000
1,40,89,530.3048,588.0,0.0,10000
1,40,90,494.3988,504.0,0.0,10000
1,40,91,561.4464,574.0,0.0,10000
1,40,92,592.985098509851,610,0.0,9999
1,40,93,468.8734,472.0,0.0,10000
1,40,94,524.6786678667867,542,0.0,9999
1,40,95,501.7708,498.0,0.0,10000
1,40,96,524.1020102010201,536,0.0,9999
1,40,97,564.8130813081308,584,0.0,9999
1,40,98,527.2978,542.0,0.0,10000
1,40,99,598.8342834283428,624,0.0,9999
1,41,0,587.2923292329233,604,0.0,9999
1,41,1,594.6844,610.0,0.0,10000
1,41,2,602.9158,610.0,0.0,10000
1,41,3,576.5210521052105,590,0.0,9999
1,41,4,495.76017601760174,502,0.0,9999
1,41,5,459.970597059706,474,0.0,9999
1,41,6,434.9994,478.0,0.0,10000
1,41,7,518.6310631063106,532,0.0,9999
1,41,8,560.5706570657065,580,0.0,9999
1,41,9,564.3954,578.0,0.0,10000
1,41,10,585.6192,600.0,0.0,10000
1,41,11,588.7712,608.0,0.0,10000
1,41,12,565.1809180918092,580,0.0,9999
1,41,13,567.1806,606.0,0.0,10000
1,41,14,536.1218,552.0,0.0,10000
1,41,15,591.1019101910191,608,0.0,9999
1,41,16,491.56,514.0,0.0,10000
1,41,17,580.6668,600.0,0.0,10000
1,41,18,586.2086208620863,600,0.0,9999
1,41,19,564.0872,576.0,0.0,10000
1,41,20,499.0724,498.0,0.0,10000
1,41,21,586.984898489849,602,0.0,9999
1,41,22,576.9802,596.0,0.0,10000
1,41,23,562.0176035207041,572.0,0.0,9998
1,41,24,580.759,588.0,0.0,10000
1,41,25,521.4310862172434,528.0,0.0,9998
1,41,26,570.1338267653531,590.0,0.0,9998
1,41,27,491.0246,502.0,0.0,10000
1,41,28,603.9569956995699,616,0.0,9999
1,41,29,478.1030103010301,486,0.0,9999
1,41,30,585.5233523352335,608,0.0,9999
1,41,31,581.7057411482297,590.0,0.0,9998
1,41,32,596.5931186237248,614.0,0.0,9998
1,41,33,465.76117611761174,482,0.0,9999
1,41,34,603.7461746174617,618,0.0,9999
1,41,35,554.9758,568.0,0.0,10000
1,41,36,566.1644493348005,582,0.0,9997
1,41,37,572.372,592.0,0.0,10000
1,41,38,446.301,456.0,0.0,10000
1,41,39,487.0592,494.0,0.0,10000
1,41,40,585.4992,588.0,0.0,10000
1,41,41,579.5742,600.0,0.0,10000
1,41,42,497.3056,508.0,0.0,10000
1,41,43,518.5002500250025,570,0.0,9999
1,41,44,563.0722,584.0,0.0,10000
1,41,45,579.3838,592.0,0.0,10000
1,41,46,566.8384,584.0,0.0,10000
1,41,47,474.0168,492.0,0.0,10000
1,41,48,512.705,526.0,0.0,10000
1,41,49,602.5145029005802,616.0,0.0,9998
1,41,50,536.4426,602.0,0.0,10000
1,41,51,586.409,604.0,0.0,10000
1,41,52,571.0983098309831,580,0.0,9999
1,41,53,577.7442,602.0,0.0,10000
1,41,54,488.92118423684735,496.0,0.0,9998
1,41,55,600.8283656731346,622.0,0.0,9998
1,41,56,575.6105610561057,590,0.0,9999
1,41,57,432.69,436.0,0.0,10000
1,41,58,595.0702,606.0,0.0,10000
1,41,59,562.8372,578.0,0.0,10000
1,41,60,533.2347704311294,570,0.0,9997
1,41,61,552.7050705070507,570,0.0,9999
1,41,62,543.1233123312331,554,0.0,9999
1,41,63,596.5042,610.0,0.0,10000
1,41,64,493.2842,508.0,0.0,10000
1,41,65,399.6847684768477,396,0.0,9999
1,41,66,516.9889977995599,528.0,0.0,9998
1,41,67,348.69373874774953,354.0,0.0,9998
1,41,68,413.2201220122012,420,0.0,9999
1,41,69,510.9834,516.0,0.0,10000
1,41,70,415.132,420.0,0.0,10000
1,41,71,503.8849884988499,526,0.0,9999
1,41,72,567.846,578.0,0.0,10000
1,41,73,476.7232,482.0,0.0,10000
1,41,74,509.6514,524.0,0.0,10000
1,41,75,585.9466,602.0,0.0,10000
1,41,76,598.9018901890189,612,0.0,9999
1,41,77,479.45094509450945,490,0.0,9999
1,41,78,553.457,574.0,0.0,10000
1,41,79,553.4767476747675,560,0.0,9999
1,41,80,489.3084,498.0,0.0,10000
1,41,81,602.5262526252625,620,0.0,9999
1,41,82,582.404,600.0,0.0,10000
1,41,83,582.6562,600.0,0.0,10000
1,41,84,561.5754,588.0,0.0,10000
1,41,85,499.298,514.0,0.0,10000
1,41,86,491.7964,510.0,0.0,10000
1,41,87,479.7528,506.0,0.0,10000
1,41,88,571.937393739374,596,0.0,9999
1,41,89,572.9292,590.0,0.0,10000
1,41,90,454.1798179817982,456,0.0,9999
1,41,91,513.6246,522.0,0.0,10000
1,41,92,586.7005401080216,602.0,0.0,9998
1,41,93,544.2818,558.0,0.0,10000
1,41,94,485.8726,504.0,0.0,10000
1,41,95,561.2695269526953,582,0.0,9999
1,41,96,574.9096909690969,582,0.0,9999
1,41,97,571.8243824382438,594,0.0,9999
1,41,98,583.4042,606.0,0.0,10000
1,41,99,539.2675802740822,550,0.0,9997
1,42,0,542.630326065213,570.0,0.0,9998
1,42,1,547.8396,562.0,0.0,10000
1,42,2,565.7662,582.0,0.0,10000
1,42,3,564.1506150615062,576,0.0,9999
1,42,4,492.5896,510.0,0.0,10000
1,42,5,480.8338,488.0,0.0,10000
1,42,6,432.7786,484.0,0.0,10000
1,42,7,585.92,600.0,0.0,10000
1,42,8,568.5912,582.0,0.0,10000
1,42,9,524.7858,536.0,0.0,10000
1,42,10,464.35383538353835,474,0.0,9999
1,42,11,471.018901890189,484,0.0,9999
1,42,12,534.6068606860686,544,0.0,9999
1,42,13,545.2686,582.0,0.0,10000
1,42,14,530.0416,544.0,0.0,10000
1,42,15,553.9258,572.0,0.0,10000
1,42,16,489.9129912991299,498,0.0,9999
1,42,17,554.8898,570.0,0.0,10000
1,42,18,568.419,592.0,0.0,10000
1,42,19,555.684,570.0,0.0,10000
1,42,20,583.4595459545955,602,0.0,9999
1,42,21,549.6989698969898,564,0.0,9999
1,42,22,569.3148,582.0,0.0,10000
1,42,23,549.0653065306531,554,0.0,9999
1,42,24,416.2006,424.0,0.0,10000
1,42,25,574.0364,592.0,0.0,10000
1,42,26,561.8132,582.0,0.0,10000
1,42,27,581.8265826582658,596,0.0,9999
1,42,28,565.459,584.0,0.0,10000
1,42,29,562.8606860686068,574,0.0,9999
1,42,30,573.2042,588.0,0.0,10000
1,42,31,551.2808,570.0,0.0,10000
1,42,32,580.5872587258726,606,0.0,9999
1,42,33,467.13771377137715,478,0.0,9999
1,42,34,568.7302,576.0,0.0,10000
1,42,35,566.2164,580.0,0.0,10000
1,42,36,509.8869886988699,514,0.0,9999
1,42,37,517.7059705970597,526,0.0,9999
1,42,38,584.8236,610.0,0.0,10000
1,42,39,479.1721172117212,498,0.0,9999
1,42,40,575.3738,594.0,0.0,10000
1,42,41,562.2846284628463,596,0.0,9999
1,42,42,546.8481696339268,564.0,0.0,9998
1,42,43,556.3886388638864,568,0.0,9999
1,42,44,587.95799579958,610,0.0,9999
1,42,45,537.9272,554.0,0.0,10000
1,42,46,567.8332,578.0,0.0,10000
1,42,47,448.6204,452.0,0.0,10000
1,42,48,546.987298729873,580,0.0,9999
1,42,49,477.3373337333733,486,0.0,9999
1,42,50,572.7686768676867,586,0.0,9999
1,42,51,559.0788,576.0,0.0,10000
1,42,52,527.0732146429286,552.0,0.0,9998
1,42,53,557.0170034006801,572.0,0.0,9998
1,42,54,565.6979697969797,580,0.0,9999
1,42,55,573.7458,582.0,0.0,10000
1,42,56,560.7650765076507,584,0.0,9999
1,42,57,428.5974597459746,436,0.0,9999
1,42,58,572.6582633053222,590.0,0.0,9996
1,42,59,557.008900890089,572,0.0,9999
1,42,60,513.1894,526.0,0.0,10000
1,42,61,548.756,558.0,0.0,10000
1,42,62,566.1990199019903,600,0.0,9999
1,42,63,487.448,508.0,0.0,10000
1,42,64,451.95759575957595,462,0.0,9999
1,42,65,447.6773677367737,468,0.0,9999
1,42,66,513.2914,516.0,0.0,10000
1,42,67,467.5904,468.0,0.0,10000
1,42,68,486.313,498.0,0.0,10000
1,42,69,473.6905690569057,480,0.0,9999
1,42,70,492.1016,502.0,0.0,10000
1,42,71,482.245,482.0,0.0,10000
1,42,72,568.850255076523,592,0.0,9997
1,42,73,552.136,566.0,0.0,10000
1,42,74,523.451,546.0,0.0,10000
1,42,75,565.7776,586.0,0.0,10000
1,42,76,490.6786,500.0,0.0,10000
1,42,77,481.8973692107632,492,0.0,9997
1,42,78,582.3866,600.0,0.0,10000
1,42,79,470.1744174417442,482,0.0,9999
1,42,80,584.0740074007401,602,0.0,9999
1,42,81,560.0862086208621,568,0.0,9999
1,42,82,550.1024409763905,556.0,0.0,9996
1,42,83,554.6826,568.0,0.0,10000
1,42,84,571.1964,594.0,0.0,10000
1,42,85,554.3128,572.0,0.0,10000
1,42,86,481.4184,490.0,0.0,10000
1,42,87,553.5372,554.0,0.0,10000
1,42,88,551.6118,560.0,0.0,10000
1,42,89,540.4174417441744,552,0.0,9999
1,42,90,545.072507250725,564,0.0,9999
1,42,91,452.27842784278425,466,0.0,9999
1,42,92,540.0238047609522,592.0,0.0,9998
1,42,93,554.8348,568.0,0.0,10000
1,42,94,541.5877587758775,562,0.0,9999
1,42,95,461.99479947994797,478,0.0,9999
1,42,96,569.0999099909991,584,0.0,9999
1,42,97,555.19,568.0,0.0,10000
1,42,98,544.832,556.0,0.0,10000
1,42,99,540.3706,556.0,0.0,10000
1,43,0,459.04,470.0,0.0,10000
1,43,1,533.4882,556.0,0.0,10000
1,43,2,529.5982,546.0,0.0,10000
1,43,3,515.7951795179519,530,0.0,9999
1,43,4,553.4254,574.0,0.0,10000
1,43,5,446.02160216021605,452,0.0,9999
1,43,6,486.3134313431343,578,0.0,9999
1,43,7,544.0614,560.0,0.0,10000
1,43,8,536.2888,544.0,0.0,10000
1,43,9,548.0282,566.0,0.0,10000
1,43,10,545.8021802180218,564,0.0,9999
1,43,11,538.96,546.0,0.0,10000
1,43,12,545.895,562.0,0.0,10000
1,43,13,538.3192319231923,574,0.0,9999
1,43,14,530.6146,550.0,0.0,10000
1,43,15,360.7222,362.0,0.0,10000
1,43,16,462.21644328865773,466.0,0.0,9998
1,43,17,551.1848,570.0,0.0,10000
1,43,18,535.5754,546.0,0.0,10000
1,43,19,542.1510151015101,552,0.0,9999
1,43,20,525.1622324464893,552.0,0.0,9998
1,43,21,559.8266,578.0,0.0,10000
1,43,22,547.1424,560.0,0.0,10000
1,43,23,555.7988,566.0,0.0,10000
1,43,24,461.933,472.0,0.0,10000
1,43,25,493.001700170017,502,0.0,9999
1,43,26,537.0226,550.0,0.0,10000
1,43,27,466.61186118611863,476,0.0,9999
1,43,28,525.286,540.0,0.0,10000
1,43,29,557.7953795379537,570,0.0,9999
1,43,30,466.33626725345067,474.0,0.0,9998
1,43,31,456.6578,468.0,0.0,10000
1,43,32,556.8822,574.0,0.0,10000
1,43,33,519.3574714942988,548.0,0.0,9998
1,43,34,547.4906,552.0,0.0,10000
1,43,35,563.9291858371674,574.0,0.0,9998
1,43,36,543.6607660766076,548,0.0,9999
1,43,37,505.64336433643365,516,0.0,9999
1,43,38,456.0456,470.0,0.0,10000
1,43,39,454.9140914091409,462,0.0,9999
1,43,40,532.8892,554.0,0.0,10000
1,43,41,557.6428,566.0,0.0,10000
1,43,42,466.804,478.0,0.0,10000
1,43,43,543.1645164516451,550,0.0,9999
1,43,44,556.7866,574.0,0.0,10000
1,43,45,548.0256025602561,566,0.0,9999
1,43,46,532.626125225045,562.0,0.0,9998
1,43,47,531.707,548.0,0.0,10000
1,43,48,527.5564,536.0,0.0,10000
1,43,49,537.6442,554.0,0.0,10000
1,43,50,535.2248,560.0,0.0,10000
1,43,51,551.008900890089,564,0.0,9999
1,43,52,566.1240124012402,578,0.0,9999
1,43,53,505.1093109310931,532,0.0,9999
1,43,54,532.7012701270127,552,0.0,9999
1,43,55,411.7452,422.0,0.0,10000
1,43,56,551.4704,578.0,0.0,10000
1,43,57,561.2545254525453,572,0.0,9999
1,43,58,527.6346,536.0,0.0,10000
1,43,59,405.638,408.0,0.0,10000
1,43,60,529.5084,564.0,0.0,10000
1,43,61,549.4054,558.0,0.0,10000
1,43,62,560.8461692338468,574.0,0.0,9998
1,43,63,540.3112311231123,558,0.0,9999
1,43,64,439.7667766776678,450,0.0,9999
1,43,65,471.6877687768777,478,0.0,9999
1,43,66,441.0858,446.0,0.0,10000
1,43,67,477.7123712371237,482,0.0,9999
1,43,68,464.0032,472.0,0.0,10000
1,43,69,455.8715871587159,464,0.0,9999
1,43,70,489.6237623762376,506,0.0,9999
1,43,71,359.101,360.0,0.0,10000
1,43,72,534.1380138013801,542,0.0,9999
1,43,73,558.7034703470347,570,0.0,9999
1,43,74,570.1696,596.0,0.0,10000
1,43,75,553.548,574.0,0.0,10000
1,43,76,535.3346,544.0,0.0,10000
1,43,77,565.6047604760477,582,0.0,9999
1,43,78,529.155,540.0,0.0,10000
1,43,79,451.9485948594859,460,0.0,9999
1,43,80,527.7503750375038,552,0.0,9999
1,43,81,522.1260126012601,536,0.0,9999
1,43,82,527.6392,526.0,0.0,10000
1,43,83,430.19,430.0,0.0,10000
1,43,84,554.4291287386216,562,0.0,9997
1,43,85,527.1269126912691,542,0.0,9999
1,43,86,525.6933693369336,532,0.0,9999
1,43,87,508.4092409240924,530,0.0,9999
1,43,88,533.4555455545554,544,0.0,9999
1,43,89,524.2434,540.0,0.0,10000
1,43,90,522.4582458245825,534,0.0,9999
1,43,91,530.6064606460646,532,0.0,9999
1,43,92,516.4788478847885,520,0.0,9999
1,43,93,412.6954,418.0,0.0,10000
1,43,94,547.3254,568.0,0.0,10000
1,43,95,470.026,484.0,0.0,10000
1,43,96,544.3222644528905,558.0,0.0,9998
1,43,97,444.8878,454.0,0.0,10000
1,43,98,450.282,458.0,0.0,10000
1,43,99,555.0054,562.0,0.0,10000
1,44,0,540.0584058405841,554,0.0,9999
1,44,1,509.0992,522.0,0.0,10000
1,44,2,520.365,534.0,0.0,10000
1,44,3,444.1884,450.0,0.0,10000
1,44,4,490.75787578757877,502,0.0,9999
1,44,5,554.8106810681068,570,0.0,9999
1,44,6,442.65106510651066,516,0.0,9999
1,44,7,483.38333833383336,494,0.0,9999
1,44,8,516.2302230223022,528,0.0,9999
1,44,9,476.73334666933386,484.0,0.0,9998
1,44,10,515.927392739274,522,0.0,9999
1,44,11,501.95899589959,510,0.0,9999
1,44,12,536.2332233223323,542,0.0,9999
1,44,13,437.3464,462.0,0.0,10000
1,44,14,519.99099909991,536,0.0,9999
1,44,15,426.979897989799,434,0.0,9999
1,44,16,442.9846,452.0,0.0,10000
1,44,17,518.1576,528.0,0.0,10000
1,44,18,502.9006,512.0,0.0,10000
1,44,19,439.81936387277455,456.0,0.0,9998
1,44,20,528.3456,538.0,0.0,10000
1,44,21,519.4802960592118,542.0,0.0,9998
1,44,22,511.1044,518.0,0.0,10000
1,44,23,543.4926,554.0,0.0,10000
1,44,24,420.7064706470647,428,0.0,9999
1,44,25,517.7428,526.0,0.0,10000
1,44,26,530.8610861086108,546,0.0,9999
1,44,27,521.4339433943394,534,0.0,9999
1,44,28,534.9026,550.0,0.0,10000
1,44,29,541.2817281728173,554,0.0,9999
1,44,30,545.1496,554.0,0.0,10000
1,44,31,540.4578457845785,554,0.0,9999
1,44,32,529.6397639763976,546,0.0,9999
1,44,33,528.1758175817582,546,0.0,9999
1,44,34,429.9145914591459,444,0.0,9999
1,44,35,539.0702,542.0,0.0,10000
1,44,36,539.3922,552.0,0.0,10000
1,44,37,529.7751775177518,536,0.0,9999
1,44,38,533.944394439444,544,0.0,9999
1,44,39,514.4932,528.0,0.0,10000
1,44,40,455.08050805080507,468,0.0,9999
1,44,41,519.674,530.0,0.0,10000
1,44,42,522.4966,536.0,0.0,10000
1,44,43,525.989198919892,550,0.0,9999
1,44,44,512.2080208020802,520,0.0,9999
1,44,45,396.34783478347833,404,0.0,9999
1,44,46,525.072,528.0,0.0,10000
1,44,47,491.6386,498.0,0.0,10000
1,44,48,470.962,484.0,0.0,10000
1,44,49,505.6826,514.0,0.0,10000
1,44,50,520.8604860486049,544,0.0,9999
1,44,51,505.741,518.0,0.0,10000
1,44,52,528.989698969897,544,0.0,9999
1,44,53,430.913,440.0,0.0,10000
1,44,54,534.7774777477748,546,0.0,9999
1,44,55,537.028702870287,544,0.0,9999
1,44,56,511.4472,524.0,0.0,10000
1,44,57,525.2025202520252,546,0.0,9999
1,44,58,537.964196419642,556,0.0,9999
1,44,59,522.8438,528.0,0.0,10000
1,44,60,511.83358335833583,528,0.0,9999
1,44,61,536.408,554.0,0.0,10000
1,44,62,533.9949989997999,550.0,0.0,9998
1,44,63,520.8706,532.0,0.0,10000
1,44,64,401.042904290429,410,0.0,9999
1,44,65,443.73217321732176,450,0.0,9999
1,44,66,328.5884,330.0,0.0,10000
1,44,67,454.1978197819782,468,0.0,9999
1,44,68,451.96,460.0,0.0,10000
1,44,69,456.0214,466.0,0.0,10000
1,44,70,446.5042504250425,450,0.0,9999
1,44,71,446.8808,452.0,0.0,10000
1,44,72,514.3084,558.0,0.0,10000
1,44,73,431.8158,436.0,0.0,10000
1,44,74,438.6074607460746,448,0.0,9999
1,44,75,529.884,552.0,0.0,10000
1,44,76,501.012501250125,506,0.0,9999
1,44,77,499.034,510.0,0.0,10000
1,44,78,446.0344,456.0,0.0,10000
1,44,79,501.6644,514.0,0.0,10000
1,44,80,528.0980098009801,534,0.0,9999
1,44,81,517.8282,534.0,0.0,10000
1,44,82,527.1886,550.0,0.0,10000
1,44,83,533.120624124825,556.0,0.0,9998
1,44,84,521.7057411482297,536.0,0.0,9998
1,44,85,509.979197919792,518,0.0,9999
1,44,86,521.8064,540.0,0.0,10000
1,44,87,529.4455445544554,542,0.0,9999
1,44,88,503.7952,508.0,0.0,10000
1,44,89,523.7102,536.0,0.0,10000
1,44,90,517.0002,530.0,0.0,10000
1,44,91,452.4164,460.0,0.0,10000
1,44,92,521.3463346334634,530,0.0,9999
1,44,93,444.997899789979,456,0.0,9999
1,44,94,495.643,518.0,0.0,10000
1,44,95,412.8780878087809,420,0.0,9999
1,44,96,442.8132,448.0,0.0,10000
1,44,97,537.8152,542.0,0.0,10000
1,44,98,511.26665333066614,528.0,0.0,9998
1,44,99,553.5784,570.0,0.0,10000
1,45,0,507.1606,520.0,0.0,10000
1,45,1,511.5252,530.0,0.0,10000
1,45,2,537.0128,548.0,0.0,10000
1,45,3,525.3004,538.0,0.0,10000
1,45,4,505.12791279127913,510,0.0,9999
1,45,5,505.8821882188219,512,0.0,9999
1,45,6,394.2996,438.0,0.0,10000
1,45,7,515.8821882188219,528,0.0,9999
1,45,8,524.3696,544.0,0.0,10000
1,45,9,430.5334533453345,436,0.0,9999
1,45,10,346.4848,354.0,0.0,10000
1,45,11,505.15011501150116,514,0.0,9999
1,45,12,404.9524,402.0,0.0,10000
1,45,13,447.5122,480.0,0.0,10000
1,45,14,508.6644,510.0,0.0,10000
1,45,15,510.8858885888589,530,0.0,9999
1,45,16,504.1918,514.0,0.0,10000
1,45,17,522.5084,530.0,0.0,10000
1,45,18,423.6386,430.0,0.0,10000
1,45,19,543.1376275255051,556.0,0.0,9998
1,45,20,522.8062,540.0,0.0,10000
1,45,21,490.3490698139628,510.0,0.0,9998
1,45,22,504.5888588858886,518,0.0,9999
1,45,23,466.3124,482.0,0.0,10000
1,45,24,529.6574,538.0,0.0,10000
1,45,25,471.96899689968996,484,0.0,9999
1,45,26,410.996,416.0,0.0,10000
1,45,27,428.5426,442.0,0.0,10000
1,45,28,502.1416,520.0,0.0,10000
1,45,29,427.4254,438.0,0.0,10000
1,45,30,497.8748,508.0,0.0,10000
1,45,31,504.12141214121414,516,0.0,9999
1,45,32,401.9532,410.0,0.0,10000
1,45,33,499.816,512.0,0.0,10000
1,45,34,444.89188918891887,460,0.0,9999
1,45,35,506.1648,516.0,0.0,10000
1,45,36,528.9528,540.0,0.0,10000
1,45,37,495.9085908590859,502,0.0,9999
1,45,38,418.6506,432.0,0.0,10000
1,45,39,502.4598459845985,510,0.0,9999
1,45,40,506.8744874487449,520,0.0,9999
1,45,41,511.663,526.0,0.0,10000
1,45,42,534.5196,544.0,0.0,10000
1,45,43,508.6846,520.0,0.0,10000
1,45,44,493.6594,516.0,0.0,10000
1,45,45,407.033,416.0,0.0,10000
1,45,46,504.1312,496.0,0.0,10000
1,45,47,508.4908,526.0,0.0,10000
1,45,48,516.5946,534.0,0.0,10000
1,45,49,520.2134426885377,530.0,0.0,9998
1,45,50,526.019601960196,544,0.0,9999
1,45,51,505.4917491749175,528,0.0,9999
1,45,52,515.5727145429086,526.0,0.0,9998
1,45,53,517.2805280528053,524,0.0,9999
1,45,54,512.5542,548.0,0.0,10000
1,45,55,494.961896189619,508,0.0,9999
1,45,56,503.5126,498.0,0.0,10000
1,45,57,400.04600460046004,400,0.0,9999
1,45,58,500.1530306061212,506.0,0.0,9998
1,45,59,509.6031603160316,520,0.0,9999
1,45,60,495.924,514.0,0.0,10000
1,45,61,493.8004,506.0,0.0,10000
1,45,62,339.3782,350.0,0.0,10000
1,45,63,454.6877375475095,462.0,0.0,9998
1,45,64,429.6459291858372,440.0,0.0,9998
1,45,65,431.1056,438.0,0.0,10000
1,45,66,407.3262,416.0,0.0,10000
1,45,67,423.96699339867973,430.0,0.0,9998
1,45,68,420.1508301660332,426.0,0.0,9998
1,45,69,360.28,370.0,0.0,10000
1,45,70,438.26922692269227,446,0.0,9999
1,45,71,440.6662,448.0,0.0,10000
1,45,72,404.877375475095,410.0,0.0,9998
1,45,73,479.3976,484.0,0.0,10000
1,45,74,411.72057205720574,424,0.0,9999
1,45,75,522.6378637863786,530,0.0,9999
1,45,76,507.496699339868,514.0,0.0,9998
1,45,77,411.1228,420.0,0.0,10000
1,45,78,484.313,488.0,0.0,10000
1,45,79,504.2868286828683,512,0.0,9999
1,45,80,512.6092609260926,526,0.0,9999
1,45,81,507.7562,520.0,0.0,10000
1,45,82,490.4638,504.0,0.0,10000
1,45,83,498.8712,508.0,0.0,10000
1,45,84,490.5338,494.0,0.0,10000
1,45,85,439.1715171517152,446,0.0,9999
1,45,86,519.9522,534.0,0.0,10000
1,45,87,501.9852,512.0,0.0,10000
1,45,88,487.67376737673766,500,0.0,9999
1,45,89,394.22622262226224,392,0.0,9999
1,45,90,418.85588558855886,426,0.0,9999
1,45,91,376.675,382.0,0.0,10000
1,45,92,493.5191519151915,502,0.0,9999
1,45,93,492.3548,500.0,0.0,10000
1,45,94,497.7211721172117,504,0.0,9999
1,45,95,397.32913291329135,400,0.0,9999
1,45,96,500.2126,506.0,0.0,10000
1,45,97,417.0106,428.0,0.0,10000
1,45,98,422.0592,438.0,0.0,10000
1,45,99,511.4748,524.0,0.0,10000
1,46,0,520.9146,536.0,0.0,10000
1,46,1,350.02900290029004,354,0.0,9999
1,46,2,521.8982,544.0,0.0,10000
1,46,3,403.54075407540756,412,0.0,9999
1,46,4,497.88898889888986,510,0.0,9999
1,46,5,396.0712,392.0,0.0,10000
1,46,6,438.8816881688169,484,0.0,9999
1,46,7,413.1528305661132,420.0,0.0,9998
1,46,8,490.9816,498.0,0.0,10000
1,46,9,394.3914,408.0,0.0,10000
1,46,10,406.6666,418.0,0.0,10000
1,46,11,464.541,478.0,0.0,10000
1,46,12,498.3524352435243,516,0.0,9999
1,46,13,452.4748949789958,468.0,0.0,9998
1,46,14,491.489,498.0,0.0,10000
1,46,15,504.252450490098,518.0,0.0,9998
1,46,16,497.8856,504.0,0.0,10000
1,46,17,475.421,492.0,0.0,10000
1,46,18,470.9785957191438,482.0,0.0,9998
1,46,19,400.4560456045605,408,0.0,9999
1,46,20,468.052,480.0,0.0,10000
1,46,21,448.365,456.0,0.0,10000
1,46,22,472.1960196019602,484,0.0,9999
1,46,23,498.5124,508.0,0.0,10000
1,46,24,422.66146614661466,432,0.0,9999
1,46,25,470.68226822682266,476,0.0,9999
1,46,26,504.0604,512.0,0.0,10000
1,46,27,413.5114,420.0,0.0,10000
1,46,28,479.5782,482.0,0.0,10000
1,46,29,435.985,450.0,0.0,10000
1,46,30,389.7738,400.0,0.0,10000
1,46,31,417.3752,430.0,0.0,10000
1,46,32,480.30386077215445,506.0,0.0,9998
1,46,33,450.4686,458.0,0.0,10000
1,46,34,501.4238847769554,506.0,0.0,9998
1,46,35,480.7102710271027,498,0.0,9999
1,46,36,377.1866,380.0,0.0,10000
1,46,37,470.5486,476.0,0.0,10000
1,46,38,483.7056,506.0,0.0,10000
1,46,39,484.2978,498.0,0.0,10000
1,46,40,478.33643364336433,480,0.0,9999
1,46,41,514.984498449845,518,0.0,9999
1,46,42,401.643,408.0,0.0,10000
1,46,43,420.0664,428.0,0.0,10000
1,46,44,492.1458145814581,502,0.0,9999
1,46,45,476.93949394939494,484,0.0,9999
1,46,46,511.8746,522.0,0.0,10000
1,46,47,490.3380338033803,500,0.0,9999
1,46,48,497.836,508.0,0.0,10000
1,46,49,474.8456,486.0,0.0,10000
1,46,50,496.214,508.0,0.0,10000
1,46,51,478.0484,486.0,0.0,10000
1,46,52,492.6560656065607,510,0.0,9999
1,46,53,400.1718,402.0,0.0,10000
1,46,54,506.76147614761476,518,0.0,9999
1,46,55,469.6306,486.0,0.0,10000
1,46,56,508.3124624924985,520.0,0.0,9998
1,46,57,487.627,504.0,0.0,10000
1,46,58,491.1228,498.0,0.0,10000
1,46,59,430.3220322032203,438,0.0,9999
1,46,60,401.60336033603363,410,0.0,9999
1,46,61,469.8105810581058,480,0.0,9999
1,46,62,411.45834583458344,430,0.0,9999
1,46,63,464.98049804980496,474,0.0,9999
1,46,64,413.961,418.0,0.0,10000
1,46,65,331.4732,332.0,0.0,10000
1,46,66,404.1468,406.0,0.0,10000
1,46,67,413.0058,416.0,0.0,10000
1,46,68,406.8942,414.0,0.0,10000
1,46,69,403.215,404.0,0.0,10000
1,46,70,388.3288,392.0,0.0,10000
1,46,71,411.029,420.0,0.0,10000
1,46,72,405.3668,406.0,0.0,10000
1,46,73,396.2994,402.0,0.0,10000
1,46,74,506.25845169033806,522.0,0.0,9998
1,46,75,498.479,500.0,0.0,10000
1,46,76,489.7562,500.0,0.0,10000
1,46,77,413.17,416.0,0.0,10000
1,46,78,382.8904,386.0,0.0,10000
1,46,79,383.79857985798577,386,0.0,9999
1,46,80,509.1652,524.0,0.0,10000
1,46,81,400.1372137213721,410,0.0,9999
1,46,82,386.5236,398.0,0.0,10000
1,46,83,508.03580358035805,522,0.0,9999
1,46,84,494.0824,508.0,0.0,10000
1,46,85,495.996399639964,506,0.0,9999
1,46,86,505.3072,512.0,0.0,10000
1,46,87,462.13401340134016,468,0.0,9999
1,46,88,460.0734146829366,474.0,0.0,9998
1,46,89,458.2176,462.0,0.0,10000
1,46,90,391.6192,400.0,0.0,10000
1,46,91,478.3786,484.0,0.0,10000
1,46,92,496.7274,514.0,0.0,10000
1,46,93,477.0924,490.0,0.0,10000
1,46,94,384.0246,392.0,0.0,10000
1,46,95,366.5014501450145,374,0.0,9999
1,46,96,502.2132,516.0,0.0,10000
1,46,97,391.6576,396.0,0.0,10000
1,46,98,514.8012801280128,532,0.0,9999
1,46,99,299.1906,298.0,0.0,10000
1,47,0,465.0294,470.0,0.0,10000
1,47,1,499.0394,508.0,0.0,10000
1,47,2,370.2948294829483,372,0.0,9999
1,47,3,483.4046,494.0,0.0,10000
1,47,4,461.7736,474.0,0.0,10000
1,47,5,464.652,472.0,0.0,10000
1,47,6,442.7748,482.0,0.0,10000
1,47,7,451.62056205620564,460,0.0,9999
1,47,8,391.802,398.0,0.0,10000
1,47,9,463.5629125825165,480.0,0.0,9998
1,47,10,456.861,466.0,0.0,10000
1,47,11,372.4468,384.0,0.0,10000
1,47,12,479.4952,484.0,0.0,10000
1,47,13,449.15871587158716,462,0.0,9999
1,47,14,487.7809780978098,498,0.0,9999
1,47,15,494.2906290629063,508,0.0,9999
1,47,16,475.5198,496.0,0.0,10000
1,47,17,388.3496,394.0,0.0,10000
1,47,18,487.2031203120312,498,0.0,9999
1,47,19,380.005,384.0,0.0,10000
1,47,20,488.9206,496.0,0.0,10000
1,47,21,353.7104,358.0,0.0,10000
1,47,22,481.78095619123826,492.0,0.0,9998
1,47,23,467.9152,478.0,0.0,10000
1,47,24,497.5091509150915,508,0.0,9999
1,47,25,360.9384,368.0,0.0,10000
1,47,26,471.3885388538854,472,0.0,9999
1,47,27,478.8848884888489,492,0.0,9999
1,47,28,460.7648,480.0,0.0,10000
1,47,29,491.56827048114434,508,0.0,9997
1,47,30,471.5208,484.0,0.0,10000
1,47,31,478.15181518151815,492,0.0,9999
1,47,32,453.3929392939294,460,0.0,9999
1,47,33,473.3842,478.0,0.0,10000
1,47,34,460.7868786878688,464,0.0,9999
1,47,35,457.18231823182316,464,0.0,9999
1,47,36,332.84628462846285,334,0.0,9999
1,47,37,388.7354,398.0,0.0,10000
1,47,38,491.5019501950195,502,0.0,9999
1,47,39,384.2998,390.0,0.0,10000
1,47,40,457.67296729672967,468,0.0,9999
1,47,41,456.8872887288729,468,0.0,9999
1,47,42,477.325,478.0,0.0,10000
1,47,43,378.274,384.0,0.0,10000
1,47,44,488.6586,496.0,0.0,10000
1,47,45,471.5993599359936,480,0.0,9999
1,47,46,459.3889388938894,472,0.0,9999
1,47,47,460.6856,470.0,0.0,10000
1,47,48,490.13481348134815,500,0.0,9999
1,47,49,391.31686337267456,398.0,0.0,9998
1,47,50,475.08481696339265,490.0,0.0,9998
1,47,51,453.1897189718972,466,0.0,9999
1,47,52,393.01670167016704,402,0.0,9999
1,47,53,469.5288,474.0,0.0,10000
1,47,54,481.6356,490.0,0.0,10000
1,47,55,406.70354070814165,414.0,0.0,9998
1,47,56,469.0981098109811,470,0.0,9999
1,47,57,456.2616,466.0,0.0,10000
1,47,58,481.2318,490.0,0.0,10000
1,47,59,403.68716871687167,410,0.0,9999
1,47,60,453.172,456.0,0.0,10000
1,47,61,488.25602560256027,496,0.0,9999
1,47,62,432.2126,436.0,0.0,10000
1,47,63,345.6342,340.0,0.0,10000
1,47,64,392.3496349634963,398,0.0,9999
1,47,65,268.9658,266.0,0.0,10000
1,47,66,297.6368,302.0,0.0,10000
1,47,67,304.6448,308.0,0.0,10000
1,47,68,410.7742774277428,430,0.0,9999
1,47,69,359.14691469146914,362,0.0,9999
1,47,70,391.198,394.0,0.0,10000
1,47,71,379.654,386.0,0.0,10000
1,47,72,472.4566,478.0,0.0,10000
1,47,73,360.6522,362.0,0.0,10000
1,47,74,472.98809880988097,474,0.0,9999
1,47,75,373.729,376.0,0.0,10000
1,47,76,475.9264,486.0,0.0,10000
1,47,77,363.875,370.0,0.0,10000
1,47,78,470.36887377475495,486.0,0.0,9998
1,47,79,461.8312,470.0,0.0,10000
1,47,80,469.3759375937594,468,0.0,9999
1,47,81,457.9872,474.0,0.0,10000
1,47,82,483.1748,498.0,0.0,10000
1,47,83,469.753350670134,474.0,0.0,9998
1,47,84,466.745349069814,482.0,0.0,9998
1,47,85,462.1296,480.0,0.0,10000
1,47,86,472.96889688968895,482,0.0,9999
1,47,87,468.25462546254624,476,0.0,9999
1,47,88,466.3972397239724,470,0.0,9999
1,47,89,439.4035403540354,448,0.0,9999
1,47,90,452.8226822682268,466,0.0,9999
1,47,91,427.584,436.0,0.0,10000
1,47,92,457.1036,470.0,0.0,10000
1,47,93,455.382,456.0,0.0,10000
1,47,94,406.86888688868885,428,0.0,9999
1,47,95,459.843,472.0,0.0,10000
1,47,96,469.6098,480.0,0.0,10000
1,47,97,441.8536,448.0,0.0,10000
1,47,98,473.6197619761976,478,0.0,9999
1,47,99,324.9762,326.0,0.0,10000
1,48,0,447.43554355435543,466,0.0,9999
1,48,1,434.56125612561254,444,0.0,9999
1,48,2,467.8394,476.0,0.0,10000
1,48,3,443.3698,450.0,0.0,10000
1,48,4,372.5922,380.0,0.0,10000
1,48,5,475.44254425442546,476,0.0,9999
1,48,6,338.4972497249725,342,0.0,9999
1,48,7,368.147,370.0,0.0,10000
1,48,8,452.010401040104,470,0.0,9999
1,48,9,458.85968596859686,470,0.0,9999
1,48,10,466.1080108010801,474,0.0,9999
1,48,11,378.8973794758952,384.0,0.0,9998
1,48,12,388.5884,396.0,0.0,10000
1,48,13,447.1259125912591,468,0.0,9999
1,48,14,455.74717471747175,462,0.0,9999
1,48,15,450.24722472247225,462,0.0,9999
1,48,16,356.3954,346.0,0.0,10000
1,48,17,447.3128,460.0,0.0,10000
1,48,18,458.137,470.0,0.0,10000
1,48,19,469.6695669566957,476,0.0,9999
1,48,20,366.972497249725,366,0.0,9999
1,48,21,448.14862972594517,454.0,0.0,9998
1,48,22,428.2518,438.0,0.0,10000
1,48,23,476.3224,488.0,0.0,10000
1,48,24,462.6754,472.0,0.0,10000
1,48,25,467.8618,480.0,0.0,10000
1,48,26,454.7492,462.0,0.0,10000
1,48,27,466.7988798879888,482,0.0,9999
1,48,28,460.73307330733076,476,0.0,9999
1,48,29,442.8382838283828,442,0.0,9999
1,48,30,454.78047804780476,472,0.0,9999
1,48,31,365.8811881188119,366,0.0,9999
1,48,32,444.145,444.0,0.0,10000
1,48,33,436.1614,450.0,0.0,10000
1,48,34,442.5608,448.0,0.0,10000
1,48,35,357.1432,360.0,0.0,10000
1,48,36,445.4362,454.0,0.0,10000
1,48,37,442.6172617261726,448,0.0,9999
1,48,38,447.2001200120012,454,0.0,9999
1,48,39,451.1666,460.0,0.0,10000
1,48,40,443.3933393339334,452,0.0,9999
1,48,41,443.411,450.0,0.0,10000
1,48,42,452.88908890889087,462,0.0,9999
1,48,43,442.9158,450.0,0.0,10000
1,48,44,449.9992,460.0,0.0,10000
1,48,45,356.3164,354.0,0.0,10000
1,48,46,477.4921492149215,486,0.0,9999
1,48,47,434.6532,432.0,0.0,10000
1,48,48,442.128,444.0,0.0,10000
1,48,49,459.1084,470.0,0.0,10000
1,48,50,404.2418,408.0,0.0,10000
1,48,51,446.6164,458.0,0.0,10000
1,48,52,463.14631463146316,468,0.0,9999
1,48,53,460.96429642964296,472,0.0,9999
1,48,54,439.094,446.0,0.0,10000
1,48,55,439.0809242772832,446,0.0,9997
1,48,56,475.4434,490.0,0.0,10000
1,48,57,445.228,452.0,0.0,10000
1,48,58,460.7436,476.0,0.0,10000
1,48,59,351.4132,352.0,0.0,10000
1,48,60,451.7416,466.0,0.0,10000
1,48,61,365.0372,370.0,0.0,10000
1,48,62,446.8576,442.0,0.0,10000
1,48,63,366.0656,370.0,0.0,10000
1,48,64,388.386,396.0,0.0,10000
1,48,65,386.2152215221522,392,0.0,9999
1,48,66,368.6918,376.0,0.0,10000
1,48,67,374.1276127612761,380,0.0,9999
1,48,68,362.6376,372.0,0.0,10000
1,48,69,275.9482,272.0,0.0,10000
1,48,70,357.9285928592859,360,0.0,9999
1,48,71,358.66986698669865,362,0.0,9999
1,48,72,449.7938,466.0,0.0,10000
1,48,73,465.1594,478.0,0.0,10000
1,48,74,456.8058,466.0,0.0,10000
1,48,75,458.2726545309062,468.0,0.0,9998
1,48,76,407.2312,452.0,0.0,10000
1,48,77,446.4482,454.0,0.0,10000
1,48,78,436.0512,438.0,0.0,10000
1,48,79,451.6906,468.0,0.0,10000
1,48,80,463.6874,476.0,0.0,10000
1,48,81,481.472,488.0,0.0,10000
1,48,82,448.25942594259425,454,0.0,9999
1,48,83,438.0,454.0,0.0,10000
1,48,84,477.83578357835785,494,0.0,9999
1,48,85,446.5024,456.0,0.0,10000
1,48,86,366.3402,372.0,0.0,10000
1,48,87,471.4064,478.0,0.0,10000
1,48,88,350.1712,358.0,0.0,10000
1,48,89,448.3906390639064,460,0.0,9999
1,48,90,408.3562,424.0,0.0,10000
1,48,91,447.3114,454.0,0.0,10000
1,48,92,390.507,400.0,0.0,10000
1,48,93,442.6862,446.0,0.0,10000
1,48,94,455.971,462.0,0.0,10000
1,48,95,359.7398,360.0,0.0,10000
1,48,96,466.2168,472.0,0.0,10000
1,48,97,434.7010701070107,440,0.0,9999
1,48,98,440.7888788878888,456,0.0,9999
1,48,99,451.036103610361,462,0.0,9999
1,49,0,342.2782,348.0,0.0,10000
1,49,1,350.3528,356.0,0.0,10000
1,49,2,375.3372,382.0,0.0,10000
1,49,3,431.8774,438.0,0.0,10000
1,49,4,344.2348704611383,348,0.0,9997
1,49,5,449.2685268526853,458,0.0,9999
1,49,6,425.9208,432.0,0.0,10000
1,49,7,321.6011601160116,324,0.0,9999
1,49,8,367.77173151945584,370,0.0,9997
1,49,9,343.6333633363336,348,0.0,9999
1,49,10,395.13791379137916,430,0.0,9999
1,49,11,400.1948194819482,402,0.0,9999
1,49,12,441.8336,454.0,0.0,10000
1,49,13,446.63206320632065,454,0.0,9999
1,49,14,428.25362536253624,424,0.0,9999
1,49,15,433.8444,442.0,0.0,10000
1,49,16,445.1981198119812,452,0.0,9999
1,49,17,350.1486148614861,354,0.0,9999
1,49,18,439.8266,448.0,0.0,10000
1,49,19,437.3143314331433,444,0.0,9999
1,49,20,447.7589758975898,454,0.0,9999
1,49,21,420.0104,428.0,0.0,10000
1,49,22,451.6353270654131,460.0,0.0,9998
1,49,23,432.8894,442.0,0.0,10000
1,49,24,456.19,476.0,0.0,10000
1,49,25,398.24822482248226,406,0.0,9999
1,49,26,462.4128,474.0,0.0,10000
1,49,27,430.2762,436.0,0.0,10000
1,49,28,357.4412,362.0,0.0,10000
1,49,29,440.43004300430044,444,0.0,9999
1,49,30,449.6546,464.0,0.0,10000
1,49,31,411.1642,416.0,0.0,10000
1,49,32,351.2012,354.0,0.0,10000
1,49,33,347.21392139213924,352,0.0,9999
1,49,34,457.5862,468.0,0.0,10000
1,49,35,442.335,450.0,0.0,10000
1,49,36,445.588,452.0,0.0,10000
1,49,37,328.7768,326.0,0.0,10000
1,49,38,427.5022,430.0,0.0,10000
1,49,39,364.8122,380.0,0.0,10000
1,49,40,438.8978897889789,444,0.0,9999
1,49,41,415.54,422.0,0.0,10000
1,49,42,425.8886,434.0,0.0,10000
1,49,43,419.7898,424.0,0.0,10000
1,49,44,450.2444,462.0,0.0,10000
1,49,45,428.1286128612861,446,0.0,9999
1,49,46,409.0752,422.0,0.0,10000
1,49,47,427.2515251525152,426,0.0,9999
1,49,48,442.482,450.0,0.0,10000
1,49,49,449.26212621262124,454,0.0,9999
1,49,50,440.4384,452.0,0.0,10000
1,49,51,433.8338,444.0,0.0,10000
1,49,52,427.767,442.0,0.0,10000
1,49,53,416.013,420.0,0.0,10000
1,49,54,432.682,436.0,0.0,10000
1,49,55,417.1206,424.0,0.0,10000
1,49,56,435.8038,442.0,0.0,10000
1,49,57,429.5022,434.0,0.0,10000
1,49,58,437.3072,448.0,0.0,10000
1,49,59,371.237,372.0,0.0,10000
1,49,60,440.61572314462893,438.0,0.0,9998
1,49,61,424.5958,432.0,0.0,10000
1,49,62,448.8402,452.0,0.0,10000
1,49,63,456.7286728672867,464,0.0,9999
1,49,64,364.2646,362.0,0.0,10000
1,49,65,283.4868,272.0,0.0,10000
1,49,66,379.9322,384.0,0.0,10000
1,49,67,380.82908290829084,392,0.0,9999
1,49,68,280.596,280.0,0.0,10000
1,49,69,357.0814,366.0,0.0,10000
1,49,70,276.4806480648065,272,0.0,9999
1,49,71,280.5428542854285,268,0.0,9999
1,49,72,432.5192,442.0,0.0,10000
1,49,73,392.67486748674867,402,0.0,9999
1,49,74,456.0036,462.0,0.0,10000
1,49,75,402.53105310531055,410,0.0,9999
1,49,76,428.9366,432.0,0.0,10000
1,49,77,415.3247324732473,418,0.0,9999
1,49,78,354.02640264026405,360,0.0,9999
1,49,79,442.6062,450.0,0.0,10000
1,49,80,316.0772077207721,306,0.0,9999
1,49,81,439.1596,448.0,0.0,10000
1,49,82,432.51945194519453,438,0.0,9999
1,49,83,409.7705770577058,416,0.0,9999
1,49,84,428.498,434.0,0.0,10000
1,49,85,436.7810781078108,448,0.0,9999
1,49,86,419.5485548554856,426,0.0,9999
1,49,87,328.8838,332.0,0.0,10000
1,49,88,437.7748,450.0,0.0,10000
1,49,89,420.189,428.0,0.0,10000
1,49,90,407.3268,420.0,0.0,10000
1,49,91,421.0985098509851,434,0.0,9999
1,49,92,324.856,330.0,0.0,10000
1,49,93,405.8787878787879,410,0.0,9999
1,49,94,425.55331066213245,432.0,0.0,9998
1,49,95,431.7866,444.0,0.0,10000
1,49,96,430.08441688337666,448.0,0.0,9998
1,49,97,433.4897489748975,438,0.0,9999
1,49,98,432.67166716671665,446,0.0,9999
1,49,99,375.2,370.0,0.0,10000
2,0,0,554.0550165049515,324,0.0,9997
2,0,1,718.8265653130626,768.0,0.0,9998
2,0,2,490.61752350470096,268.0,0.0,9998
2,0,3,581.7903580716144,724.0,0.0,9998
2,0,4,377.03380676135225,274.0,0.0,9998
2,0,5,728.944894489449,734,0.0,9999
2,0,6,657.0311155577789,754,0.0,9995
2,0,7,694.0968193638728,786.0,0.0,9998
2,0,8,704.9392,720.0,0.0,10000
2,0,9,475.6934,268.0,0.0,10000
2,0,10,648.182,688.0,0.0,10000
2,0,11,671.7559755975598,738,0.0,9999
2,0,12,718.8846,732.0,0.0,10000
2,0,13,649.9066,748.0,0.0,10000
2,0,14,660.948694869487,740,0.0,9999
2,0,15,672.1386,782.0,0.0,10000
2,0,16,704.9402,726.0,0.0,10000
2,0,17,580.9505802320929,698.0,0.0,9996
2,0,18,660.8702,686.0,0.0,10000
2,0,19,767.6640656262505,766.0,0.0,9996
2,0,20,731.6580290145073,788,0.0,9995
2,0,21,642.3998,676.0,0.0,10000
2,0,22,588.3466346634664,688,0.0,9999
2,0,23,701.995399539954,782,0.0,9999
2,0,24,709.5265632816408,774,0.0,9995
2,0,25,691.3656096829048,746,0.0,9997
2,0,26,609.743948789758,710.0,0.0,9998
2,0,27,724.6159847954386,766,0.0,9997
2,0,28,565.3995598239296,454.0,0.0,9996
2,0,29,573.3208641728346,682.0,0.0,9998
2,0,30,704.9842,728.0,0.0,10000
2,0,31,537.3125312531253,594,0.0,9999
2,0,32,659.8597859785979,752,0.0,9999
2,0,33,688.6878687868787,714,0.0,9999
2,0,34,692.0672067206721,724,0.0,9999
2,0,35,527.8819881988198,670,0.0,9999
2,0,36,598.3831532613045,698.0,0.0,9996
2,0,37,552.7064825930372,690.0,0.0,9996
2,0,38,670.6414,746.0,0.0,10000
2,0,39,749.4975497549755,758,0.0,9999
2,0,40,721.8114680276193,792,0.0,9993
2,0,41,714.5210084033613,796.0,0.0,9996
2,0,42,677.5859585958596,686,0.0,9999
2,0,43,458.7774,268.0,0.0,10000
2,0,44,751.7865786578658,782,0.0,9999
2,0,45,629.803,702.0,0.0,10000
2,0,46,721.609443777511,764.0,0.0,9996
2,0,47,730.3908390839084,762,0.0,9999
2,0,48,403.4105410541054,266,0.0,9999
2,0,49,666.8377864505154,750,0.0,9993
2,0,50,448.6778,266.0,0.0,10000
2,0,51,619.0120048019207,762.0,0.0,9996
2,0,52,698.7824,742.0,0.0,10000
2,0,53,543.2080456319424,436,0.0,9993
2,0,54,539.4358871774355,286.0,0.0,9998
2,0,55,680.634326865373,704.0,0.0,9998
2,0,56,654.5942594259426,776,0.0,9999
2,0,57,691.032503250325,734,0.0,9999
2,0,58,818.7989195678272,948.0,0.0,9996
2,0,59,580.7803560712142,746.0,0.0,9998
2,0,60,635.6127612761276,760,0.0,9999
2,0,61,655.2426,686.0,0.0,10000
2,0,62,544.7054116234871,644,0.0,9997
2,0,63,409.4125412541254,266,0.0,9999
2,0,64,691.4068,710.0,0.0,10000
2,0,65,686.2842284228423,710,0.0,9999
2,0,66,731.5961192238448,786.0,0.0,9998
2,0,67,562.8604860486049,738,0.0,9999
2,0,68,690.9406,720.0,0.0,10000
2,0,69,625.5950355319787,728,0.0,9991
2,0,70,742.1178589294648,770,0.0,9995
2,0,71,458.3561068320496,274,0.0,9997
2,0,72,526.3148629725945,483.0,0.0,9998
2,0,73,563.4125412541254,688,0.0,9999
2,0,74,738.0084016803361,782.0,0.0,9998
2,0,75,704.7266726672667,750,0.0,9999
2,0,76,695.1972,744.0,0.0,10000
2,0,77,793.3757503001201,802.0,0.0,9996
2,0,78,714.7142714271428,756,0.0,9999
2,0,79,760.7906371911573,774,0.0,9997
2,0,80,691.9286,740.0,0.0,10000
2,0,81,667.5916,740.0,0.0,10000
2,0,82,445.6514,274.0,0.0,10000
2,0,83,705.4572,772.0,0.0,10000
2,0,84,628.9480844253276,708,0.0,9997
2,0,85,582.3240648129625,684.0,0.0,9998
2,0,86,458.8046804680468,274,0.0,9999
2,0,87,712.5153030606122,774.0,0.0,9998
2,0,88,619.2397719315795,696,0.0,9997
2,0,89,476.8104810481048,274,0.0,9999
2,0,90,695.3058529264632,772,0.0,9995
2,0,91,588.1418141814181,698,0.0,9999
2,0,92,626.3566,762.0,0.0,10000
2,0,93,562.6104610461047,704,0.0,9999
2,0,94,664.0086,706.0,0.0,10000
2,0,95,657.9236,678.0,0.0,10000
2,0,96,721.8372,748.0,0.0,10000
2,0,97,700.5862586258626,736,0.0,9999
2,0,98,708.2692,762.0,0.0,10000
2,0,99,770.034203420342,764,0.0,9999
2,1,0,722.408,722.0,0.0,10000
2,1,1,570.2318463692739,764.0,0.0,9998
2,1,2,408.1324132413241,266,0.0,9999
2,1,3,760.942894289429,786,0.0,9999
2,1,4,576.997699769977,684,0.0,9999
2,1,5,630.8595719143829,702.0,0.0,9998
2,1,6,611.6486946083825,686,0.0,9997
2,1,7,757.8483848384839,766,0.0,9999
2,1,8,700.881176235247,724.0,0.0,9998
2,1,9,642.6582,710.0,0.0,10000
2,1,10,435.7097709770977,274,0.0,9999
2,1,11,588.7363472694539,722.0,0.0,9998
2,1,12,628.4906,716.0,0.0,10000
2,1,13,692.4816481648165,734,0.0,9999
2,1,14,480.9968,268.0,0.0,10000
2,1,15,745.1708,760.0,0.0,10000
2,1,16,686.7128138441533,750,0.0,9997
2,1,17,748.5688550840673,772.0,0.0,9992
2,1,18,633.023502350235,716,0.0,9999
2,1,19,707.8828,712.0,0.0,10000
2,1,20,717.6446,740.0,0.0,10000
2,1,21,612.328,738.0,0.0,10000
2,1,22,682.600300150075,732,0.0,9995
2,1,23,701.6847054116234,790,0.0,9997
2,1,24,519.0445044504451,286,0.0,9999
2,1,25,761.9321728691476,806.0,0.0,9996
2,1,26,713.809,750.0,0.0,10000
2,1,27,648.6332,728.0,0.0,10000
2,1,28,538.4696939387877,692.0,0.0,9998
2,1,29,705.0588117623524,764.0,0.0,9998
2,1,30,687.0882,714.0,0.0,10000
2,1,31,697.181,706.0,0.0,10000
2,1,32,738.7853570714143,760.0,0.0,9998
2,1,33,523.8087808780878,652,0.0,9999
2,1,34,643.5356142456983,780.0,0.0,9996
2,1,35,685.7402,706.0,0.0,10000
2,1,36,631.6225622562256,706,0.0,9999
2,1,37,708.2868286828683,724,0.0,9999
2,1,38,689.1758703481393,738.0,0.0,9996
2,1,39,713.4165416541654,730,0.0,9999
2,1,40,673.0588,732.0,0.0,10000
2,1,41,680.1502,702.0,0.0,10000
2,1,42,832.9193031637966,956.0,0.0,9988
2,1,43,613.5939593959396,714,0.0,9999
2,1,44,714.4894489448944,768,0.0,9999
2,1,45,745.2573029211685,772.0,0.0,9996
2,1,46,732.1418141814181,750,0.0,9999
2,1,47,486.56325632563255,268,0.0,9999
2,1,48,705.6454,738.0,0.0,10000
2,1,49,414.871,274.0,0.0,10000
2,1,50,700.241,722.0,0.0,10000
2,1,51,430.04600460046004,266,0.0,9999
2,1,52,696.1462292458492,732.0,0.0,9998
2,1,53,581.1394,694.0,0.0,10000
2,1,54,799.2865146058423,782.0,0.0,9996
2,1,55,562.3278327832784,688,0.0,9999
2,1,56,467.24324864972994,282.0,0.0,9998
2,1,57,682.0454,684.0,0.0,10000
2,1,58,733.0610122024405,774.0,0.0,9998
2,1,59,609.6414,748.0,0.0,10000
2,1,60,556.5924,698.0,0.0,10000
2,1,61,761.6641328265653,762.0,0.0,9998
2,1,62,631.8337667533507,764.0,0.0,9998
2,1,63,752.8856428214107,762,0.0,9995
2,1,64,668.6906,674.0,0.0,10000
2,1,65,709.4836,750.0,0.0,10000
2,1,66,583.6823682368237,684,0.0,9999
2,1,67,522.8796,682.0,0.0,10000
2,1,68,701.3902,728.0,0.0,10000
2,1,69,678.3654730946189,748.0,0.0,9998
2,1,70,651.7805780578058,734,0.0,9999
2,1,71,521.0596119223845,690.0,0.0,9998
2,1,72,729.6751350270054,744.0,0.0,9998
2,1,73,701.1532306461293,734.0,0.0,9998
2,1,74,654.7498,706.0,0.0,10000
2,1,75,816.0988890001001,802,0.0,9991
2,1,76,608.6564,710.0,0.0,10000
2,1,77,693.5916,698.0,0.0,10000
2,1,78,701.372211663499,744,0.0,9997
2,1,79,571.037503750375,738,0.0,9999
2,1,80,688.074207420742,716,0.0,9999
2,1,81,796.2055027513757,956,0.0,9995
2,1,82,715.7321464292859,786.0,0.0,9998
2,1,83,604.9293717486995,746.0,0.0,9996
2,1,84,373.66716671667166,266,0.0,9999
2,1,85,510.0686068606861,276,0.0,9999
2,1,86,757.8583291645823,792,0.0,9995
2,1,87,587.951975987994,700,0.0,9995
2,1,88,607.9276,772.0,0.0,10000
2,1,89,711.8217821782179,754,0.0,9999
2,1,90,692.8868886888689,720,0.0,9999
2,1,91,646.5176517651765,768,0.0,9999
2,1,92,491.7927792779278,268,0.0,9999
2,1,93,758.3244973492048,746,0.0,9997
2,1,94,725.0366073214643,780.0,0.0,9998
2,1,95,680.1868,714.0,0.0,10000
2,1,96,538.3152315231523,676,0.0,9999
2,1,97,717.3189956987096,776,0.0,9997
2,1,98,737.2456,760.0,0.0,10000
2,1,99,689.2546,736.0,0.0,10000
2,2,0,609.5832,728.0,0.0,10000
2,2,1,685.2909290929093,736,0.0,9999
2,2,2,663.3703370337033,686,0.0,9999
2,2,3,723.2186,756.0,0.0,10000
2,2,4,662.0582058205821,680,0.0,9999
2,2,5,670.6645329065814,736.0,0.0,9998
2,2,6,615.6797679767977,760,0.0,9999
2,2,7,595.6853685368537,666,0.0,9999
2,2,8,646.5674567456746,750,0.0,9999
2,2,9,732.959895989599,768,0.0,9999
2,2,10,691.8292,766.0,0.0,10000
2,2,11,615.1652,636.0,0.0,10000
2,2,12,663.546,670.0,0.0,10000
2,2,13,663.2780556111222,766.0,0.0,9998
2,2,14,668.004,770.0,0.0,10000
2,2,15,628.8336833683368,640,0.0,9999
2,2,16,669.973,682.0,0.0,10000
2,2,17,659.0838,688.0,0.0,10000
2,2,18,718.6623324664934,776.0,0.0,9998
2,2,19,657.7951795179519,716,0.0,9999
2,2,20,738.9112911291129,786,0.0,9999
2,2,21,658.2080208020802,704,0.0,9999
2,2,22,760.3415707853927,790,0.0,9995
2,2,23,714.9762976297629,754,0.0,9999
2,2,24,621.5522,676.0,0.0,10000
2,2,25,576.1882,704.0,0.0,10000
2,2,26,720.6248,760.0,0.0,10000
2,2,27,628.1372137213722,668,0.0,9999
2,2,28,614.7388,650.0,0.0,10000
2,2,29,688.1222,762.0,0.0,10000
2,2,30,699.5065506550656,770,0.0,9999
2,2,31,675.4688,732.0,0.0,10000
2,2,32,572.6686,720.0,0.0,10000
2,2,33,675.752150430086,748.0,0.0,9998
2,2,34,639.5332,680.0,0.0,10000
2,2,35,742.9395879175835,774.0,0.0,9998
2,2,36,718.7274727472748,736,0.0,9999
2,2,37,703.1537153715371,738,0.0,9999
2,2,38,667.7091418283657,676.0,0.0,9998
2,2,39,733.1754350870174,770.0,0.0,9998
2,2,40,655.0883088308831,662,0.0,9999
2,2,41,763.409622886866,768,0.0,9997
2,2,42,652.1172117211721,656,0.0,9999
2,2,43,739.5213521352135,752,0.0,9999
2,2,44,659.5423084616923,666.0,0.0,9998
2,2,45,668.9918,682.0,0.0,10000
2,2,46,678.076207620762,702,0.0,9999
2,2,47,737.6409640964097,792,0.0,9999
2,2,48,500.7830783078308,276,0.0,9999
2,2,49,725.032103210321,740,0.0,9999
2,2,50,729.6288,768.0,0.0,10000
2,2,51,613.6646,666.0,0.0,10000
2,2,52,671.211,690.0,0.0,10000
2,2,53,620.0804160832166,652.0,0.0,9998
2,2,54,679.7648,722.0,0.0,10000
2,2,55,713.132,740.0,0.0,10000
2,2,56,742.2322,774.0,0.0,10000
2,2,57,715.0644,744.0,0.0,10000
2,2,58,695.0384,730.0,0.0,10000
2,2,59,616.3174317431743,652,0.0,9999
2,2,60,464.1278,276.0,0.0,10000
2,2,61,658.1886,666.0,0.0,10000
2,2,62,717.2605260526053,776,0.0,9999
2,2,63,623.203,666.0,0.0,10000
2,2,64,707.1702,724.0,0.0,10000
2,2,65,664.773,698.0,0.0,10000
2,2,66,628.0592118423684,680.0,0.0,9998
2,2,67,594.1252,690.0,0.0,10000
2,2,68,727.8447534260279,766,0.0,9997
2,2,69,682.9456,714.0,0.0,10000
2,2,70,716.7932,732.0,0.0,10000
2,2,71,666.0384,762.0,0.0,10000
2,2,72,658.9478,734.0,0.0,10000
2,2,73,678.8744874487448,700,0.0,9999
2,2,74,717.078107810781,776,0.0,9999
2,2,75,663.6866,704.0,0.0,10000
2,2,76,639.345,768.0,0.0,10000
2,2,77,583.4004,744.0,0.0,10000
2,2,78,728.8870661198359,766,0.0,9997
2,2,79,736.5338,760.0,0.0,10000
2,2,80,798.3911173352005,794,0.0,9997
2,2,81,722.5062506250625,754,0.0,9999
2,2,82,554.1206,740.0,0.0,10000
2,2,83,795.3636181709026,792.0,0.0,9994
2,2,84,661.9279927992799,676,0.0,9999
2,2,85,465.1008,274.0,0.0,10000
2,2,86,732.5524552455246,744,0.0,9999
2,2,87,730.7979181263137,790,0.0,9991
2,2,88,667.4902,708.0,0.0,10000
2,2,89,621.6467646764677,686,0.0,9999
2,2,90,748.792,762.0,0.0,10000
2,2,91,713.3672,728.0,0.0,10000
2,2,92,765.0590118023605,796.0,0.0,9998
2,2,93,745.5303530353035,756,0.0,9999
2,2,94,687.2162,690.0,0.0,10000
2,2,95,754.2636,782.0,0.0,10000
2,2,96,684.2968296829683,710,0.0,9999
2,2,97,714.5173034606921,734.0,0.0,9998
2,2,98,658.5428542854286,766,0.0,9999
2,2,99,665.976597659766,680,0.0,9999
2,3,0,572.882376475295,632.0,0.0,9998
2,3,1,703.1072,712.0,0.0,10000
2,3,2,681.7079707970797,704,0.0,9999
2,3,3,700.9545909181836,750.0,0.0,9998
2,3,4,664.4183254976493,712,0.0,9997
2,3,5,741.7897789778978,770,0.0,9999
2,3,6,675.1968,702.0,0.0,10000
2,3,7,646.9886,736.0,0.0,10000
2,3,8,715.6502,776.0,0.0,10000
2,3,9,666.988098809881,696,0.0,9999
2,3,10,710.5865173034607,724.0,0.0,9998
2,3,11,590.4986,682.0,0.0,10000
2,3,12,651.3242648529706,778.0,0.0,9998
2,3,13,737.318,752.0,0.0,10000
2,3,14,725.5859585958596,762,0.0,9999
2,3,15,737.7535260578173,758,0.0,9997
2,3,16,441.15831583158314,282,0.0,9999
2,3,17,723.3936787357471,744.0,0.0,9998
2,3,18,657.6661666166617,770,0.0,9999
2,3,19,635.2311231123113,750,0.0,9999
2,3,20,765.111933580074,788,0.0,9997
2,3,21,725.7365736573657,740,0.0,9999
2,3,22,650.458,776.0,0.0,10000
2,3,23,583.0561056105611,674,0.0,9999
2,3,24,728.0898,744.0,0.0,10000
2,3,25,653.8356,660.0,0.0,10000
2,3,26,763.0666133226646,784.0,0.0,9998
2,3,27,710.8276,768.0,0.0,10000
2,3,28,726.6656,782.0,0.0,10000
2,3,29,739.084108410841,770,0.0,9999
2,3,30,828.1047151867053,798,0.0,9989
2,3,31,707.7835783578358,772,0.0,9999
2,3,32,738.0842168433687,790.0,0.0,9998
2,3,33,795.3311324529811,800.0,0.0,9996
2,3,34,598.628788636591,720,0.0,9997
2,3,35,648.3688,676.0,0.0,10000
2,3,36,627.249299719888,734.0,0.0,9996
2,3,37,531.4508,694.0,0.0,10000
2,3,38,708.5178,742.0,0.0,10000
2,3,39,767.6644657863145,782.0,0.0,9996
2,3,40,614.9764,770.0,0.0,10000
2,3,41,641.3758,644.0,0.0,10000
2,3,42,685.8822,730.0,0.0,10000
2,3,43,771.2662864004803,790,0.0,9993
2,3,44,754.6168616861686,780,0.0,9999
2,3,45,735.6671667166717,778,0.0,9999
2,3,46,715.7985798579858,772,0.0,9999
2,3,47,656.8902,692.0,0.0,10000
2,3,48,747.2323394036422,782.0,0.0,9994
2,3,49,708.183,738.0,0.0,10000
2,3,50,744.5718,784.0,0.0,10000
2,3,51,736.9277855571114,750.0,0.0,9998
2,3,52,763.8275482644793,768,0.0,9997
2,3,53,736.1096,758.0,0.0,10000
2,3,54,736.6438,774.0,0.0,10000
2,3,55,709.1347134713471,770,0.0,9999
2,3,56,688.4144828965793,762.0,0.0,9998
2,3,57,765.1760352070414,786.0,0.0,9998
2,3,58,641.3877387738773,744,0.0,9999
2,3,59,714.5564556455646,728,0.0,9999
2,3,60,731.6095609560956,780,0.0,9999
2,3,61,645.5595119023805,652.0,0.0,9998
2,3,62,571.3271327132713,732,0.0,9999
2,3,63,752.6602660266027,776,0.0,9999
2,3,64,646.3310331033103,662,0.0,9999
2,3,65,707.6444,750.0,0.0,10000
2,3,66,699.8511851185118,762,0.0,9999
2,3,67,602.0350035003501,712,0.0,9999
2,3,68,740.6846684668467,772,0.0,9999
2,3,69,802.4599839935975,802.0,0.0,9996
2,3,70,561.7963796379638,682,0.0,9999
2,3,71,652.0450045004501,730,0.0,9999
2,3,72,650.7486748674868,746,0.0,9999
2,3,73,687.7142,734.0,0.0,10000
2,3,74,719.0258,730.0,0.0,10000
2,3,75,708.2246224622462,766,0.0,9999
2,3,76,700.4532453245324,716,0.0,9999
2,3,77,711.9355935593559,720,0.0,9999
2,3,78,696.4,702.0,0.0,10000
2,3,79,685.2554,726.0,0.0,10000
2,3,80,684.6753350670134,700.0,0.0,9998
2,3,81,636.8568856885688,690,0.0,9999
2,3,82,644.7568,716.0,0.0,10000
2,3,83,648.6441288257652,762.0,0.0,9998
2,3,84,711.1633163316332,762,0.0,9999
2,3,85,646.189,696.0,0.0,10000
2,3,86,716.1802,758.0,0.0,10000
2,3,87,519.7463238971692,650,0.0,9997
2,3,88,703.9368,718.0,0.0,10000
2,3,89,620.6373274654931,680.0,0.0,9998
2,3,90,641.508,660.0,0.0,10000
2,3,91,745.6981094328298,782,0.0,9997
2,3,92,747.2055205520552,758,0.0,9999
2,3,93,353.4938,272.0,0.0,10000
2,3,94,708.4808,722.0,0.0,10000
2,3,95,747.4747474747475,760,0.0,9999
2,3,96,747.5988395358144,780.0,0.0,9996
2,3,97,704.2670534106821,756.0,0.0,9998
2,3,98,637.7274,674.0,0.0,10000
2,3,99,589.8086,606.0,0.0,10000
2,4,0,655.8853656096829,748,0.0,9997
2,4,1,600.2660266026603,648,0.0,9999
2,4,2,644.7755551110222,740.0,0.0,9998
2,4,3,581.4904,608.0,0.0,10000
2,4,4,688.6689337867574,758.0,0.0,9998
2,4,5,638.4150415041504,662,0.0,9999
2,4,6,604.2526252625263,740,0.0,9999
2,4,7,664.662,676.0,0.0,10000
2,4,8,685.972797279728,690,0.0,9999
2,4,9,641.033,658.0,0.0,10000
2,4,10,728.8980898089809,740,0.0,9999
2,4,11,632.651,720.0,0.0,10000
2,4,12,690.5962,712.0,0.0,10000
2,4,13,660.5598,742.0,0.0,10000
2,4,14,596.4574457445744,672,0.0,9999
2,4,15,599.3859385938594,628,0.0,9999
2,4,16,650.4136,644.0,0.0,10000
2,4,17,689.7659531906381,714.0,0.0,9998
2,4,18,601.1595159515952,612,0.0,9999
2,4,19,657.2200440088018,698.0,0.0,9998
2,4,20,635.1292,652.0,0.0,10000
2,4,21,662.6934,698.0,0.0,10000
2,4,22,579.4631463146314,612,0.0,9999
2,4,23,626.614322864573,678.0,0.0,9998
2,4,24,726.5056,748.0,0.0,10000
2,4,25,628.277,652.0,0.0,10000
2,4,26,667.091709170917,716,0.0,9999
2,4,27,602.9198,624.0,0.0,10000
2,4,28,720.3581074322296,720,0.0,9997
2,4,29,685.4334300290087,694,0.0,9997
2,4,30,602.3550355035503,730,0.0,9999
2,4,31,637.7492,662.0,0.0,10000
2,4,32,667.1768353670734,686.0,0.0,9998
2,4,33,688.1564,750.0,0.0,10000
2,4,34,612.3522352235224,660,0.0,9999
2,4,35,680.047604760476,708,0.0,9999
2,4,36,588.6840684068407,598,0.0,9999
2,4,37,691.8824,702.0,0.0,10000
2,4,38,641.5315063012603,696.0,0.0,9998
2,4,39,659.3656,670.0,0.0,10000
2,4,40,701.4431443144315,746,0.0,9999
2,4,41,694.6659331866373,734.0,0.0,9998
2,4,42,698.2804280428043,738,0.0,9999
2,4,43,692.5895179035807,718.0,0.0,9998
2,4,44,717.8144,752.0,0.0,10000
2,4,45,658.4050405040504,674,0.0,9999
2,4,46,727.6817681768176,754,0.0,9999
2,4,47,728.6678,762.0,0.0,10000
2,4,48,670.8726,694.0,0.0,10000
2,4,49,661.8152,692.0,0.0,10000
2,4,50,715.1682,752.0,0.0,10000
2,4,51,609.2370474094819,630.0,0.0,9998
2,4,52,633.3428,662.0,0.0,10000
2,4,53,684.8912,742.0,0.0,10000
2,4,54,709.2091627488246,666,0.0,9997
2,4,55,683.6716,692.0,0.0,10000
2,4,56,649.2481248124813,690,0.0,9999
2,4,57,669.6767676767677,728,0.0,9999
2,4,58,693.091709170917,704,0.0,9999
2,4,59,608.3832,630.0,0.0,10000
2,4,60,610.5184518451845,658,0.0,9999
2,4,61,677.2737273727373,704,0.0,9999
2,4,62,486.86,476.0,0.0,10000
2,4,63,673.3509350935094,712,0.0,9999
2,4,64,669.4482,678.0,0.0,10000
2,4,65,727.0899089908991,762,0.0,9999
2,4,66,648.4906490649065,734,0.0,9999
2,4,67,697.6306,706.0,0.0,10000
2,4,68,740.7972797279728,768,0.0,9999
2,4,69,700.7000700070007,736,0.0,9999
2,4,70,700.5666,734.0,0.0,10000
2,4,71,695.3196,712.0,0.0,10000
2,4,72,603.3426,646.0,0.0,10000
2,4,73,621.8842,638.0,0.0,10000
2,4,74,670.3802380238023,738,0.0,9999
2,4,75,638.0408,710.0,0.0,10000
2,4,76,644.5482,694.0,0.0,10000
2,4,77,614.8126812681268,656,0.0,9999
2,4,78,623.193,722.0,0.0,10000
2,4,79,621.3776755351071,612.0,0.0,9998
2,4,80,687.1819181918191,728,0.0,9999
2,4,81,686.6768676867687,704,0.0,9999
2,4,82,673.4415441544154,716,0.0,9999
2,4,83,694.3748374837484,710,0.0,9999
2,4,84,653.0186,700.0,0.0,10000
2,4,85,699.5643128625725,744.0,0.0,9998
2,4,86,618.949894989499,708,0.0,9999
2,4,87,612.6492649264926,668,0.0,9999
2,4,88,587.8031803180318,596,0.0,9999
2,4,89,666.6415283056612,706.0,0.0,9998
2,4,90,700.7442,704.0,0.0,10000
2,4,91,648.3290329032903,654,0.0,9999
2,4,92,688.9976,704.0,0.0,10000
2,4,93,624.02600260026,664,0.0,9999
2,4,94,702.4764476447644,740,0.0,9999
2,4,95,579.383076615323,596.0,0.0,9998
2,4,96,625.8131626325265,652.0,0.0,9998
2,4,97,624.6620662066207,646,0.0,9999
2,4,98,495.03631089326797,276,0.0,9997
2,4,99,446.8418841884188,266,0.0,9999
2,5,0,705.2852,738.0,0.0,10000
2,5,1,647.9551955195519,692,0.0,9999
2,5,2,693.565,726.0,0.0,10000
2,5,3,563.6049604960496,590,0.0,9999
2,5,4,715.742348469694,756.0,0.0,9998
2,5,5,484.9873949579832,268.0,0.0,9996
2,5,6,596.4576915383077,732.0,0.0,9998
2,5,7,616.1946,658.0,0.0,10000
2,5,8,686.8644,732.0,0.0,10000
2,5,9,664.1468146814682,674,0.0,9999
2,5,10,630.2506,646.0,0.0,10000
2,5,11,652.599,728.0,0.0,10000
2,5,12,657.2185218521852,706,0.0,9999
2,5,13,600.73,664.0,0.0,10000
2,5,14,695.7027108132439,712,0.0,9997
2,5,15,581.5788,686.0,0.0,10000
2,5,16,632.7645529105821,688.0,0.0,9998
2,5,17,597.2662,608.0,0.0,10000
2,5,18,666.1616161616162,690,0.0,9999
2,5,19,631.4076,646.0,0.0,10000
2,5,20,631.917,648.0,0.0,10000
2,5,21,650.1958391678336,692.0,0.0,9998
2,5,22,645.085,660.0,0.0,10000
2,5,23,617.3219321932194,632,0.0,9999
2,5,24,686.971,720.0,0.0,10000
2,5,25,590.204,742.0,0.0,10000
2,5,26,624.5858,632.0,0.0,10000
2,5,27,377.4568,272.0,0.0,10000
2,5,28,624.998599719944,640.0,0.0,9998
2,5,29,657.3682,663.0,0.0,10000
2,5,30,725.3254,754.0,0.0,10000
2,5,31,690.509701940388,728.0,0.0,9998
2,5,32,609.1737173717372,660,0.0,9999
2,5,33,674.0008,684.0,0.0,10000
2,5,34,658.1234246849369,690.0,0.0,9998
2,5,35,612.673,666.0,0.0,10000
2,5,36,633.2495249524952,704,0.0,9999
2,5,37,703.8439843984398,754,0.0,9999
2,5,38,595.1871187118712,694,0.0,9999
2,5,39,586.4674,692.0,0.0,10000
2,5,40,699.5648,746.0,0.0,10000
2,5,41,725.1527152715272,756,0.0,9999
2,5,42,691.0768,714.0,0.0,10000
2,5,43,663.2038407681537,678.0,0.0,9998
2,5,44,618.0726145229046,666.0,0.0,9998
2,5,45,626.3902390239024,732,0.0,9999
2,5,46,645.7004,678.0,0.0,10000
2,5,47,701.4881488148815,742,0.0,9999
2,5,48,636.3152,662.0,0.0,10000
2,5,49,657.6024,674.0,0.0,10000
2,5,50,633.6365636563656,676,0.0,9999
2,5,51,690.8533706741348,756.0,0.0,9998
2,5,52,705.3614,744.0,0.0,10000
2,5,53,710.2206220622062,758,0.0,9999
2,5,54,642.0470047004701,672,0.0,9999
2,5,55,634.3374337433744,668,0.0,9999
2,5,56,670.4983495048515,682,0.0,9997
2,5,57,611.3719371937194,704,0.0,9999
2,5,58,671.428,758.0,0.0,10000
2,5,59,694.1264,724.0,0.0,10000
2,5,60,634.3306,674.0,0.0,10000
2,5,61,714.980898089809,766,0.0,9999
2,5,62,711.2555255525552,748,0.0,9999
2,5,63,653.3284656931386,688.0,0.0,9998
2,5,64,737.1692,744.0,0.0,10000
2,5,65,647.4906,718.0,0.0,10000
2,5,66,684.0198,738.0,0.0,10000
2,5,67,659.6502,740.0,0.0,10000
2,5,68,638.87,756.0,0.0,10000
2,5,69,662.8051610322065,674.0,0.0,9998
2,5,70,614.2192438487698,670.0,0.0,9998
2,5,71,622.2160216021603,712,0.0,9999
2,5,72,705.3731373137314,722,0.0,9999
2,5,73,604.1074,724.0,0.0,10000
2,5,74,640.2924292429243,670,0.0,9999
2,5,75,668.7584,716.0,0.0,10000
2,5,76,677.6661666166617,690,0.0,9999
2,5,77,667.6335633563357,712,0.0,9999
2,5,78,694.8090809080908,744,0.0,9999
2,5,79,651.691,666.0,0.0,10000
2,5,80,621.7585758575858,684,0.0,9999
2,5,81,599.889,634.0,0.0,10000
2,5,82,638.1102110211021,708,0.0,9999
2,5,83,660.5844584458446,734,0.0,9999
2,5,84,746.7979595919184,762.0,0.0,9998
2,5,85,646.4642464246425,684,0.0,9999
2,5,86,690.3938,702.0,0.0,10000
2,5,87,695.1623162316232,714,0.0,9999
2,5,88,693.383076615323,714.0,0.0,9998
2,5,89,680.3068306830683,728,0.0,9999
2,5,90,555.2862,708.0,0.0,10000
2,5,91,616.06700670067,710,0.0,9999
2,5,92,671.6226,698.0,0.0,10000
2,5,93,617.747,636.0,0.0,10000
2,5,94,706.9525905181036,740.0,0.0,9998
2,5,95,596.948494849485,650,0.0,9999
2,5,96,654.7324732473247,690,0.0,9999
2,5,97,664.8216,736.0,0.0,10000
2,5,98,699.7277727772778,738,0.0,9999
2,5,99,718.2134426885377,744.0,0.0,9998
2,6,0,645.2588,668.0,0.0,10000
2,6,1,594.5248,638.0,0.0,10000
2,6,2,475.74417441744174,478,0.0,9999
2,6,3,677.8719871987199,702,0.0,9999
2,6,4,637.9894,680.0,0.0,10000
2,6,5,693.7576,704.0,0.0,10000
2,6,6,581.4605460546055,716,0.0,9999
2,6,7,649.7737547509502,706.0,0.0,9998
2,6,8,616.9532859857958,662,0.0,9997
2,6,9,659.6346,720.0,0.0,10000
2,6,10,611.8251825182518,716,0.0,9999
2,6,11,590.8758875887589,672,0.0,9999
2,6,12,623.5688,646.0,0.0,10000
2,6,13,388.3362,276.0,0.0,10000
2,6,14,696.217,746.0,0.0,10000
2,6,15,653.1945194519452,716,0.0,9999
2,6,16,625.4134,662.0,0.0,10000
2,6,17,636.2624,678.0,0.0,10000
2,6,18,584.6142,598.0,0.0,10000
2,6,19,628.4204420442044,650,0.0,9999
2,6,20,628.7278727872788,686,0.0,9999
2,6,21,623.6362,638.0,0.0,10000
2,6,22,541.013301330133,560,0.0,9999
2,6,23,666.6458645864586,686,0.0,9999
2,6,24,684.989698969897,758,0.0,9999
2,6,25,692.9942,724.0,0.0,10000
2,6,26,647.1561156115612,744,0.0,9999
2,6,27,581.2398479695939,690.0,0.0,9998
2,6,28,590.2498749624888,720,0.0,9997
2,6,29,664.2798,710.0,0.0,10000
2,6,30,682.4978,724.0,0.0,10000
2,6,31,670.4886,682.0,0.0,10000
2,6,32,635.8087808780878,658,0.0,9999
2,6,33,628.6554655465546,710,0.0,9999
2,6,34,628.4198839767954,644.0,0.0,9998
2,6,35,650.008,676.0,0.0,10000
2,6,36,688.9368,724.0,0.0,10000
2,6,37,501.15411541154117,610,0.0,9999
2,6,38,587.8778,682.0,0.0,10000
2,6,39,646.2792279227923,670,0.0,9999
2,6,40,680.5212521252125,728,0.0,9999
2,6,41,599.3808,628.0,0.0,10000
2,6,42,650.3428685737148,706.0,0.0,9998
2,6,43,536.3348,720.0,0.0,10000
2,6,44,659.5389538953896,708,0.0,9999
2,6,45,608.494098819764,724.0,0.0,9998
2,6,46,675.2603260326033,682,0.0,9999
2,6,47,707.3412682536507,736.0,0.0,9998
2,6,48,665.3089308930893,728,0.0,9999
2,6,49,635.793,716.0,0.0,10000
2,6,50,560.097209720972,688,0.0,9999
2,6,51,683.6652,706.0,0.0,10000
2,6,52,686.3372,694.0,0.0,10000
2,6,53,669.0854,682.0,0.0,10000
2,6,54,694.5870587058706,716,0.0,9999
2,6,55,616.6306630663066,636,0.0,9999
2,6,56,506.6918,648.0,0.0,10000
2,6,57,701.1102,734.0,0.0,10000
2,6,58,696.5775155031006,726.0,0.0,9998
2,6,59,576.4018803760753,584.0,0.0,9998
2,6,60,588.242,592.0,0.0,10000
2,6,61,677.7147714771477,708,0.0,9999
2,6,62,549.9984,588.0,0.0,10000
2,6,63,628.8960896089609,638,0.0,9999
2,6,64,663.7563756375638,696,0.0,9999
2,6,65,689.4390317095128,662,0.0,9997
2,6,66,675.2134,704.0,0.0,10000
2,6,67,567.9292,644.0,0.0,10000
2,6,68,710.023202320232,738,0.0,9999
2,6,69,663.3968,726.0,0.0,10000
2,6,70,678.995499549955,732,0.0,9999
2,6,71,327.4056,272.0,0.0,10000
2,6,72,645.1038,678.0,0.0,10000
2,6,73,654.3954790958192,680.0,0.0,9998
2,6,74,652.051805180518,714,0.0,9999
2,6,75,607.8936,640.0,0.0,10000
2,6,76,661.9382,690.0,0.0,10000
2,6,77,648.2132,710.0,0.0,10000
2,6,78,610.8146,652.0,0.0,10000
2,6,79,570.0430043004301,668,0.0,9999
2,6,80,657.5738,678.0,0.0,10000
2,6,81,607.3849384938494,646,0.0,9999
2,6,82,631.5953976988494,652,0.0,9995
2,6,83,667.3995399539954,686,0.0,9999
2,6,84,655.0845084508451,672,0.0,9999
2,6,85,711.6245624562456,748,0.0,9999
2,6,86,707.8623862386239,718,0.0,9999
2,6,87,714.7416741674167,746,0.0,9999
2,6,88,674.8430843084309,718,0.0,9999
2,6,89,685.4520904180836,732.0,0.0,9998
2,6,90,613.9513951395139,660,0.0,9999
2,6,91,598.2548,622.0,0.0,10000
2,6,92,616.4212421242124,608,0.0,9999
2,6,93,660.4573829531813,648.0,0.0,9996
2,6,94,613.3102620524105,678.0,0.0,9998
2,6,95,696.8138,730.0,0.0,10000
2,6,96,635.9692,700.0,0.0,10000
2,6,97,649.4731473147315,708,0.0,9999
2,6,98,468.88317663532706,274.0,0.0,9998
2,6,99,608.2720272027203,690,0.0,9999
2,7,0,630.868,648.0,0.0,10000
2,7,1,702.6312631263127,734,0.0,9999
2,7,2,701.7603760376038,736,0.0,9999
2,7,3,498.659,440.0,0.0,10000
2,7,4,676.2908290829083,710,0.0,9999
2,7,5,676.953695369537,748,0.0,9999
2,7,6,645.9268,682.0,0.0,10000
2,7,7,610.8924,640.0,0.0,10000
2,7,8,692.6316,704.0,0.0,10000
2,7,9,701.7646352446712,688,0.0,9993
2,7,10,662.9318,698.0,0.0,10000
2,7,11,604.6335900770231,674,0.0,9997
2,7,12,661.3126,716.0,0.0,10000
2,7,13,705.8458,734.0,0.0,10000
2,7,14,608.8062806280628,658,0.0,9999
2,7,15,675.7878,698.0,0.0,10000
2,7,16,599.5649129825965,640.0,0.0,9998
2,7,17,565.3517351735173,586,0.0,9999
2,7,18,607.769,606.0,0.0,10000
2,7,19,600.3244324432443,664,0.0,9999
2,7,20,647.3631363136313,660,0.0,9999
2,7,21,555.2866,574.0,0.0,10000
2,7,22,613.8672,618.0,0.0,10000
2,7,23,622.4962496249625,646,0.0,9999
2,7,24,644.2734,724.0,0.0,10000
2,7,25,326.33023302330236,272,0.0,9999
2,7,26,658.9366,670.0,0.0,10000
2,7,27,616.9196,680.0,0.0,10000
2,7,28,712.2744274427442,726,0.0,9999
2,7,29,676.5182518251826,714,0.0,9999
2,7,30,544.066406640664,696,0.0,9999
2,7,31,623.014901490149,748,0.0,9999
2,7,32,704.112,734.0,0.0,10000
2,7,33,641.2254,728.0,0.0,10000
2,7,34,687.2160432086417,696.0,0.0,9998
2,7,35,641.3571357135713,644,0.0,9999
2,7,36,693.2392,722.0,0.0,10000
2,7,37,604.3698369836984,628,0.0,9999
2,7,38,512.2906,482.0,0.0,10000
2,7,39,653.5753575357536,712,0.0,9999
2,7,40,697.8281828182818,700,0.0,9999
2,7,41,688.1330133013302,722,0.0,9999
2,7,42,680.3809142742823,688,0.0,9997
2,7,43,615.5379537953795,644,0.0,9999
2,7,44,625.6963696369637,726,0.0,9999
2,7,45,658.2776,668.0,0.0,10000
2,7,46,696.2594259425942,706,0.0,9999
2,7,47,667.2099209920992,712,0.0,9999
2,7,48,691.8215643128626,726.0,0.0,9998
2,7,49,637.7876,706.0,0.0,10000
2,7,50,683.1211121112111,738,0.0,9999
2,7,51,662.8488848884889,720,0.0,9999
2,7,52,667.7817781778177,694,0.0,9999
2,7,53,686.9588958895889,738,0.0,9999
2,7,54,683.986598659866,716,0.0,9999
2,7,55,598.7404740474047,654,0.0,9999
2,7,56,686.5661132226445,700.0,0.0,9998
2,7,57,677.3513351335133,694,0.0,9999
2,7,58,616.5188,638.0,0.0,10000
2,7,59,655.6316,678.0,0.0,10000
2,7,60,665.1239123912392,692,0.0,9999
2,7,61,654.2318231823182,640,0.0,9999
2,7,62,687.8054,720.0,0.0,10000
2,7,63,664.7040704070407,738,0.0,9999
2,7,64,713.3439343934393,726,0.0,9999
2,7,65,691.985398539854,716,0.0,9999
2,7,66,681.9371811543463,688,0.0,9997
2,7,67,625.3675367536754,698,0.0,9999
2,7,68,634.9686968696869,680,0.0,9999
2,7,69,598.9554955495549,614,0.0,9999
2,7,70,543.0802,548.0,0.0,10000
2,7,71,613.3470694138828,650.0,0.0,9998
2,7,72,647.1997199719972,700,0.0,9999
2,7,73,686.7140714071408,716,0.0,9999
2,7,74,600.4484448444845,680,0.0,9999
2,7,75,644.5194,666.0,0.0,10000
2,7,76,606.8839767953591,602.0,0.0,9998
2,7,77,665.8944,690.0,0.0,10000
2,7,78,658.1922192219222,702,0.0,9999
2,7,79,623.6882,650.0,0.0,10000
2,7,80,633.4304860972195,656.0,0.0,9998
2,7,81,666.5535107021404,676.0,0.0,9998
2,7,82,699.148544563369,722,0.0,9997
2,7,83,699.5745149029806,726.0,0.0,9998
2,7,84,614.977,678.0,0.0,10000
2,7,85,670.3674367436744,716,0.0,9999
2,7,86,651.0992,682.0,0.0,10000
2,7,87,660.884,674.0,0.0,10000
2,7,88,682.3294,698.0,0.0,10000
2,7,89,596.1528,716.0,0.0,10000
2,7,90,530.9006,694.0,0.0,10000
2,7,91,702.2492498499699,740.0,0.0,9998
2,7,92,630.4006,644.0,0.0,10000
2,7,93,710.2722,734.0,0.0,10000
2,7,94,643.3894,670.0,0.0,10000
2,7,95,676.9176,694.0,0.0,10000
2,7,96,641.3634090227068,646,0.0,9997
2,7,97,684.8592859285928,710,0.0,9999
2,7,98,635.4406,654.0,0.0,10000
2,7,99,621.3472,670.0,0.0,10000
2,8,0,614.5904590459046,640,0.0,9999
2,8,1,605.5651565156516,634,0.0,9999
2,8,2,694.5584558455846,724,0.0,9999
2,8,3,658.5644,674.0,0.0,10000
2,8,4,514.8284828482848,666,0.0,9999
2,8,5,617.9069906990699,636,0.0,9999
2,8,6,567.2423242324232,664,0.0,9999
2,8,7,599.538,592.0,0.0,10000
2,8,8,664.3520704140828,706.0,0.0,9998
2,8,9,617.3558,630.0,0.0,10000
2,8,10,646.1640164016402,664,0.0,9999
2,8,11,550.4508,674.0,0.0,10000
2,8,12,603.8853885388539,708,0.0,9999
2,8,13,506.25162516251623,546,0.0,9999
2,8,14,689.0634,722.0,0.0,10000
2,8,15,664.8764876487649,674,0.0,9999
2,8,16,651.2864,674.0,0.0,10000
2,8,17,596.8254,616.0,0.0,10000
2,8,18,431.8097619523905,440.0,0.0,9998
2,8,19,625.8965896589659,642,0.0,9999
2,8,20,552.7538753875388,566,0.0,9999
2,8,21,605.94499449945,622,0.0,9999
2,8,22,565.5872,572.0,0.0,10000
2,8,23,631.7057411482297,648.0,0.0,9998
2,8,24,695.2984,734.0,0.0,10000
2,8,25,631.9526,646.0,0.0,10000
2,8,26,629.921792179218,704,0.0,9999
2,8,27,684.9658,716.0,0.0,10000
2,8,28,680.7832783278328,710,0.0,9999
2,8,29,713.3647364736473,742,0.0,9999
2,8,30,615.9311862372474,706.0,0.0,9998
2,8,31,659.3604,702.0,0.0,10000
2,8,32,599.1283128312831,628,0.0,9999
2,8,33,662.9164916491649,716,0.0,9999
2,8,34,592.9766,620.0,0.0,10000
2,8,35,588.1846369273854,600.0,0.0,9998
2,8,36,601.998,604.0,0.0,10000
2,8,37,625.0252,720.0,0.0,10000
2,8,38,664.8066,666.0,0.0,10000
2,8,39,665.3353335333534,688,0.0,9999
2,8,40,505.5098,488.0,0.0,10000
2,8,41,646.8110811081108,706,0.0,9999
2,8,42,616.7956,640.0,0.0,10000
2,8,43,625.6133613361336,634,0.0,9999
2,8,44,611.0686137227445,616.0,0.0,9998
2,8,45,587.5282,644.0,0.0,10000
2,8,46,612.3424342434243,636,0.0,9999
2,8,47,526.6220622062207,542,0.0,9999
2,8,48,632.5501100220044,678.0,0.0,9998
2,8,49,510.3110622124425,650.0,0.0,9998
2,8,50,673.3506,708.0,0.0,10000
2,8,51,608.9271854370875,636.0,0.0,9998
2,8,52,672.2958,696.0,0.0,10000
2,8,53,668.2604260426043,720,0.0,9999
2,8,54,640.1714,638.0,0.0,10000
2,8,55,624.8884,612.0,0.0,10000
2,8,56,626.462,638.0,0.0,10000
2,8,57,626.5012501250125,722,0.0,9999
2,8,58,613.7219721972198,642,0.0,9999
2,8,59,640.0262,648.0,0.0,10000
2,8,60,518.6701340268054,642.0,0.0,9998
2,8,61,602.6908690869087,626,0.0,9999
2,8,62,579.060906090609,592,0.0,9999
2,8,63,645.6711671167117,656,0.0,9999
2,8,64,629.7592,690.0,0.0,10000
2,8,65,607.124,650.0,0.0,10000
2,8,66,476.0858,344.0,0.0,10000
2,8,67,663.4289428942894,674,0.0,9999
2,8,68,581.8859885988599,600,0.0,9999
2,8,69,582.566,624.0,0.0,10000
2,8,70,659.6035603560356,690,0.0,9999
2,8,71,589.9605960596059,608,0.0,9999
2,8,72,595.8037803780378,614,0.0,9999
2,8,73,627.007900790079,656,0.0,9999
2,8,74,573.5567113422685,680.0,0.0,9998
2,8,75,563.2423242324232,560,0.0,9999
2,8,76,589.8596,622.0,0.0,10000
2,8,77,588.3886388638864,612,0.0,9999
2,8,78,641.1264,694.0,0.0,10000
2,8,79,645.9464,678.0,0.0,10000
2,8,80,678.4132413241324,718,0.0,9999
2,8,81,661.8015801580158,664,0.0,9999
2,8,82,694.003200320032,730,0.0,9999
2,8,83,601.174,654.0,0.0,10000
2,8,84,624.5602560256026,640,0.0,9999
2,8,85,582.838,628.0,0.0,10000
2,8,86,618.8959583833533,652.0,0.0,9996
2,8,87,686.9085817163433,706.0,0.0,9998
2,8,88,662.562024809924,656.0,0.0,9996
2,8,89,591.8022,616.0,0.0,10000
2,8,90,653.4659465946595,712,0.0,9999
2,8,91,682.2814281428143,710,0.0,9999
2,8,92,651.4566,700.0,0.0,10000
2,8,93,578.8354835483549,650,0.0,9999
2,8,94,601.3316,614.0,0.0,10000
2,8,95,523.4995499549955,658,0.0,9999
2,8,96,501.6978,522.0,0.0,10000
2,8,97,568.875575115023,704.0,0.0,9998
2,8,98,605.2399719915975,634,0.0,9997
2,8,99,664.2626,692.0,0.0,10000
2,9,0,650.490698139628,690.0,0.0,9998
2,9,1,693.3466,720.0,0.0,10000
2,9,2,648.1108,682.0,0.0,10000
2,9,3,700.7123424684937,726.0,0.0,9998
2,9,4,614.6051210242049,622.0,0.0,9998
2,9,5,624.8284828482848,640,0.0,9999
2,9,6,533.8768,628.0,0.0,10000
2,9,7,654.0886177235448,704.0,0.0,9998
2,9,8,617.0982196439288,644.0,0.0,9998
2,9,9,510.57465746574655,636,0.0,9999
2,9,10,611.3564,682.0,0.0,10000
2,9,11,574.2778,712.0,0.0,10000
2,9,12,626.0696069606961,672,0.0,9999
2,9,13,615.0632,674.0,0.0,10000
2,9,14,664.0532,698.0,0.0,10000
2,9,15,663.7322,708.0,0.0,10000
2,9,16,611.995799579958,648,0.0,9999
2,9,17,564.2684268426842,572,0.0,9999
2,9,18,610.2908,648.0,0.0,10000
2,9,19,562.2504250425043,578,0.0,9999
2,9,20,613.3007300730073,610,0.0,9999
2,9,21,638.7522,652.0,0.0,10000
2,9,22,640.2014402880576,670.0,0.0,9998
2,9,23,624.5877175435087,662.0,0.0,9998
2,9,24,598.0870174034807,602.0,0.0,9998
2,9,25,528.3134,616.0,0.0,10000
2,9,26,626.3908,694.0,0.0,10000
2,9,27,598.3312,632.0,0.0,10000
2,9,28,649.4576,692.0,0.0,10000
2,9,29,656.7637054821929,650.0,0.0,9996
2,9,30,651.1862372474495,670.0,0.0,9998
2,9,31,631.1943194319432,646,0.0,9999
2,9,32,633.755,644.0,0.0,10000
2,9,33,625.0076,708.0,0.0,10000
2,9,34,629.8692,652.0,0.0,10000
2,9,35,630.8362,706.0,0.0,10000
2,9,36,566.0736,684.0,0.0,10000
2,9,37,612.556,626.0,0.0,10000
2,9,38,606.4490449044904,676,0.0,9999
2,9,39,681.7823564712943,718.0,0.0,9998
2,9,40,625.1126,640.0,0.0,10000
2,9,41,680.6097219443889,718.0,0.0,9998
2,9,42,667.8055805580558,722,0.0,9999
2,9,43,690.6497299459892,718.0,0.0,9998
2,9,44,614.4688468846884,654,0.0,9999
2,9,45,589.8177635527105,612.0,0.0,9998
2,9,46,572.7677535507102,572.0,0.0,9998
2,9,47,621.8624,670.0,0.0,10000
2,9,48,635.9288,676.0,0.0,10000
2,9,49,608.0942,664.0,0.0,10000
2,9,50,595.628,558.0,0.0,10000
2,9,51,618.0182036407282,640.0,0.0,9998
2,9,52,654.925077523257,678,0.0,9997
2,9,53,610.6918,604.0,0.0,10000
2,9,54,613.8777877787779,640,0.0,9999
2,9,55,676.2186655996799,688,0.0,9997
2,9,56,623.284,652.0,0.0,10000
2,9,57,649.6286,692.0,0.0,10000
2,9,58,687.1524304860973,714.0,0.0,9998
2,9,59,591.1208,626.0,0.0,10000
2,9,60,594.8674,598.0,0.0,10000
2,9,61,652.7644,654.0,0.0,10000
2,9,62,569.0994,588.0,0.0,10000
2,9,63,531.7436,548.0,0.0,10000
2,9,64,546.2904,542.0,0.0,10000
2,9,65,679.4401440144014,708,0.0,9999
2,9,66,660.0354070814163,672.0,0.0,9998
2,9,67,610.1280128012801,622,0.0,9999
2,9,68,694.8848884888489,720,0.0,9999
2,9,69,669.3104,692.0,0.0,10000
2,9,70,570.9752,592.0,0.0,10000
2,9,71,599.6007201440289,622.0,0.0,9998
2,9,72,583.018701870187,606,0.0,9999
2,9,73,669.6856,702.0,0.0,10000
2,9,74,605.5966386554621,654.0,0.0,9996
2,9,75,622.6340634063406,642,0.0,9999
2,9,76,558.9422,562.0,0.0,10000
2,9,77,637.051505150515,708,0.0,9999
2,9,78,661.1623162316232,690,0.0,9999
2,9,79,654.2428,690.0,0.0,10000
2,9,80,690.6808680868087,724,0.0,9999
2,9,81,682.0960096009601,704,0.0,9999
2,9,82,617.6607660766076,684,0.0,9999
2,9,83,652.5996,710.0,0.0,10000
2,9,84,611.7,642.0,0.0,10000
2,9,85,574.2338,598.0,0.0,10000
2,9,86,550.6724672467246,646,0.0,9999
2,9,87,597.0562112422484,682.0,0.0,9998
2,9,88,654.8459691938388,680.0,0.0,9998
2,9,89,631.8912,634.0,0.0,10000
2,9,90,609.7375737573757,734,0.0,9999
2,9,91,559.2299229922992,722,0.0,9999
2,9,92,623.7091418283657,642.0,0.0,9998
2,9,93,605.23,634.0,0.0,10000
2,9,94,576.034403440344,578,0.0,9999
2,9,95,586.2014201420142,590,0.0,9999
2,9,96,667.6071607160716,696,0.0,9999
2,9,97,668.0682,684.0,0.0,10000
2,9,98,605.0642128425685,674.0,0.0,9998
2,9,99,611.4624,630.0,0.0,10000
2,10,0,609.4456,636.0,0.0,10000
2,10,1,632.2720272027203,670,0.0,9999
2,10,2,590.980498049805,604,0.0,9999
2,10,3,617.9097819563913,684.0,0.0,9998
2,10,4,589.3926,602.0,0.0,10000
2,10,5,592.491,634.0,0.0,10000
2,10,6,510.74654930986196,646.0,0.0,9998
2,10,7,602.610044017607,618.0,0.0,9996
2,10,8,567.3258,574.0,0.0,10000
2,10,9,604.9994,624.0,0.0,10000
2,10,10,652.7044,676.0,0.0,10000
2,10,11,593.9444,594.0,0.0,10000
2,10,12,640.0048,674.0,0.0,10000
2,10,13,546.0548,592.0,0.0,10000
2,10,14,611.2429242924293,604,0.0,9999
2,10,15,632.981298129813,628,0.0,9999
2,10,16,512.037,518.0,0.0,10000
2,10,17,596.3430343034304,604,0.0,9999
2,10,18,516.5940594059406,520,0.0,9999
2,10,19,691.1615161516152,774,0.0,9999
2,10,20,530.086,532.0,0.0,10000
2,10,21,594.1446144614462,600,0.0,9999
2,10,22,649.8601580474142,646,0.0,9997
2,10,23,607.9247924792479,624,0.0,9999
2,10,24,550.5628562856285,606,0.0,9999
2,10,25,621.2356,684.0,0.0,10000
2,10,26,657.2477743322997,672,0.0,9997
2,10,27,641.9938,684.0,0.0,10000
2,10,28,629.593,636.0,0.0,10000
2,10,29,632.683,640.0,0.0,10000
2,10,30,632.6796,656.0,0.0,10000
2,10,31,585.3961396139614,670,0.0,9999
2,10,32,628.3264,640.0,0.0,10000
2,10,33,558.6092609260926,574,0.0,9999
2,10,34,622.1898379675935,628.0,0.0,9998
2,10,35,639.1173117311731,668,0.0,9999
2,10,36,615.4082,688.0,0.0,10000
2,10,37,645.6037603760376,668,0.0,9999
2,10,38,610.055405540554,672,0.0,9999
2,10,39,618.2276,668.0,0.0,10000
2,10,40,579.1267126712671,600,0.0,9999
2,10,41,548.5880588058806,550,0.0,9999
2,10,42,495.7277727772777,608,0.0,9999
2,10,43,651.5126,664.0,0.0,10000
2,10,44,619.8466,640.0,0.0,10000
2,10,45,658.0958095809581,660,0.0,9999
2,10,46,626.9342934293429,638,0.0,9999
2,10,47,604.9006,664.0,0.0,10000
2,10,48,644.2962,652.0,0.0,10000
2,10,49,553.142,558.0,0.0,10000
2,10,50,572.7956795679568,582,0.0,9999
2,10,51,545.7524,554.0,0.0,10000
2,10,52,563.9566,570.0,0.0,10000
2,10,53,546.1694169416942,534,0.0,9999
2,10,54,608.5604560456046,632,0.0,9999
2,10,55,601.5984,680.0,0.0,10000
2,10,56,609.5847584758476,664,0.0,9999
2,10,57,621.0422084416883,670.0,0.0,9998
2,10,58,635.472,638.0,0.0,10000
2,10,59,481.7874,498.0,0.0,10000
2,10,60,560.5582558255826,590,0.0,9999
2,10,61,601.035703570357,620,0.0,9999
2,10,62,604.6026,636.0,0.0,10000
2,10,63,595.7413741374137,608,0.0,9999
2,10,64,571.4794,598.0,0.0,10000
2,10,65,634.6468646864687,666,0.0,9999
2,10,66,594.7712771277128,682,0.0,9999
2,10,67,610.2648,644.0,0.0,10000
2,10,68,566.3148,586.0,0.0,10000
2,10,69,593.7316,622.0,0.0,10000
2,10,70,527.8061806180618,538,0.0,9999
2,10,71,623.5521552155216,636,0.0,9999
2,10,72,607.0588,622.0,0.0,10000
2,10,73,598.298,618.0,0.0,10000
2,10,74,548.2696269626963,564,0.0,9999
2,10,75,694.6305152576288,678,0.0,9995
2,10,76,638.1546,642.0,0.0,10000
2,10,77,644.874,680.0,0.0,10000
2,10,78,625.2534,668.0,0.0,10000
2,10,79,585.7042,600.0,0.0,10000
2,10,80,631.7967796779678,670,0.0,9999
2,10,81,589.7029702970297,622,0.0,9999
2,10,82,529.471,604.0,0.0,10000
2,10,83,638.971897189719,690,0.0,9999
2,10,84,635.5956,672.0,0.0,10000
2,10,85,590.8694869486949,616,0.0,9999
2,10,86,551.6658,612.0,0.0,10000
2,10,87,627.2987298729873,650,0.0,9999
2,10,88,511.36513651365135,646,0.0,9999
2,10,89,658.5292,688.0,0.0,10000
2,10,90,643.5379537953795,670,0.0,9999
2,10,91,647.2805280528053,674,0.0,9999
2,10,92,520.6857371474294,594.0,0.0,9998
2,10,93,568.952,560.0,0.0,10000
2,10,94,587.6655665566557,600,0.0,9999
2,10,95,643.8784,652.0,0.0,10000
2,10,96,583.2534,592.0,0.0,10000
2,10,97,594.951,608.0,0.0,10000
2,10,98,676.2278683605082,670,0.0,9997
2,10,99,601.5168,606.0,0.0,10000
2,11,0,657.0628125625125,690.0,0.0,9998
2,11,1,551.6537653765376,638,0.0,9999
2,11,2,607.5777577757776,624,0.0,9999
2,11,3,644.1084108410842,682,0.0,9999
2,11,4,677.3627362736273,702,0.0,9999
2,11,5,662.5295059011802,690.0,0.0,9998
2,11,6,639.4909490949095,664,0.0,9999
2,11,7,659.1726,678.0,0.0,10000
2,11,8,566.3810381038104,584,0.0,9999
2,11,9,653.4911491149115,684,0.0,9999
2,11,10,639.4654,656.0,0.0,10000
2,11,11,604.6502,618.0,0.0,10000
2,11,12,631.7488,682.0,0.0,10000
2,11,13,638.0410082016404,692.0,0.0,9998
2,11,14,604.0656,638.0,0.0,10000
2,11,15,591.7245724572457,688,0.0,9999
2,11,16,557.6077215443089,562.0,0.0,9998
2,11,17,582.7438,596.0,0.0,10000
2,11,18,534.07600760076,548,0.0,9999
2,11,19,474.336,472.0,0.0,10000
2,11,20,594.2398239823982,632,0.0,9999
2,11,21,645.1837183718371,634,0.0,9999
2,11,22,587.2202440488097,622.0,0.0,9998
2,11,23,556.8978,570.0,0.0,10000
2,11,24,653.6260878263479,670,0.0,9997
2,11,25,455.9247924792479,458,0.0,9999
2,11,26,614.6456,626.0,0.0,10000
2,11,27,559.3956,568.0,0.0,10000
2,11,28,602.8514851485148,616,0.0,9999
2,11,29,659.9645929185837,706.0,0.0,9998
2,11,30,650.6516651665166,700,0.0,9999
2,11,31,647.1932,656.0,0.0,10000
2,11,32,592.2432,662.0,0.0,10000
2,11,33,661.5634690407122,664,0.0,9997
2,11,34,625.3521352135214,658,0.0,9999
2,11,35,630.4974,642.0,0.0,10000
2,11,36,623.5202,682.0,0.0,10000
2,11,37,615.4065406540655,608,0.0,9999
2,11,38,639.1525152515252,652,0.0,9999
2,11,39,602.6508650865087,634,0.0,9999
2,11,40,734.4988993396038,690.0,0.0,9994
2,11,41,650.5259051810363,652.0,0.0,9998
2,11,42,603.2429242924293,606,0.0,9999
2,11,43,629.8382,668.0,0.0,10000
2,11,44,610.3586,630.0,0.0,10000
2,11,45,472.4498899779956,466.0,0.0,9998
2,11,46,604.9404,618.0,0.0,10000
2,11,47,575.6783678367837,584,0.0,9999
2,11,48,591.2086,606.0,0.0,10000
2,11,49,644.3774,674.0,0.0,10000
2,11,50,627.4789478947895,656,0.0,9999
2,11,51,641.0596119223845,674.0,0.0,9998
2,11,52,589.8918,612.0,0.0,10000
2,11,53,624.9552,642.0,0.0,10000
2,11,54,629.9005900590059,614,0.0,9999
2,11,55,632.8698,670.0,0.0,10000
2,11,56,642.9044,656.0,0.0,10000
2,11,57,602.8562,604.0,0.0,10000
2,11,58,647.3026,678.0,0.0,10000
2,11,59,617.3188,602.0,0.0,10000
2,11,60,635.1865186518652,670,0.0,9999
2,11,61,634.0460092018403,698.0,0.0,9998
2,11,62,620.633,670.0,0.0,10000
2,11,63,576.9474,658.0,0.0,10000
2,11,64,611.5482,674.0,0.0,10000
2,11,65,602.5364,620.0,0.0,10000
2,11,66,530.5622,534.0,0.0,10000
2,11,67,631.99899989999,650,0.0,9999
2,11,68,627.804,652.0,0.0,10000
2,11,69,598.7135427085417,600.0,0.0,9998
2,11,70,594.4372,674.0,0.0,10000
2,11,71,560.0464046404641,590,0.0,9999
2,11,72,631.5512204881953,658.0,0.0,9996
2,11,73,593.8547854785479,660,0.0,9999
2,11,74,615.7269453890779,640.0,0.0,9998
2,11,75,616.5584,632.0,0.0,10000
2,11,76,631.6836,648.0,0.0,10000
2,11,77,473.9163916391639,500,0.0,9999
2,11,78,557.3335333533354,556,0.0,9999
2,11,79,617.8469846984699,628,0.0,9999
2,11,80,620.9642,628.0,0.0,10000
2,11,81,623.5102,656.0,0.0,10000
2,11,82,615.7366946778711,652.0,0.0,9996
2,11,83,593.6922,632.0,0.0,10000
2,11,84,658.5242,700.0,0.0,10000
2,11,85,647.8324,684.0,0.0,10000
2,11,86,561.8684,616.0,0.0,10000
2,11,87,629.7505750575058,658,0.0,9999
2,11,88,615.1165116511651,666,0.0,9999
2,11,89,658.2148214821482,688,0.0,9999
2,11,90,649.8198,658.0,0.0,10000
2,11,91,592.4940494049405,610,0.0,9999
2,11,92,653.7273727372738,688,0.0,9999
2,11,93,547.8219821982199,548,0.0,9999
2,11,94,529.4194,546.0,0.0,10000
2,11,95,644.3364,672.0,0.0,10000
2,11,96,642.3934,656.0,0.0,10000
2,11,97,647.013301330133,658,0.0,9999
2,11,98,580.9387877575515,578.0,0.0,9998
2,11,99,659.7861572314463,662.0,0.0,9998
2,12,0,620.5626562656265,622,0.0,9999
2,12,1,639.7082,668.0,0.0,10000
2,12,2,606.5852,636.0,0.0,10000
2,12,3,614.7430743074308,666,0.0,9999
2,12,4,597.23,608.0,0.0,10000
2,12,5,576.8782878287828,590,0.0,9999
2,12,6,509.4330299089727,618,0.0,9997
2,12,7,555.2959295929593,568,0.0,9999
2,12,8,605.6533306661332,620.0,0.0,9998
2,12,9,602.4704,642.0,0.0,10000
2,12,10,596.2206220622062,612,0.0,9999
2,12,11,606.6706,628.0,0.0,10000
2,12,12,637.5129512951295,614,0.0,9999
2,12,13,599.7384,662.0,0.0,10000
2,12,14,581.7184,576.0,0.0,10000
2,12,15,542.9352,578.0,0.0,10000
2,12,16,567.3124,580.0,0.0,10000
2,12,17,552.5531106221244,580.0,0.0,9998
2,12,18,561.3564,570.0,0.0,10000
2,12,19,680.692,750.0,0.0,10000
2,12,20,558.3624,596.0,0.0,10000
2,12,21,537.0604120824165,518.0,0.0,9998
2,12,22,578.7930793079308,608,0.0,9999
2,12,23,630.4366436643664,620,0.0,9999
2,12,24,604.8052,654.0,0.0,10000
2,12,25,614.4782,682.0,0.0,10000
2,12,26,593.7342,600.0,0.0,10000
2,12,27,633.6101610161016,656,0.0,9999
2,12,28,633.6643328665733,664.0,0.0,9998
2,12,29,604.1746,616.0,0.0,10000
2,12,30,606.5400540054005,620,0.0,9999
2,12,31,607.4431443144315,618,0.0,9999
2,12,32,605.4201420142015,622,0.0,9999
2,12,33,633.3713371337134,644,0.0,9999
2,12,34,640.8890889088909,672,0.0,9999
2,12,35,635.5683568356835,648,0.0,9999
2,12,36,606.9186,640.0,0.0,10000
2,12,37,546.3686368636863,570,0.0,9999
2,12,38,609.9396,626.0,0.0,10000
2,12,39,593.4948,638.0,0.0,10000
2,12,40,540.3602,540.0,0.0,10000
2,12,41,631.9849954986496,646,0.0,9997
2,12,42,534.3706,572.0,0.0,10000
2,12,43,530.262052410482,530.0,0.0,9998
2,12,44,571.7072,580.0,0.0,10000
2,12,45,592.3950790158032,598.0,0.0,9998
2,12,46,603.8087808780878,638,0.0,9999
2,12,47,614.3968396839684,638,0.0,9999
2,12,48,585.7543754375438,608,0.0,9999
2,12,49,651.065,664.0,0.0,10000
2,12,50,604.9778,644.0,0.0,10000
2,12,51,479.4905490549055,494,0.0,9999
2,12,52,637.5400620186056,664,0.0,9997
2,12,53,624.6612,638.0,0.0,10000
2,12,54,628.1558155815582,658,0.0,9999
2,12,55,538.3872387238724,562,0.0,9999
2,12,56,621.9084,658.0,0.0,10000
2,12,57,644.3666366636663,676,0.0,9999
2,12,58,582.8996899689969,600,0.0,9999
2,12,59,623.8218,654.0,0.0,10000
2,12,60,616.9892,638.0,0.0,10000
2,12,61,642.7073414682936,678.0,0.0,9998
2,12,62,639.6815363072615,656.0,0.0,9998
2,12,63,600.6864686468647,606,0.0,9999
2,12,64,582.5180518051806,588,0.0,9999
2,12,65,635.1370274054811,648.0,0.0,9998
2,12,66,575.2696539307861,608.0,0.0,9998
2,12,67,526.002600260026,522,0.0,9999
2,12,68,647.3662732546509,642.0,0.0,9998
2,12,69,633.0586,652.0,0.0,10000
2,12,70,516.7396739673967,548,0.0,9999
2,12,71,624.2260452090418,653.0,0.0,9998
2,12,72,618.1846369273854,638.0,0.0,9998
2,12,73,614.9340934093409,642,0.0,9999
2,12,74,472.6204,484.0,0.0,10000
2,12,75,766.9659931986397,790.0,0.0,9998
2,12,76,632.178,654.0,0.0,10000
2,12,77,543.9238,540.0,0.0,10000
2,12,78,627.7891367410223,664,0.0,9997
2,12,79,520.9674,522.0,0.0,10000
2,12,80,554.6644,566.0,0.0,10000
2,12,81,645.030903090309,658,0.0,9999
2,12,82,618.242,642.0,0.0,10000
2,12,83,509.8917891789179,518,0.0,9999
2,12,84,606.58,640.0,0.0,10000
2,12,85,544.0142014201421,550,0.0,9999
2,12,86,608.6786,626.0,0.0,10000
2,12,87,592.5309061812362,658.0,0.0,9998
2,12,88,620.0512,656.0,0.0,10000
2,12,89,623.2269226922692,646,0.0,9999
2,12,90,618.8638863886389,662,0.0,9999
2,12,91,619.7387477495499,648.0,0.0,9998
2,12,92,629.5356,658.0,0.0,10000
2,12,93,600.3834,606.0,0.0,10000
2,12,94,647.6768,680.0,0.0,10000
2,12,95,621.3402,636.0,0.0,10000
2,12,96,619.8103810381039,642,0.0,9999
2,12,97,605.6906,638.0,0.0,10000
2,12,98,624.675,636.0,0.0,10000
2,12,99,578.1188118811881,574,0.0,9999
2,13,0,627.7122,650.0,0.0,10000
2,13,1,591.266106442577,650.0,0.0,9996
2,13,2,574.1060106010601,586,0.0,9999
2,13,3,637.0304,672.0,0.0,10000
2,13,4,645.872374474895,668.0,0.0,9998
2,13,5,596.388,612.0,0.0,10000
2,13,6,510.6226622662266,608,0.0,9999
2,13,7,634.4938469234618,654,0.0,9995
2,13,8,619.9759951990399,620.0,0.0,9998
2,13,9,630.0542054205421,666,0.0,9999
2,13,10,683.5401540154015,674,0.0,9999
2,13,11,573.1082,566.0,0.0,10000
2,13,12,637.8525852585259,662,0.0,9999
2,13,13,600.1350270054011,652.0,0.0,9998
2,13,14,679.9298,678.0,0.0,10000
2,13,15,553.1037103710371,556,0.0,9999
2,13,16,560.6982698269827,594,0.0,9999
2,13,17,574.5444544454446,584,0.0,9999
2,13,18,572.3416,604.0,0.0,10000
2,13,19,604.3412,600.0,0.0,10000
2,13,20,517.3522,534.0,0.0,10000
2,13,21,565.7177435487098,592.0,0.0,9998
2,13,22,552.8730873087309,558,0.0,9999
2,13,23,594.8984898489849,620,0.0,9999
2,13,24,641.2165216521652,668,0.0,9999
2,13,25,570.1148114811481,556,0.0,9999
2,13,26,635.1857185718571,644,0.0,9999
2,13,27,623.3046,644.0,0.0,10000
2,13,28,620.6172617261726,618,0.0,9999
2,13,29,552.8002,552.0,0.0,10000
2,13,30,638.7474989995999,652.0,0.0,9996
2,13,31,703.8435843584358,670,0.0,9999
2,13,32,628.4668466846684,646,0.0,9999
2,13,33,563.599,578.0,0.0,10000
2,13,34,628.613922784557,624.0,0.0,9998
2,13,35,632.5728572857286,654,0.0,9999
2,13,36,557.2738547709542,652.0,0.0,9998
2,13,37,564.2306692007602,588,0.0,9997
2,13,38,629.5821582158216,648,0.0,9999
2,13,39,599.7618,656.0,0.0,10000
2,13,40,582.0394,604.0,0.0,10000
2,13,41,547.4530906181236,476.0,0.0,9998
2,13,42,534.7798,550.0,0.0,10000
2,13,43,598.959695969597,690,0.0,9999
2,13,44,625.9548,668.0,0.0,10000
2,13,45,620.1730346069214,682.0,0.0,9998
2,13,46,636.4118,636.0,0.0,10000
2,13,47,609.3258,596.0,0.0,10000
2,13,48,619.5494,644.0,0.0,10000
2,13,49,601.4614922984597,626.0,0.0,9998
2,13,50,538.7064,556.0,0.0,10000
2,13,51,578.9814,586.0,0.0,10000
2,13,52,575.764,556.0,0.0,10000
2,13,53,626.6574,632.0,0.0,10000
2,13,54,620.7080708070807,684,0.0,9999
2,13,55,552.0064,570.0,0.0,10000
2,13,56,629.8273654730946,668.0,0.0,9998
2,13,57,593.1382,602.0,0.0,10000
2,13,58,556.1042,552.0,0.0,10000
2,13,59,555.5466,558.0,0.0,10000
2,13,60,614.107,652.0,0.0,10000
2,13,61,544.989,544.0,0.0,10000
2,13,62,539.999199919992,544,0.0,9999
2,13,63,644.927692769277,660,0.0,9999
2,13,64,601.7574,644.0,0.0,10000
2,13,65,597.3080616123225,610.0,0.0,9998
2,13,66,610.5279055811162,654.0,0.0,9998
2,13,67,600.4704,610.0,0.0,10000
2,13,68,592.9845969193839,610.0,0.0,9998
2,13,69,607.9572,640.0,0.0,10000
2,13,70,601.5969596959696,622,0.0,9999
2,13,71,592.2712,574.0,0.0,10000
2,13,72,615.3912,620.0,0.0,10000
2,13,73,573.1851185118512,590,0.0,9999
2,13,74,620.0972,642.0,0.0,10000
2,13,75,603.2812562512503,616.0,0.0,9998
2,13,76,599.4678,614.0,0.0,10000
2,13,77,616.7888,628.0,0.0,10000
2,13,78,592.1488297659532,596.0,0.0,9998
2,13,79,618.2210221022102,602,0.0,9999
2,13,80,533.3807380738074,532,0.0,9999
2,13,81,571.3206641328266,584.0,0.0,9998
2,13,82,620.8536853685368,638,0.0,9999
2,13,83,594.9748,606.0,0.0,10000
2,13,84,552.0456,548.0,0.0,10000
2,13,85,600.489,632.0,0.0,10000
2,13,86,574.7692769276928,582,0.0,9999
2,13,87,627.9964,636.0,0.0,10000
2,13,88,606.2714,658.0,0.0,10000
2,13,89,610.7532753275327,612,0.0,9999
2,13,90,575.5651565156516,592,0.0,9999
2,13,91,615.8031803180318,628,0.0,9999
2,13,92,624.8736873687369,658,0.0,9999
2,13,93,635.6228,668.0,0.0,10000
2,13,94,620.2774277427743,662,0.0,9999
2,13,95,601.0118,598.0,0.0,10000
2,13,96,513.1686,538.0,0.0,10000
2,13,97,622.1614484345304,648,0.0,9997
2,13,98,528.7588,532.0,0.0,10000
2,13,99,594.5478547854785,602,0.0,9999
2,14,0,515.978797879788,526,0.0,9999
2,14,1,547.7262,550.0,0.0,10000
2,14,2,369.9234,376.0,0.0,10000
2,14,3,605.1858,636.0,0.0,10000
2,14,4,589.246849369874,610.0,0.0,9998
2,14,5,675.9118,662.0,0.0,10000
2,14,6,410.8984,458.0,0.0,10000
2,14,7,519.2336,506.0,0.0,10000
2,14,8,475.5533553355336,478,0.0,9999
2,14,9,702.1830732292917,662.0,0.0,9996
2,14,10,607.7998,650.0,0.0,10000
2,14,11,600.1280128012801,630,0.0,9999
2,14,12,605.8344,638.0,0.0,10000
2,14,13,586.7989597919584,632.0,0.0,9998
2,14,14,614.4558455845585,606,0.0,9999
2,14,15,613.9828,644.0,0.0,10000
2,14,16,560.4082408240824,586,0.0,9999
2,14,17,477.38133813381336,482,0.0,9999
2,14,18,480.3782,506.0,0.0,10000
2,14,19,583.9433943394339,606,0.0,9999
2,14,20,490.7564,490.0,0.0,10000
2,14,21,513.0058,510.0,0.0,10000
2,14,22,510.22144428885775,538.0,0.0,9998
2,14,23,549.7822,582.0,0.0,10000
2,14,24,609.9134,632.0,0.0,10000
2,14,25,487.7797779777978,486,0.0,9999
2,14,26,628.296,612.0,0.0,10000
2,14,27,631.3747374737474,656,0.0,9999
2,14,28,596.0834333733493,570.0,0.0,9996
2,14,29,592.8413682736548,616.0,0.0,9998
2,14,30,635.97,616.0,0.0,10000
2,14,31,590.4786,604.0,0.0,10000
2,14,32,591.5152,606.0,0.0,10000
2,14,33,535.756151230246,538.0,0.0,9998
2,14,34,637.2435243524352,654,0.0,9999
2,14,35,618.9326,632.0,0.0,10000
2,14,36,528.043604360436,540,0.0,9999
2,14,37,606.8366,622.0,0.0,10000
2,14,38,603.6051605160516,646,0.0,9999
2,14,39,571.4214,554.0,0.0,10000
2,14,40,552.6833366673335,556.0,0.0,9998
2,14,41,509.67276727672765,530,0.0,9999
2,14,42,473.512,472.0,0.0,10000
2,14,43,513.3462,530.0,0.0,10000
2,14,44,602.6297259451891,658.0,0.0,9998
2,14,45,603.998399679936,598.0,0.0,9998
2,14,46,691.8679735947189,782.0,0.0,9998
2,14,47,606.6974,620.0,0.0,10000
2,14,48,513.635127025405,534.0,0.0,9998
2,14,49,605.1493149314931,632,0.0,9999
2,14,50,527.5963192638528,536.0,0.0,9998
2,14,51,644.4955982392958,662.0,0.0,9996
2,14,52,579.031,590.0,0.0,10000
2,14,53,556.1776,556.0,0.0,10000
2,14,54,558.7964796479648,582,0.0,9999
2,14,55,593.6129225845169,598.0,0.0,9998
2,14,56,453.6964,464.0,0.0,10000
2,14,57,574.4932,590.0,0.0,10000
2,14,58,661.6163232646529,652.0,0.0,9998
2,14,59,598.2914582916584,640.0,0.0,9998
2,14,60,612.8184,636.0,0.0,10000
2,14,61,588.5640564056406,594,0.0,9999
2,14,62,612.419,646.0,0.0,10000
2,14,63,522.526,538.0,0.0,10000
2,14,64,590.9341868373675,572.0,0.0,9998
2,14,65,572.3896,596.0,0.0,10000
2,14,66,623.192,656.0,0.0,10000
2,14,67,614.7814,636.0,0.0,10000
2,14,68,584.9651930386077,664.0,0.0,9998
2,14,69,523.6,546.0,0.0,10000
2,14,70,553.3664,542.0,0.0,10000
2,14,71,621.5869586958696,644,0.0,9999
2,14,72,614.0196,650.0,0.0,10000
2,14,73,525.2911291129113,532,0.0,9999
2,14,74,653.1377137713771,644,0.0,9999
2,14,75,593.5725145029006,628.0,0.0,9998
2,14,76,585.7896,612.0,0.0,10000
2,14,77,534.4828482848285,594,0.0,9999
2,14,78,633.4849484948495,628,0.0,9999
2,14,79,581.2472,598.0,0.0,10000
2,14,80,622.9976,648.0,0.0,10000
2,14,81,521.8924,522.0,0.0,10000
2,14,82,594.6278,620.0,0.0,10000
2,14,83,687.8383838383838,768,0.0,9999
2,14,84,614.6044,636.0,0.0,10000
2,14,85,578.7138713871387,610,0.0,9999
2,14,86,623.2192,638.0,0.0,10000
2,14,87,632.3182318231824,656,0.0,9999
2,14,88,575.7837783778377,626,0.0,9999
2,14,89,550.914091409141,522,0.0,9999
2,14,90,633.7963796379638,624,0.0,9999
2,14,91,554.7175435087017,592.0,0.0,9998
2,14,92,667.1744348869775,660.0,0.0,9998
2,14,93,545.2651265126512,556,0.0,9999
2,14,94,530.9642892867861,586,0.0,9997
2,14,95,541.3283328332833,558,0.0,9999
2,14,96,597.7059411882376,638.0,0.0,9998
2,14,97,584.4690469046905,590,0.0,9999
2,14,98,595.039,618.0,0.0,10000
2,14,99,600.2304691407422,632,0.0,9997
2,15,0,627.4034806961392,660.0,0.0,9998
2,15,1,572.3706370637063,548,0.0,9999
2,15,2,556.2058411682336,578.0,0.0,9998
2,15,3,625.95399539954,648,0.0,9999
2,15,4,587.2804,564.0,0.0,10000
2,15,5,612.8794879487949,626,0.0,9999
2,15,6,525.7413741374137,554,0.0,9999
2,15,7,620.7306730673067,662,0.0,9999
2,15,8,627.8381676335267,652.0,0.0,9998
2,15,9,624.065206520652,658,0.0,9999
2,15,10,610.9230923092309,620,0.0,9999
2,15,11,605.8926,628.0,0.0,10000
2,15,12,610.7795559111822,582.0,0.0,9998
2,15,13,585.6087608760876,596,0.0,9999
2,15,14,604.7660766076608,622,0.0,9999
2,15,15,540.9702970297029,576,0.0,9999
2,15,16,560.242448489698,588.0,0.0,9998
2,15,17,545.4055405540554,568,0.0,9999
2,15,18,474.50630126025203,480.0,0.0,9998
2,15,19,519.051505150515,526,0.0,9999
2,15,20,544.961296129613,560,0.0,9999
2,15,21,521.977,516.0,0.0,10000
2,15,22,501.9362,512.0,0.0,10000
2,15,23,462.996899689969,490,0.0,9999
2,15,24,583.1903190319032,600,0.0,9999
2,15,25,611.9662,649.0,0.0,10000
2,15,26,578.9022,592.0,0.0,10000
2,15,27,517.6726,520.0,0.0,10000
2,15,28,559.8629862986298,564,0.0,9999
2,15,29,636.8536,654.0,0.0,10000
2,15,30,577.1274,604.0,0.0,10000
2,15,31,618.0302,614.0,0.0,10000
2,15,32,615.6099609960996,630,0.0,9999
2,15,33,531.2366,552.0,0.0,10000
2,15,34,651.8616,718.0,0.0,10000
2,15,35,587.4763476347634,602,0.0,9999
2,15,36,623.0338,630.0,0.0,10000
2,15,37,579.8076,580.0,0.0,10000
2,15,38,579.2836,578.0,0.0,10000
2,15,39,494.9902,502.0,0.0,10000
2,15,40,714.4672467246725,776,0.0,9999
2,15,41,602.4558,634.0,0.0,10000
2,15,42,619.8045609121824,654.0,0.0,9998
2,15,43,632.6194,646.0,0.0,10000
2,15,44,621.1877187718771,618,0.0,9999
2,15,45,615.1968,612.0,0.0,10000
2,15,46,499.1807180718072,502,0.0,9999
2,15,47,534.9352,558.0,0.0,10000
2,15,48,661.9441888377676,646.0,0.0,9998
2,15,49,613.1892,630.0,0.0,10000
2,15,50,569.7322,552.0,0.0,10000
2,15,51,508.7476,534.0,0.0,10000
2,15,52,591.3049304930493,620,0.0,9999
2,15,53,623.4037403740374,640,0.0,9999
2,15,54,619.2619261926193,638,0.0,9999
2,15,55,597.7666,632.0,0.0,10000
2,15,56,530.4094,542.0,0.0,10000
2,15,57,587.5187518751875,582,0.0,9999
2,15,58,620.0182,646.0,0.0,10000
2,15,59,555.9876,566.0,0.0,10000
2,15,60,559.754,570.0,0.0,10000
2,15,61,559.9502,582.0,0.0,10000
2,15,62,600.3996399639964,632,0.0,9999
2,15,63,612.3768376837684,624,0.0,9999
2,15,64,595.8013801380138,632,0.0,9999
2,15,65,652.6510651065106,626,0.0,9999
2,15,66,475.6074,548.0,0.0,10000
2,15,67,627.6383638363836,640,0.0,9999
2,15,68,619.738,644.0,0.0,10000
2,15,69,589.5626,600.0,0.0,10000
2,15,70,590.632,598.0,0.0,10000
2,15,71,541.1668333666734,554.0,0.0,9998
2,15,72,603.975,628.0,0.0,10000
2,15,73,585.1279127912791,588,0.0,9999
2,15,74,559.0854,570.0,0.0,10000
2,15,75,547.993,584.0,0.0,10000
2,15,76,529.6096,540.0,0.0,10000
2,15,77,594.4302,634.0,0.0,10000
2,15,78,605.5387538753876,628,0.0,9999
2,15,79,613.0672,644.0,0.0,10000
2,15,80,601.7859571914383,612.0,0.0,9998
2,15,81,636.7484,644.0,0.0,10000
2,15,82,521.9397939793979,536,0.0,9999
2,15,83,543.030503050305,558,0.0,9999
2,15,84,568.4098,578.0,0.0,10000
2,15,85,484.2894,496.0,0.0,10000
2,15,86,597.0556111222245,612.0,0.0,9998
2,15,87,532.5568556855685,554,0.0,9999
2,15,88,606.4446444644465,614,0.0,9999
2,15,89,613.942794279428,626,0.0,9999
2,15,90,603.723,616.0,0.0,10000
2,15,91,620.1336,652.0,0.0,10000
2,15,92,560.851,556.0,0.0,10000
2,15,93,596.2494,608.0,0.0,10000
2,15,94,616.9336,640.0,0.0,10000
2,15,95,525.4882976595319,556.0,0.0,9998
2,15,96,606.053605360536,642,0.0,9999
2,15,97,593.4889488948895,616,0.0,9999
2,15,98,607.1188,612.0,0.0,10000
2,15,99,569.6851055316595,580,0.0,9997
2,16,0,566.1962196219622,582,0.0,9999
2,16,1,585.6938,602.0,0.0,10000
2,16,2,564.8272827282728,578,0.0,9999
2,16,3,523.5118,536.0,0.0,10000
2,16,4,439.73297329732975,446,0.0,9999
2,16,5,613.112,634.0,0.0,10000
2,16,6,497.8553710742148,540.0,0.0,9998
2,16,7,546.0830166033206,558.0,0.0,9998
2,16,8,613.4918,640.0,0.0,10000
2,16,9,538.3842,554.0,0.0,10000
2,16,10,603.3497349734973,594,0.0,9999
2,16,11,556.8624862486249,570,0.0,9999
2,16,12,517.6794,494.0,0.0,10000
2,16,13,617.933193319332,632,0.0,9999
2,16,14,618.3416,618.0,0.0,10000
2,16,15,680.3874324594757,646.0,0.0,9994
2,16,16,506.40948189637925,510.0,0.0,9998
2,16,17,462.7648,472.0,0.0,10000
2,16,18,521.7526,540.0,0.0,10000
2,16,19,548.4158,572.0,0.0,10000
2,16,20,549.0444088817763,516.0,0.0,9998
2,16,21,568.7440744074407,572,0.0,9999
2,16,22,531.626725345069,562.0,0.0,9998
2,16,23,523.0331033103311,536,0.0,9999
2,16,24,543.4233423342334,528,0.0,9999
2,16,25,576.861,596.0,0.0,10000
2,16,26,555.3672,562.0,0.0,10000
2,16,27,579.3231323132313,574,0.0,9999
2,16,28,567.4844,590.0,0.0,10000
2,16,29,590.0022,624.0,0.0,10000
2,16,30,574.6688668866886,598,0.0,9999
2,16,31,566.99,588.0,0.0,10000
2,16,32,620.9906,614.0,0.0,10000
2,16,33,568.7956,586.0,0.0,10000
2,16,34,581.6873687368737,616,0.0,9999
2,16,35,554.4854,568.0,0.0,10000
2,16,36,541.4015401540154,540,0.0,9999
2,16,37,585.704,592.0,0.0,10000
2,16,38,609.1442,604.0,0.0,10000
2,16,39,590.3022,598.0,0.0,10000
2,16,40,623.000200040008,644.0,0.0,9998
2,16,41,573.4515451545154,584,0.0,9999
2,16,42,589.0932,592.0,0.0,10000
2,16,43,616.8188818881888,622,0.0,9999
2,16,44,579.6733673367337,592,0.0,9999
2,16,45,523.7936,554.0,0.0,10000
2,16,46,695.9215764729419,756,0.0,9997
2,16,47,572.7324732473247,608,0.0,9999
2,16,48,591.8684,616.0,0.0,10000
2,16,49,613.9602,636.0,0.0,10000
2,16,50,603.8908,612.0,0.0,10000
2,16,51,503.4644928985797,540.0,0.0,9998
2,16,52,617.9685968596859,614,0.0,9999
2,16,53,650.9095819163833,628.0,0.0,9998
2,16,54,619.5587117423485,626.0,0.0,9998
2,16,55,607.4278,620.0,0.0,10000
2,16,56,500.6774,518.0,0.0,10000
2,16,57,599.5792,624.0,0.0,10000
2,16,58,559.8023604720944,576.0,0.0,9998
2,16,59,592.9148,616.0,0.0,10000
2,16,60,540.0898179635927,566.0,0.0,9998
2,16,61,568.2822,576.0,0.0,10000
2,16,62,598.154,628.0,0.0,10000
2,16,63,591.3540708141628,634.0,0.0,9998
2,16,64,604.2478247824782,592,0.0,9999
2,16,65,600.6212621262126,636,0.0,9999
2,16,66,587.8145814581458,616,0.0,9999
2,16,67,622.7113422684537,638.0,0.0,9998
2,16,68,593.8116,604.0,0.0,10000
2,16,69,573.5093509350935,610,0.0,9999
2,16,70,612.7002700270027,632,0.0,9999
2,16,71,569.0622,588.0,0.0,10000
2,16,72,585.3865386538654,616,0.0,9999
2,16,73,572.6738673867387,602,0.0,9999
2,16,74,636.3306330633063,632,0.0,9999
2,16,75,575.0313031303131,576,0.0,9999
2,16,76,491.99399879975994,490.0,0.0,9998
2,16,77,626.619,632.0,0.0,10000
2,16,78,565.4592,570.0,0.0,10000
2,16,79,432.2216,450.0,0.0,10000
2,16,80,582.767,596.0,0.0,10000
2,16,81,525.9924,544.0,0.0,10000
2,16,82,654.6286,636.0,0.0,10000
2,16,83,578.0484048404841,592,0.0,9999
2,16,84,534.6306630663066,566,0.0,9999
2,16,85,572.8799759951991,606.0,0.0,9998
2,16,86,540.6502,574.0,0.0,10000
2,16,87,582.2644,616.0,0.0,10000
2,16,88,588.1824,592.0,0.0,10000
2,16,89,544.5585117023405,604.0,0.0,9998
2,16,90,607.6085608560857,632,0.0,9999
2,16,91,574.3832,582.0,0.0,10000
2,16,92,643.4927492749275,746,0.0,9999
2,16,93,514.4648464846484,530,0.0,9999
2,16,94,603.534,606.0,0.0,10000
2,16,95,529.3745374537453,542,0.0,9999
2,16,96,564.472,570.0,0.0,10000
2,16,97,571.2532,596.0,0.0,10000
2,16,98,572.5424,566.0,0.0,10000
2,16,99,532.1642328465693,536.0,0.0,9998
2,17,0,546.9255851170234,574.0,0.0,9998
2,17,1,523.3836,544.0,0.0,10000
2,17,2,611.7056,638.0,0.0,10000
2,17,3,598.9228922892289,622,0.0,9999
2,17,4,566.8506,576.0,0.0,10000
2,17,5,642.934,634.0,0.0,10000
2,17,6,485.36867373474695,560.0,0.0,9998
2,17,7,496.252,516.0,0.0,10000
2,17,8,502.7956,518.0,0.0,10000
2,17,9,526.8994899489949,538,0.0,9999
2,17,10,500.5881176235247,534.0,0.0,9998
2,17,11,640.4704940988198,636.0,0.0,9998
2,17,12,614.4314431443145,620,0.0,9999
2,17,13,543.3945394539454,566,0.0,9999
2,17,14,579.9622,616.0,0.0,10000
2,17,15,589.5746724017205,616,0.0,9997
2,17,16,517.4470341102331,538,0.0,9997
2,17,17,565.9669933986797,578.0,0.0,9998
2,17,18,559.4498899779956,572.0,0.0,9998
2,17,19,559.2056,552.0,0.0,10000
2,17,20,550.895,562.0,0.0,10000
2,17,21,488.432,498.0,0.0,10000
2,17,22,594.6312,578.0,0.0,10000
2,17,23,508.5532553255326,516,0.0,9999
2,17,24,572.7176717671767,598,0.0,9999
2,17,25,613.9656,608.0,0.0,10000
2,17,26,576.4058,584.0,0.0,10000
2,17,27,570.853,582.0,0.0,10000
2,17,28,614.9356,640.0,0.0,10000
2,17,29,497.1516,520.0,0.0,10000
2,17,30,583.815,588.0,0.0,10000
2,17,31,606.1948389677935,632.0,0.0,9998
2,17,32,579.4928478543563,592,0.0,9997
2,17,33,591.1877187718771,560,0.0,9999
2,17,34,571.6563656365637,596,0.0,9999
2,17,35,569.3341334133413,588,0.0,9999
2,17,36,591.3418,624.0,0.0,10000
2,17,37,578.2704270427042,586,0.0,9999
2,17,38,495.03040608121626,508.0,0.0,9998
2,17,39,580.4766,614.0,0.0,10000
2,17,40,600.7054,616.0,0.0,10000
2,17,41,533.7767776777678,552,0.0,9999
2,17,42,593.2874,592.0,0.0,10000
2,17,43,654.1730346069214,638.0,0.0,9998
2,17,44,611.3356,616.0,0.0,10000
2,17,45,482.034,482.0,0.0,10000
2,17,46,498.0754,512.0,0.0,10000
2,17,47,559.5245524552455,534,0.0,9999
2,17,48,681.3751375137514,638,0.0,9999
2,17,49,635.034910473142,636,0.0,9997
2,17,50,578.5502,606.0,0.0,10000
2,17,51,509.7801780178018,506,0.0,9999
2,17,52,604.8522,616.0,0.0,10000
2,17,53,606.2844284428443,634,0.0,9999
2,17,54,593.8983898389839,592,0.0,9999
2,17,55,562.2826282628263,578,0.0,9999
2,17,56,492.7628762876288,486,0.0,9999
2,17,57,568.3748,614.0,0.0,10000
2,17,58,601.8982,596.0,0.0,10000
2,17,59,609.182,624.0,0.0,10000
2,17,60,581.9261926192619,610,0.0,9999
2,17,61,547.3276,568.0,0.0,10000
2,17,62,645.5653565356536,640,0.0,9999
2,17,63,593.9972,616.0,0.0,10000
2,17,64,592.5852,610.0,0.0,10000
2,17,65,580.9537907581516,594.0,0.0,9998
2,17,66,561.1898379675935,584.0,0.0,9998
2,17,67,485.3211321132113,494,0.0,9999
2,17,68,544.2962296229623,558,0.0,9999
2,17,69,590.4134413441344,596,0.0,9999
2,17,70,576.0348,584.0,0.0,10000
2,17,71,600.4018803760753,618.0,0.0,9998
2,17,72,618.3758375837584,634,0.0,9999
2,17,73,568.9594,590.0,0.0,10000
2,17,74,547.0077023106932,548,0.0,9997
2,17,75,667.8493849384938,630,0.0,9999
2,17,76,605.123,630.0,0.0,10000
2,17,77,580.4272427242724,606,0.0,9999
2,17,78,587.1007100710071,588,0.0,9999
2,17,79,569.4172,590.0,0.0,10000
2,17,80,597.119,618.0,0.0,10000
2,17,81,673.5884,740.0,0.0,10000
2,17,82,577.8169816981698,596,0.0,9999
2,17,83,454.9536,462.0,0.0,10000
2,17,84,594.5914,596.0,0.0,10000
2,17,85,484.5634,474.0,0.0,10000
2,17,86,626.6352,634.0,0.0,10000
2,17,87,497.4743474347435,466,0.0,9999
2,17,88,669.2441244124412,758,0.0,9999
2,17,89,573.8245473642093,572,0.0,9997
2,17,90,586.0576,614.0,0.0,10000
2,17,91,532.273,540.0,0.0,10000
2,17,92,621.6765029508853,636,0.0,9997
2,17,93,586.5198,596.0,0.0,10000
2,17,94,627.8149629925986,622.0,0.0,9998
2,17,95,631.7181718171818,634,0.0,9999
2,17,96,500.25442544254423,504,0.0,9999
2,17,97,517.4455445544554,534,0.0,9999
2,17,98,520.2726545309062,532.0,0.0,9998
2,17,99,576.2012,586.0,0.0,10000
2,18,0,506.8549709941988,508.0,0.0,9998
2,18,1,568.4306,564.0,0.0,10000
2,18,2,507.823,512.0,0.0,10000
2,18,3,508.0272,508.0,0.0,10000
2,18,4,428.905,420.0,0.0,10000
2,18,5,552.3122,542.0,0.0,10000
2,18,6,397.3666,440.0,0.0,10000
2,18,7,513.2435243524352,522,0.0,9999
2,18,8,550.5488548854886,526,0.0,9999
2,18,9,542.5636,514.0,0.0,10000
2,18,10,451.998199639928,454.0,0.0,9998
2,18,11,456.88248824882487,470,0.0,9999
2,18,12,422.6904690469047,444,0.0,9999
2,18,13,433.2608,460.0,0.0,10000
2,18,14,542.7928792879288,528,0.0,9999
2,18,15,536.8347669533907,556.0,0.0,9998
2,18,16,540.4230423042304,568,0.0,9999
2,18,17,627.0843084308431,668,0.0,9999
2,18,18,496.228,486.0,0.0,10000
2,18,19,522.5831166233247,544.0,0.0,9998
2,18,20,520.7862,538.0,0.0,10000
2,18,21,487.2134,478.0,0.0,10000
2,18,22,528.0616,546.0,0.0,10000
2,18,23,529.8853885388539,590,0.0,9999
2,18,24,486.58525852585257,492,0.0,9999
2,18,25,456.2408,464.0,0.0,10000
2,18,26,453.1952,458.0,0.0,10000
2,18,27,542.9396,560.0,0.0,10000
2,18,28,482.3378,482.0,0.0,10000
2,18,29,515.5854,508.0,0.0,10000
2,18,30,632.1656165616562,684,0.0,9999
2,18,31,499.87858785878586,516,0.0,9999
2,18,32,526.796,552.0,0.0,10000
2,18,33,516.1760176017601,538,0.0,9999
2,18,34,428.9502,458.0,0.0,10000
2,18,35,508.606,498.0,0.0,10000
2,18,36,498.6934693469347,516,0.0,9999
2,18,37,532.652,522.0,0.0,10000
2,18,38,516.0314,532.0,0.0,10000
2,18,39,515.0866,526.0,0.0,10000
2,18,40,485.7801780178018,494,0.0,9999
2,18,41,516.7524,544.0,0.0,10000
2,18,42,523.0896,548.0,0.0,10000
2,18,43,517.1684,528.0,0.0,10000
2,18,44,528.7772777277728,534,0.0,9999
2,18,45,468.9509901980396,474.0,0.0,9998
2,18,46,433.3008,428.0,0.0,10000
2,18,47,453.19,458.0,0.0,10000
2,18,48,519.5062,554.0,0.0,10000
2,18,49,463.7102,470.0,0.0,10000
2,18,50,502.9864,514.0,0.0,10000
2,18,51,539.2761276127612,570,0.0,9999
2,18,52,501.1095109510951,526,0.0,9999
2,18,53,452.7906790679068,460,0.0,9999
2,18,54,512.0854170834167,520.0,0.0,9998
2,18,55,499.0558,504.0,0.0,10000
2,18,56,545.7971594318864,566.0,0.0,9998
2,18,57,479.088,496.0,0.0,10000
2,18,58,418.8348,422.0,0.0,10000
2,18,59,513.1476,526.0,0.0,10000
2,18,60,547.8436,548.0,0.0,10000
2,18,61,534.1648,558.0,0.0,10000
2,18,62,475.88518851885186,474,0.0,9999
2,18,63,463.2017201720172,476,0.0,9999
2,18,64,530.8138813881388,534,0.0,9999
2,18,65,415.6642,412.0,0.0,10000
2,18,66,476.2296229622962,468,0.0,9999
2,18,67,512.3982398239824,510,0.0,9999
2,18,68,421.2865286528653,428,0.0,9999
2,18,69,582.4896489648964,576,0.0,9999
2,18,70,470.04020402040203,472,0.0,9999
2,18,71,545.1502300460093,548.0,0.0,9998
2,18,72,521.1878375675135,540.0,0.0,9998
2,18,73,543.332,546.0,0.0,10000
2,18,74,521.4496,540.0,0.0,10000
2,18,75,440.0802080208021,448,0.0,9999
2,18,76,461.715,446.0,0.0,10000
2,18,77,497.91379137913793,520,0.0,9999
2,18,78,530.8532,494.0,0.0,10000
2,18,79,365.2723272327233,384,0.0,9999
2,18,80,389.76437643764376,412,0.0,9999
2,18,81,524.7904790479048,542,0.0,9999
2,18,82,513.7193719371937,532,0.0,9999
2,18,83,511.0036,526.0,0.0,10000
2,18,84,519.6343634363436,550,0.0,9999
2,18,85,513.4661466146615,534,0.0,9999
2,18,86,406.2778,404.0,0.0,10000
2,18,87,559.7137713771377,540,0.0,9999
2,18,88,517.9272,522.0,0.0,10000
2,18,89,554.4138413841384,558,0.0,9999
2,18,90,499.0966,522.0,0.0,10000
2,18,91,481.1269126912691,482,0.0,9999
2,18,92,503.806,510.0,0.0,10000
2,18,93,512.2114,526.0,0.0,10000
2,18,94,470.88628862886287,494,0.0,9999
2,18,95,536.0492,564.0,0.0,10000
2,18,96,501.9684,548.0,0.0,10000
2,18,97,517.7902,532.0,0.0,10000
2,18,98,426.8288,434.0,0.0,10000
2,18,99,425.1124224844969,422.0,0.0,9998
2,19,0,514.3646729345869,540.0,0.0,9998
2,19,1,502.249,498.0,0.0,10000
2,19,2,522.5054,540.0,0.0,10000
2,19,3,513.1080216043208,550.0,0.0,9998
2,19,4,485.33193319331934,500,0.0,9999
2,19,5,542.5154515451545,564,0.0,9999
2,19,6,519.8394,550.0,0.0,10000
2,19,7,535.0432,542.0,0.0,10000
2,19,8,485.66596659665964,488,0.0,9999
2,19,9,495.789,496.0,0.0,10000
2,19,10,547.8011602320464,534.0,0.0,9998
2,19,11,500.8672,526.0,0.0,10000
2,19,12,520.0466,544.0,0.0,10000
2,19,13,526.377275455091,548.0,0.0,9998
2,19,14,519.5489548954896,542,0.0,9999
2,19,15,499.8672,512.0,0.0,10000
2,19,16,504.585,514.0,0.0,10000
2,19,17,443.3477347734773,460,0.0,9999
2,19,18,489.494,502.0,0.0,10000
2,19,19,379.9324,384.0,0.0,10000
2,19,20,560.7278727872788,558,0.0,9999
2,19,21,471.2628,480.0,0.0,10000
2,19,22,418.845,422.0,0.0,10000
2,19,23,508.24244848969795,514.0,0.0,9998
2,19,24,528.3892,554.0,0.0,10000
2,19,25,518.6270627062706,518,0.0,9999
2,19,26,447.8409840984098,476,0.0,9999
2,19,27,555.4934,560.0,0.0,10000
2,19,28,525.5141028205641,524.0,0.0,9998
2,19,29,504.75507550755077,510,0.0,9999
2,19,30,492.14921492149216,536,0.0,9999
2,19,31,488.2168,492.0,0.0,10000
2,19,32,499.55651130226045,498.0,0.0,9998
2,19,33,489.5498,492.0,0.0,10000
2,19,34,522.7434743474347,550,0.0,9999
2,19,35,502.6464,506.0,0.0,10000
2,19,36,566.7354735473548,566,0.0,9999
2,19,37,500.3224,510.0,0.0,10000
2,19,38,526.5798,536.0,0.0,10000
2,19,39,376.1766,384.0,0.0,10000
2,19,40,511.6265626562656,516,0.0,9999
2,19,41,649.1014,674.0,0.0,10000
2,19,42,416.1026,442.0,0.0,10000
2,19,43,557.0679067906791,562,0.0,9999
2,19,44,497.9344,526.0,0.0,10000
2,19,45,500.4134,488.0,0.0,10000
2,19,46,406.1508301660332,412.0,0.0,9998
2,19,47,450.8091618323665,456.0,0.0,9998
2,19,48,523.1883188318832,548,0.0,9999
2,19,49,519.1401140114011,548,0.0,9999
2,19,50,470.84068406840686,480,0.0,9999
2,19,51,524.4806,544.0,0.0,10000
2,19,52,523.6516,548.0,0.0,10000
2,19,53,516.6758675867587,512,0.0,9999
2,19,54,508.03660366036604,522,0.0,9999
2,19,55,526.955695569557,524,0.0,9999
2,19,56,528.0894,532.0,0.0,10000
2,19,57,537.6077607760776,568,0.0,9999
2,19,58,431.9264,436.0,0.0,10000
2,19,59,526.4364,546.0,0.0,10000
2,19,60,516.7552755275527,518,0.0,9999
2,19,61,475.2028,486.0,0.0,10000
2,19,62,514.011601160116,520,0.0,9999
2,19,63,529.4063406340634,528,0.0,9999
2,19,64,446.3142,468.0,0.0,10000
2,19,65,470.399,490.0,0.0,10000
2,19,66,420.963,438.0,0.0,10000
2,19,67,510.0808080808081,540,0.0,9999
2,19,68,599.8303830383038,576,0.0,9999
2,19,69,501.4026,528.0,0.0,10000
2,19,70,514.2194,538.0,0.0,10000
2,19,71,555.6175617561756,562,0.0,9999
2,19,72,502.5118,510.0,0.0,10000
2,19,73,531.625325065013,548.0,0.0,9998
2,19,74,509.8002,528.0,0.0,10000
2,19,75,513.322,534.0,0.0,10000
2,19,76,436.3766,442.0,0.0,10000
2,19,77,503.53675367536755,512,0.0,9999
2,19,78,453.7083708370837,460,0.0,9999
2,19,79,550.4108410841084,538,0.0,9999
2,19,80,406.2704270427043,430,0.0,9999
2,19,81,517.7139141742523,540,0.0,9997
2,19,82,547.8123812381239,546,0.0,9999
2,19,83,391.98519851985196,376,0.0,9999
2,19,84,512.5600560056006,534,0.0,9999
2,19,85,500.3466346634663,500,0.0,9999
2,19,86,558.7288,510.0,0.0,10000
2,19,87,465.3921392139214,476,0.0,9999
2,19,88,577.1002,550.0,0.0,10000
2,19,89,501.6657665766577,536,0.0,9999
2,19,90,500.1968,506.0,0.0,10000
2,19,91,511.4361436143614,544,0.0,9999
2,19,92,568.837,546.0,0.0,10000
2,19,93,501.8957895789579,502,0.0,9999
2,19,94,503.0571057105711,516,0.0,9999
2,19,95,525.6592,550.0,0.0,10000
2,19,96,485.9248,480.0,0.0,10000
2,19,97,506.6010601060106,526,0.0,9999
2,19,98,487.01970197019705,496,0.0,9999
2,19,99,517.4714,538.0,0.0,10000
2,20,0,503.26532653265326,528,0.0,9999
2,20,1,481.99419883976793,492.0,0.0,9998
2,20,2,464.46524652465246,450,0.0,9999
2,20,3,535.6832,550.0,0.0,10000
2,20,4,490.73647364736473,504,0.0,9999
2,20,5,515.8714,544.0,0.0,10000
2,20,6,446.0142028405681,516.0,0.0,9998
2,20,7,607.318,648.0,0.0,10000
2,20,8,523.9592,528.0,0.0,10000
2,20,9,455.43,472.0,0.0,10000
2,20,10,412.65746574657464,402,0.0,9999
2,20,11,479.1936,484.0,0.0,10000
2,20,12,471.5761576157616,472,0.0,9999
2,20,13,498.263,524.0,0.0,10000
2,20,14,492.78147814781477,492,0.0,9999
2,20,15,498.3858385838584,526,0.0,9999
2,20,16,499.1841184118412,492,0.0,9999
2,20,17,486.8566,484.0,0.0,10000
2,20,18,490.1652,500.0,0.0,10000
2,20,19,386.3518,380.0,0.0,10000
2,20,20,501.6855685568557,522,0.0,9999
2,20,21,490.0770077007701,518,0.0,9999
2,20,22,531.2219221922193,534,0.0,9999
2,20,23,550.6724017205162,552,0.0,9997
2,20,24,515.647,500.0,0.0,10000
2,20,25,406.8036,418.0,0.0,10000
2,20,26,519.8201820182019,540,0.0,9999
2,20,27,506.95009500950096,528,0.0,9999
2,20,28,524.8215643128626,508.0,0.0,9998
2,20,29,430.87168716871685,450,0.0,9999
2,20,30,430.0402080416083,412.0,0.0,9998
2,20,31,489.2088,510.0,0.0,10000
2,20,32,521.262,532.0,0.0,10000
2,20,33,505.4612922584517,526.0,0.0,9998
2,20,34,522.4624,552.0,0.0,10000
2,20,35,444.9044,450.0,0.0,10000
2,20,36,486.4742948589718,518.0,0.0,9998
2,20,37,509.7097709770977,526,0.0,9999
2,20,38,545.3688,532.0,0.0,10000
2,20,39,509.5824,526.0,0.0,10000
2,20,40,482.65686568656866,486,0.0,9999
2,20,41,402.2268453690738,402.0,0.0,9998
2,20,42,492.8188,506.0,0.0,10000
2,20,43,496.33363336333633,496,0.0,9999
2,20,44,399.24172417241726,400,0.0,9999
2,20,45,529.995599559956,536,0.0,9999
2,20,46,403.45634563456343,408,0.0,9999
2,20,47,519.152,540.0,0.0,10000
2,20,48,496.2154,508.0,0.0,10000
2,20,49,460.2576,460.0,0.0,10000
2,20,50,541.7438,548.0,0.0,10000
2,20,51,481.3677367736774,486,0.0,9999
2,20,52,521.9406,512.0,0.0,10000
2,20,53,534.0974097409741,560,0.0,9999
2,20,54,498.5638,518.0,0.0,10000
2,20,55,434.25402540254026,430,0.0,9999
2,20,56,491.0697069706971,516,0.0,9999
2,20,57,414.7448744874487,420,0.0,9999
2,20,58,445.9768,466.0,0.0,10000
2,20,59,507.002900290029,496,0.0,9999
2,20,60,437.5752,446.0,0.0,10000
2,20,61,481.2544,470.0,0.0,10000
2,20,62,497.33833383338333,524,0.0,9999
2,20,63,447.06310631063104,442,0.0,9999
2,20,64,500.1618,522.0,0.0,10000
2,20,65,540.936693669367,522,0.0,9999
2,20,66,487.511,508.0,0.0,10000
2,20,67,524.5018,538.0,0.0,10000
2,20,68,388.6266,388.0,0.0,10000
2,20,69,506.5098,572.0,0.0,10000
2,20,70,494.2492,504.0,0.0,10000
2,20,71,535.198,542.0,0.0,10000
2,20,72,376.3064,376.0,0.0,10000
2,20,73,505.95019501950196,510,0.0,9999
2,20,74,515.7636,506.0,0.0,10000
2,20,75,499.9754,494.0,0.0,10000
2,20,76,498.4452,484.0,0.0,10000
2,20,77,414.218,430.0,0.0,10000
2,20,78,404.9062,430.0,0.0,10000
2,20,79,500.155,504.0,0.0,10000
2,20,80,508.7208,518.0,0.0,10000
2,20,81,504.3484,510.0,0.0,10000
2,20,82,504.83168316831683,530,0.0,9999
2,20,83,468.0942,474.0,0.0,10000
2,20,84,489.67456745674565,494,0.0,9999
2,20,85,495.12711271127114,520,0.0,9999
2,20,86,434.1954,444.0,0.0,10000
2,20,87,360.2042,368.0,0.0,10000
2,20,88,500.0002,526.0,0.0,10000
2,20,89,482.715,500.0,0.0,10000
2,20,90,468.65126512651267,474,0.0,9999
2,20,91,459.0604,468.0,0.0,10000
2,20,92,496.3728,516.0,0.0,10000
2,20,93,541.5451545154516,534,0.0,9999
2,20,94,505.5386,522.0,0.0,10000
2,20,95,417.48434843484347,442,0.0,9999
2,20,96,477.74537453745376,516,0.0,9999
2,20,97,346.0838083808381,350,0.0,9999
2,20,98,516.7824,522.0,0.0,10000
2,20,99,502.687,506.0,0.0,10000
2,21,0,477.6558,482.0,0.0,10000
2,21,1,462.2966,468.0,0.0,10000
2,21,2,479.37393739373937,480,0.0,9999
2,21,3,452.1124224844969,482.0,0.0,9998
2,21,4,448.668,450.0,0.0,10000
2,21,5,469.0468,470.0,0.0,10000
2,21,6,379.2414,422.0,0.0,10000
2,21,7,468.3080308030803,478,0.0,9999
2,21,8,549.8052,514.0,0.0,10000
2,21,9,535.8603720744148,504.0,0.0,9998
2,21,10,538.7804,544.0,0.0,10000
2,21,11,467.3512,468.0,0.0,10000
2,21,12,546.3374,526.0,0.0,10000
2,21,13,495.5256,496.0,0.0,10000
2,21,14,525.8407840784079,548,0.0,9999
2,21,15,485.03850385038504,460,0.0,9999
2,21,16,465.9948,474.0,0.0,10000
2,21,17,497.7043704370437,522,0.0,9999
2,21,18,503.0763076307631,532,0.0,9999
2,21,19,480.1856371274255,488.0,0.0,9998
2,21,20,404.7934793479348,422,0.0,9999
2,21,21,531.3290658131626,532.0,0.0,9998
2,21,22,516.1434143414341,512,0.0,9999
2,21,23,494.8996899689969,514,0.0,9999
2,21,24,496.89568956895687,528,0.0,9999
2,21,25,496.656,508.0,0.0,10000
2,21,26,461.5129025805161,456.0,0.0,9998
2,21,27,517.5393539353936,544,0.0,9999
2,21,28,474.4818481848185,486,0.0,9999
2,21,29,501.4044,514.0,0.0,10000
2,21,30,492.636,522.0,0.0,10000
2,21,31,480.4580458045805,488,0.0,9999
2,21,32,487.2756,470.0,0.0,10000
2,21,33,471.7728,476.0,0.0,10000
2,21,34,439.6056,444.0,0.0,10000
2,21,35,468.3464,474.0,0.0,10000
2,21,36,427.371,436.0,0.0,10000
2,21,37,432.82728272827285,436,0.0,9999
2,21,38,420.565,420.0,0.0,10000
2,21,39,502.9752,510.0,0.0,10000
2,21,40,541.057105710571,544,0.0,9999
2,21,41,489.7512,476.0,0.0,10000
2,21,42,500.74247424742475,530,0.0,9999
2,21,43,510.25122512251227,540,0.0,9999
2,21,44,347.7988,342.0,0.0,10000
2,21,45,463.93,480.0,0.0,10000
2,21,46,500.3706,510.0,0.0,10000
2,21,47,509.6723672367237,530,0.0,9999
2,21,48,485.3401340134013,516,0.0,9999
2,21,49,563.057505750575,556,0.0,9999
2,21,50,510.8742,508.0,0.0,10000
2,21,51,443.6711671167117,460,0.0,9999
2,21,52,466.26902690269026,482,0.0,9999
2,21,53,464.757,468.0,0.0,10000
2,21,54,455.7768,456.0,0.0,10000
2,21,55,476.4078,478.0,0.0,10000
2,21,56,518.03400340034,534,0.0,9999
2,21,57,491.6371637163716,522,0.0,9999
2,21,58,513.6926,534.0,0.0,10000
2,21,59,474.2806,500.0,0.0,10000
2,21,60,536.572,528.0,0.0,10000
2,21,61,483.1676,494.0,0.0,10000
2,21,62,431.3376,442.0,0.0,10000
2,21,63,490.4948,516.0,0.0,10000
2,21,64,509.84158415841586,520,0.0,9999
2,21,65,534.3864386438644,532,0.0,9999
2,21,66,510.2916583316663,538.0,0.0,9998
2,21,67,500.7142714271427,514,0.0,9999
2,21,68,414.65666566656665,436,0.0,9999
2,21,69,516.8452,536.0,0.0,10000
2,21,70,508.5010501050105,528,0.0,9999
2,21,71,407.3406,432.0,0.0,10000
2,21,72,494.4114,512.0,0.0,10000
2,21,73,417.2893289328933,426,0.0,9999
2,21,74,454.4836,468.0,0.0,10000
2,21,75,424.1692,424.0,0.0,10000
2,21,76,503.3686,512.0,0.0,10000
2,21,77,421.072,428.0,0.0,10000
2,21,78,347.6128,338.0,0.0,10000
2,21,79,453.5867586758676,462,0.0,9999
2,21,80,458.8906,442.0,0.0,10000
2,21,81,499.84118411841183,492,0.0,9999
2,21,82,449.75737573757374,430,0.0,9999
2,21,83,494.558,518.0,0.0,10000
2,21,84,350.9658,352.0,0.0,10000
2,21,85,492.7800780078008,500,0.0,9999
2,21,86,485.7576,482.0,0.0,10000
2,21,87,443.3244,472.0,0.0,10000
2,21,88,431.195,444.0,0.0,10000
2,21,89,526.3630363036303,542,0.0,9999
2,21,90,353.33953395339535,356,0.0,9999
2,21,91,512.624524904981,538.0,0.0,9998
2,21,92,496.6484,518.0,0.0,10000
2,21,93,495.7025702570257,522,0.0,9999
2,21,94,484.9908,504.0,0.0,10000
2,21,95,428.3652,432.0,0.0,10000
2,21,96,449.9992,452.0,0.0,10000
2,21,97,461.14371437143717,456,0.0,9999
2,21,98,630.1876,654.0,0.0,10000
2,21,99,471.7708,478.0,0.0,10000
2,22,0,384.1032,382.0,0.0,10000
2,22,1,494.8484,510.0,0.0,10000
2,22,2,463.62816281628164,464,0.0,9999
2,22,3,498.7052,506.0,0.0,10000
2,22,4,487.1976,510.0,0.0,10000
2,22,5,453.6082,454.0,0.0,10000
2,22,6,452.6573314662933,490.0,0.0,9998
2,22,7,377.4448,382.0,0.0,10000
2,22,8,433.1594,426.0,0.0,10000
2,22,9,445.1781178117812,428,0.0,9999
2,22,10,539.7184,540.0,0.0,10000
2,22,11,499.4999499949995,518,0.0,9999
2,22,12,438.4698,434.0,0.0,10000
2,22,13,419.9085817163433,438.0,0.0,9998
2,22,14,478.83768376837685,506,0.0,9999
2,22,15,436.7896,418.0,0.0,10000
2,22,16,416.6358,422.0,0.0,10000
2,22,17,448.0656,454.0,0.0,10000
2,22,18,580.7218,648.0,0.0,10000
2,22,19,475.48649729945987,496.0,0.0,9998
2,22,20,454.80476095219046,462.0,0.0,9998
2,22,21,410.9152,404.0,0.0,10000
2,22,22,471.7031703170317,478,0.0,9999
2,22,23,479.98319831983196,506,0.0,9999
2,22,24,385.1472,386.0,0.0,10000
2,22,25,455.54875487548753,422,0.0,9999
2,22,26,468.6342634263426,474,0.0,9999
2,22,27,408.203,400.0,0.0,10000
2,22,28,475.6052,488.0,0.0,10000
2,22,29,451.28612861286126,454,0.0,9999
2,22,30,474.4074814962993,486.0,0.0,9998
2,22,31,465.4721472147215,462,0.0,9999
2,22,32,534.9682,526.0,0.0,10000
2,22,33,450.1434,464.0,0.0,10000
2,22,34,406.263,412.0,0.0,10000
2,22,35,464.4,486.0,0.0,10000
2,22,36,504.6212,526.0,0.0,10000
2,22,37,435.4854970994199,444.0,0.0,9998
2,22,38,479.54635463546356,498,0.0,9999
2,22,39,411.7181718171817,408,0.0,9999
2,22,40,466.1830183018302,468,0.0,9999
2,22,41,438.8254,428.0,0.0,10000
2,22,42,492.1212121212121,502,0.0,9999
2,22,43,453.4468,470.0,0.0,10000
2,22,44,489.0734146829366,512.0,0.0,9998
2,22,45,426.5974,434.0,0.0,10000
2,22,46,510.6536,520.0,0.0,10000
2,22,47,573.0886177235448,544.0,0.0,9998
2,22,48,582.6736,648.0,0.0,10000
2,22,49,394.6748,408.0,0.0,10000
2,22,50,480.6244,476.0,0.0,10000
2,22,51,491.5512,506.0,0.0,10000
2,22,52,428.6588,408.0,0.0,10000
2,22,53,480.6036603660366,500,0.0,9999
2,22,54,517.4475447544754,526,0.0,9999
2,22,55,468.5658565856586,492,0.0,9999
2,22,56,490.829,502.0,0.0,10000
2,22,57,464.0564,464.0,0.0,10000
2,22,58,409.7496,434.0,0.0,10000
2,22,59,367.7962,356.0,0.0,10000
2,22,60,478.042,494.0,0.0,10000
2,22,61,451.9364,448.0,0.0,10000
2,22,62,456.33683368336835,430,0.0,9999
2,22,63,447.4105410541054,436,0.0,9999
2,22,64,457.6335633563356,470,0.0,9999
2,22,65,444.30386077215445,464.0,0.0,9998
2,22,66,385.8702,378.0,0.0,10000
2,22,67,472.9826,506.0,0.0,10000
2,22,68,403.3019301930193,412,0.0,9999
2,22,69,387.003700370037,390,0.0,9999
2,22,70,476.3242,486.0,0.0,10000
2,22,71,502.952,504.0,0.0,10000
2,22,72,392.5514551455145,414,0.0,9999
2,22,73,477.5873587358736,490,0.0,9999
2,22,74,473.3874,500.0,0.0,10000
2,22,75,482.5912,506.0,0.0,10000
2,22,76,469.54815481548155,492,0.0,9999
2,22,77,497.9544,484.0,0.0,10000
2,22,78,399.3323332333233,402,0.0,9999
2,22,79,459.0879087908791,480,0.0,9999
2,22,80,505.708,510.0,0.0,10000
2,22,81,478.4762,468.0,0.0,10000
2,22,82,501.4388,522.0,0.0,10000
2,22,83,443.375,454.0,0.0,10000
2,22,84,473.1166,466.0,0.0,10000
2,22,85,508.1164,524.0,0.0,10000
2,22,86,423.8708,432.0,0.0,10000
2,22,87,482.1052,508.0,0.0,10000
2,22,88,519.3986,530.0,0.0,10000
2,22,89,494.7222,512.0,0.0,10000
2,22,90,475.01470147014703,492,0.0,9999
2,22,91,481.5556,498.0,0.0,10000
2,22,92,411.298,414.0,0.0,10000
2,22,93,427.6758,434.0,0.0,10000
2,22,94,447.0468,454.0,0.0,10000
2,22,95,452.0886,454.0,0.0,10000
2,22,96,459.65196519651965,428,0.0,9999
2,22,97,487.2972,502.0,0.0,10000
2,22,98,465.2062,480.0,0.0,10000
2,22,99,463.7424,458.0,0.0,10000
2,23,0,489.78417841784176,514,0.0,9999
2,23,1,472.647,468.0,0.0,10000
2,23,2,521.8035803580358,518,0.0,9999
2,23,3,466.7858785878588,470,0.0,9999
2,23,4,436.32343234323434,448,0.0,9999
2,23,5,465.1003100310031,470,0.0,9999
2,23,6,498.13741374137413,510,0.0,9999
2,23,7,422.6416,432.0,0.0,10000
2,23,8,478.1860372074415,500.0,0.0,9998
2,23,9,391.273,390.0,0.0,10000
2,23,10,492.0082,514.0,0.0,10000
2,23,11,452.8234,458.0,0.0,10000
2,23,12,499.74714942988595,520.0,0.0,9998
2,23,13,440.8628,428.0,0.0,10000
2,23,14,402.5698,406.0,0.0,10000
2,23,15,395.0874,414.0,0.0,10000
2,23,16,402.2096209620962,400,0.0,9999
2,23,17,469.403,498.0,0.0,10000
2,23,18,505.44243272981896,506,0.0,9997
2,23,19,473.7482,494.0,0.0,10000
2,23,20,493.77277727772776,524,0.0,9999
2,23,21,469.5034,486.0,0.0,10000
2,23,22,483.06230623062305,498,0.0,9999
2,23,23,517.1345134513451,532,0.0,9999
2,23,24,429.5113511351135,434,0.0,9999
2,23,25,414.5184,430.0,0.0,10000
2,23,26,514.4694469446945,526,0.0,9999
2,23,27,482.7522752275228,500,0.0,9999
2,23,28,418.8694,408.0,0.0,10000
2,23,29,492.26042604260425,472,0.0,9999
2,23,30,496.8266826682668,510,0.0,9999
2,23,31,358.32423242324234,358,0.0,9999
2,23,32,480.7302,500.0,0.0,10000
2,23,33,474.9012,500.0,0.0,10000
2,23,34,434.78227822782276,436,0.0,9999
2,23,35,487.9772,508.0,0.0,10000
2,23,36,517.9118,576.0,0.0,10000
2,23,37,452.123,462.0,0.0,10000
2,23,38,378.4474,398.0,0.0,10000
2,23,39,479.5464,488.0,0.0,10000
2,23,40,489.0502,502.0,0.0,10000
2,23,41,434.7704,412.0,0.0,10000
2,23,42,544.3066306630664,514,0.0,9999
2,23,43,502.069,502.0,0.0,10000
2,23,44,458.4278427842784,460,0.0,9999
2,23,45,492.46544654465447,504,0.0,9999
2,23,46,478.73467346734674,504,0.0,9999
2,23,47,520.1898189818982,520,0.0,9999
2,23,48,475.5108,480.0,0.0,10000
2,23,49,483.990599059906,506,0.0,9999
2,23,50,316.679,320.0,0.0,10000
2,23,51,568.8724872487248,642,0.0,9999
2,23,52,471.9753950790158,500.0,0.0,9998
2,23,53,455.7854,480.0,0.0,10000
2,23,54,502.25442544254423,520,0.0,9999
2,23,55,464.0594178253476,466,0.0,9997
2,23,56,369.72,360.0,0.0,10000
2,23,57,440.9844,442.0,0.0,10000
2,23,58,450.8906890689069,450,0.0,9999
2,23,59,488.8626862686269,482,0.0,9999
2,23,60,440.737,468.0,0.0,10000
2,23,61,574.3964,650.0,0.0,10000
2,23,62,370.259,366.0,0.0,10000
2,23,63,392.895,380.0,0.0,10000
2,23,64,472.4754475447545,492,0.0,9999
2,23,65,457.9626,444.0,0.0,10000
2,23,66,533.2762,506.0,0.0,10000
2,23,67,470.8036,492.0,0.0,10000
2,23,68,429.6723344668934,446.0,0.0,9998
2,23,69,443.75557555755574,444,0.0,9999
2,23,70,479.5391539153915,512,0.0,9999
2,23,71,426.3086308630863,424,0.0,9999
2,23,72,431.9922,438.0,0.0,10000
2,23,73,458.6404,480.0,0.0,10000
2,23,74,444.5601120224045,464.0,0.0,9998
2,23,75,402.1886377275455,408.0,0.0,9998
2,23,76,487.7042,504.0,0.0,10000
2,23,77,369.298,378.0,0.0,10000
2,23,78,464.5418541854185,476,0.0,9999
2,23,79,393.052,406.0,0.0,10000
2,23,80,427.3265326532653,436,0.0,9999
2,23,81,465.0728145629126,472.0,0.0,9998
2,23,82,476.52345234523455,494,0.0,9999
2,23,83,541.9241924192419,506,0.0,9999
2,23,84,490.9862,512.0,0.0,10000
2,23,85,418.6584,428.0,0.0,10000
2,23,86,334.6256,338.0,0.0,10000
2,23,87,450.27762776277626,444,0.0,9999
2,23,88,500.9328,508.0,0.0,10000
2,23,89,615.6686,652.0,0.0,10000
2,23,90,422.3878387838784,430,0.0,9999
2,23,91,462.803,492.0,0.0,10000
2,23,92,380.375,382.0,0.0,10000
2,23,93,416.7466746674667,422,0.0,9999
2,23,94,462.627,488.0,0.0,10000
2,23,95,496.4068406840684,504,0.0,9999
2,23,96,480.024602460246,476,0.0,9999
2,23,97,542.0594,516.0,0.0,10000
2,23,98,470.01,466.0,0.0,10000
2,23,99,472.0908,486.0,0.0,10000
2,24,0,482.8259651930386,492.0,0.0,9998
2,24,1,487.54795479547954,514,0.0,9999
2,24,2,449.958,448.0,0.0,10000
2,24,3,398.6150615061506,404,0.0,9999
2,24,4,475.4846,498.0,0.0,10000
2,24,5,482.0984,500.0,0.0,10000
2,24,6,401.8816,430.0,0.0,10000
2,24,7,483.503,490.0,0.0,10000
2,24,8,448.4404,462.0,0.0,10000
2,24,9,433.6391639163916,434,0.0,9999
2,24,10,471.968596859686,488,0.0,9999
2,24,11,546.7332733273328,512,0.0,9999
2,24,12,471.8106,460.0,0.0,10000
2,24,13,437.861,448.0,0.0,10000
2,24,14,358.3914,350.0,0.0,10000
2,24,15,414.269,416.0,0.0,10000
2,24,16,474.7488,484.0,0.0,10000
2,24,17,461.1143114311431,492,0.0,9999
2,24,18,489.38107621524307,494.0,0.0,9998
2,24,19,491.79097909790977,506,0.0,9999
2,24,20,451.5409540954095,456,0.0,9999
2,24,21,451.2759275927593,472,0.0,9999
2,24,22,426.14341434143415,432,0.0,9999
2,24,23,417.27492749274927,430,0.0,9999
2,24,24,516.3432,490.0,0.0,10000
2,24,25,436.2830283028303,438,0.0,9999
2,24,26,439.6356,440.0,0.0,10000
2,24,27,462.9708,468.0,0.0,10000
2,24,28,434.51830366073216,468.0,0.0,9998
2,24,29,513.5647564756475,508,0.0,9999
2,24,30,511.2116,474.0,0.0,10000
2,24,31,375.3929392939294,392,0.0,9999
2,24,32,437.5622,436.0,0.0,10000
2,24,33,460.5521104220844,484.0,0.0,9998
2,24,34,390.9148,408.0,0.0,10000
2,24,35,359.950395039504,364,0.0,9999
2,24,36,362.265,376.0,0.0,10000
2,24,37,369.2219221922192,366,0.0,9999
2,24,38,465.7792,488.0,0.0,10000
2,24,39,401.2285228522852,406,0.0,9999
2,24,40,416.6356,402.0,0.0,10000
2,24,41,444.7248724872487,426,0.0,9999
2,24,42,391.2064,402.0,0.0,10000
2,24,43,549.4802,616.0,0.0,10000
2,24,44,438.2986298629863,440,0.0,9999
2,24,45,471.5948,464.0,0.0,10000
2,24,46,380.054,370.0,0.0,10000
2,24,47,478.3740374037404,470,0.0,9999
2,24,48,464.8266,466.0,0.0,10000
2,24,49,397.976397639764,400,0.0,9999
2,24,50,424.6948694869487,402,0.0,9999
2,24,51,466.1298,478.0,0.0,10000
2,24,52,516.0798,494.0,0.0,10000
2,24,53,506.37103710371036,496,0.0,9999
2,24,54,409.015,428.0,0.0,10000
2,24,55,462.1668,470.0,0.0,10000
2,24,56,432.787,434.0,0.0,10000
2,24,57,431.9484,452.0,0.0,10000
2,24,58,372.267,384.0,0.0,10000
2,24,59,441.4024,456.0,0.0,10000
2,24,60,439.84258425842586,436,0.0,9999
2,24,61,436.37483748374837,456,0.0,9999
2,24,62,472.64346434643465,480,0.0,9999
2,24,63,508.0928,460.0,0.0,10000
2,24,64,457.0372,438.0,0.0,10000
2,24,65,451.4086,474.0,0.0,10000
2,24,66,492.7258177453236,502,0.0,9997
2,24,67,439.1646,472.0,0.0,10000
2,24,68,390.91669166916694,408,0.0,9999
2,24,69,461.3085308530853,480,0.0,9999
2,24,70,450.978,424.0,0.0,10000
2,24,71,466.999899989999,494,0.0,9999
2,24,72,534.8848,492.0,0.0,10000
2,24,73,441.5898,446.0,0.0,10000
2,24,74,387.3734,392.0,0.0,10000
2,24,75,478.6876687668767,494,0.0,9999
2,24,76,436.2130213021302,458,0.0,9999
2,24,77,433.30606121224247,416.0,0.0,9998
2,24,78,460.0612,486.0,0.0,10000
2,24,79,305.9734,302.0,0.0,10000
2,24,80,471.8125812581258,496,0.0,9999
2,24,81,412.5066506650665,416,0.0,9999
2,24,82,464.25665133026604,492.0,0.0,9998
2,24,83,458.8028802880288,482,0.0,9999
2,24,84,415.1268,402.0,0.0,10000
2,24,85,485.0802,482.0,0.0,10000
2,24,86,454.369,454.0,0.0,10000
2,24,87,507.9346,498.0,0.0,10000
2,24,88,478.7200720072007,496,0.0,9999
2,24,89,481.6344,500.0,0.0,10000
2,24,90,459.5141514151415,478,0.0,9999
2,24,91,533.0496,600.0,0.0,10000
2,24,92,476.884,494.0,0.0,10000
2,24,93,458.6772,480.0,0.0,10000
2,24,94,335.95319531953197,340,0.0,9999
2,24,95,482.8770877087709,496,0.0,9999
2,24,96,467.6834,484.0,0.0,10000
2,24,97,467.1953195319532,480,0.0,9999
2,24,98,389.0778,392.0,0.0,10000
2,24,99,483.05541108221644,478.0,0.0,9998
2,25,0,378.45084508450844,394,0.0,9999
2,25,1,476.4776,500.0,0.0,10000
2,25,2,315.3249324932493,316,0.0,9999
2,25,3,452.2792,476.0,0.0,10000
2,25,4,428.5938,426.0,0.0,10000
2,25,5,378.76515303060614,398.0,0.0,9998
2,25,6,413.2113211321132,464,0.0,9999
2,25,7,486.2784,502.0,0.0,10000
2,25,8,450.4454,456.0,0.0,10000
2,25,9,378.15961596159616,376,0.0,9999
2,25,10,389.64776477647763,402,0.0,9999
2,25,11,441.5809580958096,446,0.0,9999
2,25,12,411.60952190438087,432.0,0.0,9998
2,25,13,437.698,454.0,0.0,10000
2,25,14,474.8688,470.0,0.0,10000
2,25,15,444.1124112411241,444,0.0,9999
2,25,16,376.2504,374.0,0.0,10000
2,25,17,458.3516,482.0,0.0,10000
2,25,18,473.7781778177818,468,0.0,9999
2,25,19,468.83468346834684,468,0.0,9999
2,25,20,486.62446244624465,488,0.0,9999
2,25,21,478.87208720872087,486,0.0,9999
2,25,22,333.5752,330.0,0.0,10000
2,25,23,469.3896,448.0,0.0,10000
2,25,24,458.4556,474.0,0.0,10000
2,25,25,426.347,450.0,0.0,10000
2,25,26,406.4956495649565,418,0.0,9999
2,25,27,344.6434,348.0,0.0,10000
2,25,28,436.86628662866286,430,0.0,9999
2,25,29,426.7178717871787,426,0.0,9999
2,25,30,429.69476947694767,434,0.0,9999
2,25,31,356.0866,368.0,0.0,10000
2,25,32,447.7962,438.0,0.0,10000
2,25,33,447.9073907390739,448,0.0,9999
2,25,34,456.4614,448.0,0.0,10000
2,25,35,477.3312,474.0,0.0,10000
2,25,36,412.9493898779756,416.0,0.0,9998
2,25,37,517.8588,490.0,0.0,10000
2,25,38,363.2944,374.0,0.0,10000
2,25,39,438.4034403440344,444,0.0,9999
2,25,40,460.2248,474.0,0.0,10000
2,25,41,401.1218,402.0,0.0,10000
2,25,42,467.6095609560956,496,0.0,9999
2,25,43,486.1024,494.0,0.0,10000
2,25,44,417.8121812181218,434,0.0,9999
2,25,45,460.0672,450.0,0.0,10000
2,25,46,443.881,470.0,0.0,10000
2,25,47,445.3768,472.0,0.0,10000
2,25,48,544.2558255825583,608,0.0,9999
2,25,49,387.24824964992996,408.0,0.0,9998
2,25,50,380.3488,384.0,0.0,10000
2,25,51,460.72814562912583,462.0,0.0,9998
2,25,52,524.2150215021502,512,0.0,9999
2,25,53,375.8374,400.0,0.0,10000
2,25,54,360.37483748374837,348,0.0,9999
2,25,55,373.1105110511051,364,0.0,9999
2,25,56,430.4610922184437,424.0,0.0,9998
2,25,57,466.43497398959585,482.0,0.0,9996
2,25,58,419.1745174517452,404,0.0,9999
2,25,59,470.2206,476.0,0.0,10000
2,25,60,520.6386,492.0,0.0,10000
2,25,61,470.4186,482.0,0.0,10000
2,25,62,462.961,482.0,0.0,10000
2,25,63,460.6132,482.0,0.0,10000
2,25,64,349.4675467546755,336,0.0,9999
2,25,65,417.5191519151915,420,0.0,9999
2,25,66,420.9132913291329,446,0.0,9999
2,25,67,445.2209220922092,448,0.0,9999
2,25,68,388.1944194419442,392,0.0,9999
2,25,69,481.2123212321232,486,0.0,9999
2,25,70,468.8078807880788,464,0.0,9999
2,25,71,450.36603660366035,452,0.0,9999
2,25,72,457.0336,442.0,0.0,10000
2,25,73,476.7725545109022,480.0,0.0,9998
2,25,74,462.6856685668567,478,0.0,9999
2,25,75,288.0286,266.0,0.0,10000
2,25,76,442.711,444.0,0.0,10000
2,25,77,488.8352835283528,454,0.0,9999
2,25,78,438.7560756075608,448,0.0,9999
2,25,79,467.9221844368874,472.0,0.0,9998
2,25,80,496.736,488.0,0.0,10000
2,25,81,457.6581658165817,454,0.0,9999
2,25,82,462.4944494449445,476,0.0,9999
2,25,83,473.8357671534307,498.0,0.0,9998
2,25,84,423.002,440.0,0.0,10000
2,25,85,474.1886,496.0,0.0,10000
2,25,86,460.06300630063004,476,0.0,9999
2,25,87,415.9536,418.0,0.0,10000
2,25,88,419.7392,414.0,0.0,10000
2,25,89,356.91,362.0,0.0,10000
2,25,90,471.2774,468.0,0.0,10000
2,25,91,434.77067706770674,452,0.0,9999
2,25,92,472.21182118211823,496,0.0,9999
2,25,93,472.94438887777557,494.0,0.0,9998
2,25,94,457.6262,474.0,0.0,10000
2,25,95,452.08520852085206,474,0.0,9999
2,25,96,424.8190819081908,434,0.0,9999
2,25,97,512.0352,492.0,0.0,10000
2,25,98,359.3276,370.0,0.0,10000
2,25,99,496.2734,490.0,0.0,10000
2,26,0,445.12462492498497,446.0,0.0,9998
2,26,1,451.44074407440746,460,0.0,9999
2,26,2,472.2668,474.0,0.0,10000
2,26,3,494.117,474.0,0.0,10000
2,26,4,349.96,364.0,0.0,10000
2,26,5,441.75397539753976,416,0.0,9999
2,26,6,382.8311324529812,406.0,0.0,9996
2,26,7,414.96449644964497,414,0.0,9999
2,26,8,448.181,452.0,0.0,10000
2,26,9,453.4705470547055,472,0.0,9999
2,26,10,383.3277327732773,402,0.0,9999
2,26,11,341.93138627725546,342.0,0.0,9998
2,26,12,480.0848,466.0,0.0,10000
2,26,13,447.972397239724,474,0.0,9999
2,26,14,436.1304,456.0,0.0,10000
2,26,15,393.88618861886187,390,0.0,9999
2,26,16,435.1434,452.0,0.0,10000
2,26,17,415.3668,434.0,0.0,10000
2,26,18,448.5006500650065,462,0.0,9999
2,26,19,347.3994,344.0,0.0,10000
2,26,20,583.0898,608.0,0.0,10000
2,26,21,465.7371474294859,474.0,0.0,9998
2,26,22,421.1976,414.0,0.0,10000
2,26,23,438.3016,442.0,0.0,10000
2,26,24,370.046,384.0,0.0,10000
2,26,25,463.8245824582458,466,0.0,9999
2,26,26,409.4848,406.0,0.0,10000
2,26,27,392.7484,394.0,0.0,10000
2,26,28,451.9207920792079,476,0.0,9999
2,26,29,381.8166,388.0,0.0,10000
2,26,30,371.809,268.0,0.0,10000
2,26,31,497.512,456.0,0.0,10000
2,26,32,439.23272327232723,440,0.0,9999
2,26,33,444.0184,462.0,0.0,10000
2,26,34,417.2816,420.0,0.0,10000
2,26,35,367.6363272654531,364.0,0.0,9998
2,26,36,386.4284,394.0,0.0,10000
2,26,37,392.52925292529255,412,0.0,9999
2,26,38,445.7904,456.0,0.0,10000
2,26,39,444.9808,448.0,0.0,10000
2,26,40,500.73602080624187,478,0.0,9997
2,26,41,392.1040104010401,388,0.0,9999
2,26,42,441.6654,454.0,0.0,10000
2,26,43,446.0234,444.0,0.0,10000
2,26,44,401.4051405140514,404,0.0,9999
2,26,45,397.77,406.0,0.0,10000
2,26,46,482.1204,478.0,0.0,10000
2,26,47,439.732,460.0,0.0,10000
2,26,48,396.69006900690067,386,0.0,9999
2,26,49,373.987598759876,388,0.0,9999
2,26,50,438.489,390.0,0.0,10000
2,26,51,467.8181818181818,482,0.0,9999
2,26,52,437.4892,430.0,0.0,10000
2,26,53,422.79215843168635,446.0,0.0,9998
2,26,54,454.276,430.0,0.0,10000
2,26,55,425.1518,420.0,0.0,10000
2,26,56,387.2228,368.0,0.0,10000
2,26,57,365.4858,376.0,0.0,10000
2,26,58,299.6138,304.0,0.0,10000
2,26,59,383.47194719471946,374,0.0,9999
2,26,60,361.4079407940794,358,0.0,9999
2,26,61,361.42914291429145,362,0.0,9999
2,26,62,322.04880488048803,274,0.0,9999
2,26,63,370.3556,388.0,0.0,10000
2,26,64,427.12891289128913,448,0.0,9999
2,26,65,313.9054,308.0,0.0,10000
2,26,66,469.4664932986597,482.0,0.0,9998
2,26,67,368.6032,386.0,0.0,10000
2,26,68,413.78355671134227,420.0,0.0,9998
2,26,69,450.6892,478.0,0.0,10000
2,26,70,434.441,454.0,0.0,10000
2,26,71,464.4978,462.0,0.0,10000
2,26,72,462.5137027405481,430.0,0.0,9998
2,26,73,429.8194,452.0,0.0,10000
2,26,74,413.7226,420.0,0.0,10000
2,26,75,396.0994,402.0,0.0,10000
2,26,76,425.7305191557467,444,0.0,9997
2,26,77,462.3752,448.0,0.0,10000
2,26,78,403.4842,414.0,0.0,10000
2,26,79,430.78247824782477,428,0.0,9999
2,26,80,455.68896889688966,478,0.0,9999
2,26,81,440.5652,446.0,0.0,10000
2,26,82,332.5044,340.0,0.0,10000
2,26,83,284.726,282.0,0.0,10000
2,26,84,455.4666,464.0,0.0,10000
2,26,85,405.14651465146517,414,0.0,9999
2,26,86,518.4424,576.0,0.0,10000
2,26,87,464.13062612522504,462.0,0.0,9998
2,26,88,329.4132,322.0,0.0,10000
2,26,89,439.6394,460.0,0.0,10000
2,26,90,441.3394,462.0,0.0,10000
2,26,91,456.5752575257526,462,0.0,9999
2,26,92,418.7384,418.0,0.0,10000
2,26,93,529.6784,488.0,0.0,10000
2,26,94,448.6884688468847,444,0.0,9999
2,26,95,334.8972,332.0,0.0,10000
2,26,96,525.9307861572314,570.0,0.0,9998
2,26,97,423.37273727372735,430,0.0,9999
2,26,98,450.0454090818164,466.0,0.0,9998
2,26,99,460.7086,452.0,0.0,10000
2,27,0,456.2432,460.0,0.0,10000
2,27,1,434.3764,438.0,0.0,10000
2,27,2,461.52695269526953,470,0.0,9999
2,27,3,345.03,374.0,0.0,10000
2,27,4,453.8366,458.0,0.0,10000
2,27,5,349.0533053305331,368,0.0,9999
2,27,6,364.142,368.0,0.0,10000
2,27,7,499.7628,522.0,0.0,10000
2,27,8,480.65746574657464,488,0.0,9999
2,27,9,437.1048209641928,430.0,0.0,9998
2,27,10,435.58715871587157,428,0.0,9999
2,27,11,394.2072207220722,418,0.0,9999
2,27,12,413.122,410.0,0.0,10000
2,27,13,429.7164,438.0,0.0,10000
2,27,14,457.703,464.0,0.0,10000
2,27,15,453.4084,448.0,0.0,10000
2,27,16,496.8808880888089,488,0.0,9999
2,27,17,298.0974,298.0,0.0,10000
2,27,18,457.4346,480.0,0.0,10000
2,27,19,370.25705141028203,382.0,0.0,9998
2,27,20,471.511,458.0,0.0,10000
2,27,21,333.4742,326.0,0.0,10000
2,27,22,422.5494,394.0,0.0,10000
2,27,23,450.14501450145013,454,0.0,9999
2,27,24,460.7218,438.0,0.0,10000
2,27,25,434.3858,426.0,0.0,10000
2,27,26,462.361,472.0,0.0,10000
2,27,27,555.4126,618.0,0.0,10000
2,27,28,365.7488,380.0,0.0,10000
2,27,29,425.6968,436.0,0.0,10000
2,27,30,422.4516,424.0,0.0,10000
2,27,31,418.5264,416.0,0.0,10000
2,27,32,419.14231423142314,420,0.0,9999
2,27,33,405.25457637291186,432,0.0,9997
2,27,34,405.7084,410.0,0.0,10000
2,27,35,393.3978193458037,394,0.0,9997
2,27,36,429.7939793979398,430,0.0,9999
2,27,37,448.06941388277653,458.0,0.0,9998
2,27,38,374.5374,372.0,0.0,10000
2,27,39,393.90758151630325,414.0,0.0,9998
2,27,40,478.4708,488.0,0.0,10000
2,27,41,436.3008,444.0,0.0,10000
2,27,42,490.9182,468.0,0.0,10000
2,27,43,445.0592,466.0,0.0,10000
2,27,44,398.1266,394.0,0.0,10000
2,27,45,448.1656165616562,442,0.0,9999
2,27,46,413.7401740174017,422,0.0,9999
2,27,47,452.6104610461046,452,0.0,9999
2,27,48,428.8112,426.0,0.0,10000
2,27,49,374.0078,390.0,0.0,10000
2,27,50,396.6788,396.0,0.0,10000
2,27,51,357.26812681268126,338,0.0,9999
2,27,52,433.4052,428.0,0.0,10000
2,27,53,469.52835283528356,486,0.0,9999
2,27,54,359.9518,342.0,0.0,10000
2,27,55,444.01500150015,406,0.0,9999
2,27,56,355.751350270054,352.0,0.0,9998
2,27,57,350.8928,346.0,0.0,10000
2,27,58,386.8884,348.0,0.0,10000
2,27,59,363.124,354.0,0.0,10000
2,27,60,375.2636,376.0,0.0,10000
2,27,61,388.5628,402.0,0.0,10000
2,27,62,344.6034603460346,370,0.0,9999
2,27,63,320.1648,318.0,0.0,10000
2,27,64,444.60426042604263,448,0.0,9999
2,27,65,432.4142414241424,454,0.0,9999
2,27,66,429.7706,448.0,0.0,10000
2,27,67,373.1107110711071,362,0.0,9999
2,27,68,440.44404440444043,454,0.0,9999
2,27,69,463.16454936480943,478,0.0,9997
2,27,70,408.68246824682467,424,0.0,9999
2,27,71,437.3322,432.0,0.0,10000
2,27,72,391.688,384.0,0.0,10000
2,27,73,405.6328,408.0,0.0,10000
2,27,74,390.2216,396.0,0.0,10000
2,27,75,479.5097509750975,464,0.0,9999
2,27,76,309.4911491149115,310,0.0,9999
2,27,77,448.6884688468847,458,0.0,9999
2,27,78,349.9379875975195,372.0,0.0,9998
2,27,79,472.952,456.0,0.0,10000
2,27,80,441.8806,452.0,0.0,10000
2,27,81,445.0306,452.0,0.0,10000
2,27,82,435.86438643864386,452,0.0,9999
2,27,83,385.9958,390.0,0.0,10000
2,27,84,338.13201320132015,330,0.0,9999
2,27,85,432.7608,438.0,0.0,10000
2,27,86,412.1518,416.0,0.0,10000
2,27,87,449.659,456.0,0.0,10000
2,27,88,354.9698,352.0,0.0,10000
2,27,89,434.9982,422.0,0.0,10000
2,27,90,442.6726,430.0,0.0,10000
2,27,91,411.970397039704,382,0.0,9999
2,27,92,399.7984,406.0,0.0,10000
2,27,93,424.8364,420.0,0.0,10000
2,27,94,465.5849584958496,474,0.0,9999
2,27,95,362.383,370.0,0.0,10000
2,27,96,550.5428,624.0,0.0,10000
2,27,97,462.743,428.0,0.0,10000
2,27,98,436.405,440.0,0.0,10000
2,27,99,369.0974,360.0,0.0,10000
2,28,0,404.4842,364.0,0.0,10000
2,28,1,459.1208,462.0,0.0,10000
2,28,2,348.22062206220625,368,0.0,9999
2,28,3,404.33303330333035,418,0.0,9999
2,28,4,427.9216,444.0,0.0,10000
2,28,5,415.591,416.0,0.0,10000
2,28,6,344.1898,338.0,0.0,10000
2,28,7,383.2796,374.0,0.0,10000
2,28,8,463.74637463746376,456,0.0,9999
2,28,9,401.62796279627963,406,0.0,9999
2,28,10,461.8113811381138,452,0.0,9999
2,28,11,437.8873774754951,440.0,0.0,9998
2,28,12,372.7032703270327,362,0.0,9999
2,28,13,422.77915583116624,404.0,0.0,9998
2,28,14,372.75267526752674,400,0.0,9999
2,28,15,433.6306,442.0,0.0,10000
2,28,16,449.5139513951395,454,0.0,9999
2,28,17,384.2704270427043,382,0.0,9999
2,28,18,437.004900490049,444,0.0,9999
2,28,19,434.81088108810883,450,0.0,9999
2,28,20,413.1002,426.0,0.0,10000
2,28,21,421.3554,448.0,0.0,10000
2,28,22,374.48904890489047,374,0.0,9999
2,28,23,423.7008,424.0,0.0,10000
2,28,24,501.4194,588.0,0.0,10000
2,28,25,420.0776,446.0,0.0,10000
2,28,26,437.94539453945396,456,0.0,9999
2,28,27,332.93869386938695,330,0.0,9999
2,28,28,387.7169716971697,390,0.0,9999
2,28,29,279.07661532306463,274.0,0.0,9998
2,28,30,411.42414241424143,406,0.0,9999
2,28,31,419.5247524752475,422,0.0,9999
2,28,32,390.968,402.0,0.0,10000
2,28,33,429.9836,434.0,0.0,10000
2,28,34,363.068,370.0,0.0,10000
2,28,35,451.673,470.0,0.0,10000
2,28,36,418.0136,422.0,0.0,10000
2,28,37,441.601,474.0,0.0,10000
2,28,38,381.56,368.0,0.0,10000
2,28,39,433.004100410041,448,0.0,9999
2,28,40,425.3796,450.0,0.0,10000
2,28,41,464.0762076207621,462,0.0,9999
2,28,42,374.9884,388.0,0.0,10000
2,28,43,428.1754,440.0,0.0,10000
2,28,44,450.8058805880588,452,0.0,9999
2,28,45,411.46134613461345,418,0.0,9999
2,28,46,443.8839883988399,452,0.0,9999
2,28,47,358.6212621262126,366,0.0,9999
2,28,48,413.33873387338735,394,0.0,9999
2,28,49,394.9922,400.0,0.0,10000
2,28,50,417.55355535553554,420,0.0,9999
2,28,51,346.4612,360.0,0.0,10000
2,28,52,395.7766,396.0,0.0,10000
2,28,53,452.8444,470.0,0.0,10000
2,28,54,460.5998599859986,438,0.0,9999
2,28,55,394.3002,366.0,0.0,10000
2,28,56,387.3586,380.0,0.0,10000
2,28,57,380.3046,364.0,0.0,10000
2,28,58,346.9866,354.0,0.0,10000
2,28,59,303.3126,284.0,0.0,10000
2,28,60,336.17261726172615,338,0.0,9999
2,28,61,339.6546,304.0,0.0,10000
2,28,62,288.9242,282.0,0.0,10000
2,28,63,362.659,360.0,0.0,10000
2,28,64,417.0658,438.0,0.0,10000
2,28,65,394.117,402.0,0.0,10000
2,28,66,441.497,458.0,0.0,10000
2,28,67,397.9227922792279,420,0.0,9999
2,28,68,338.6532,330.0,0.0,10000
2,28,69,433.9675935187037,440.0,0.0,9998
2,28,70,429.8819881988199,444,0.0,9999
2,28,71,437.54235423542355,454,0.0,9999
2,28,72,442.5864586458646,440,0.0,9999
2,28,73,392.4096,398.0,0.0,10000
2,28,74,439.1644,446.0,0.0,10000
2,28,75,408.931,418.0,0.0,10000
2,28,76,472.0878,462.0,0.0,10000
2,28,77,412.5846,416.0,0.0,10000
2,28,78,364.2884,364.0,0.0,10000
2,28,79,334.8082808280828,334,0.0,9999
2,28,80,393.2794,418.0,0.0,10000
2,28,81,422.321,430.0,0.0,10000
2,28,82,402.1928,388.0,0.0,10000
2,28,83,379.8748,382.0,0.0,10000
2,28,84,305.5825582558256,298,0.0,9999
2,28,85,365.2868,366.0,0.0,10000
2,28,86,381.3174,384.0,0.0,10000
2,28,87,363.4726945389078,368.0,0.0,9998
2,28,88,342.7814,354.0,0.0,10000
2,28,89,417.2076,436.0,0.0,10000
2,28,90,345.1338,346.0,0.0,10000
2,28,91,451.7028,454.0,0.0,10000
2,28,92,452.4878487848785,460,0.0,9999
2,28,93,381.4915491549155,398,0.0,9999
2,28,94,407.3134,422.0,0.0,10000
2,28,95,410.0218043608722,408.0,0.0,9998
2,28,96,434.16421642164215,426,0.0,9999
2,28,97,440.0762076207621,458,0.0,9999
2,28,98,309.477,274.0,0.0,10000
2,28,99,440.8607721544309,446.0,0.0,9998
2,29,0,336.66586658665864,336,0.0,9999
2,29,1,423.3140628125625,442.0,0.0,9998
2,29,2,412.9134913491349,424,0.0,9999
2,29,3,407.33693369336936,402,0.0,9999
2,29,4,320.5934,268.0,0.0,10000
2,29,5,395.7291458291658,392.0,0.0,9998
2,29,6,387.1003100310031,394,0.0,9999
2,29,7,396.15943188637726,340.0,0.0,9998
2,29,8,427.7447744774477,450,0.0,9999
2,29,9,450.3030606121224,456.0,0.0,9998
2,29,10,441.52415241524153,434,0.0,9999
2,29,11,353.4992,396.0,0.0,10000
2,29,12,421.969396939694,444,0.0,9999
2,29,13,432.5778,460.0,0.0,10000
2,29,14,425.8928,440.0,0.0,10000
2,29,15,418.7816,420.0,0.0,10000
2,29,16,452.231,462.0,0.0,10000
2,29,17,447.6128,440.0,0.0,10000
2,29,18,418.4494,444.0,0.0,10000
2,29,19,387.1731173117312,400,0.0,9999
2,29,20,378.6742,382.0,0.0,10000
2,29,21,430.821,448.0,0.0,10000
2,29,22,421.8955791158232,436.0,0.0,9998
2,29,23,380.7626,356.0,0.0,10000
2,29,24,303.04430443044305,302,0.0,9999
2,29,25,420.4596,444.0,0.0,10000
2,29,26,322.355,324.0,0.0,10000
2,29,27,413.506,400.0,0.0,10000
2,29,28,438.222,432.0,0.0,10000
2,29,29,487.4712,462.0,0.0,10000
2,29,30,420.008800880088,432,0.0,9999
2,29,31,367.4439443944394,380,0.0,9999
2,29,32,413.1264,436.0,0.0,10000
2,29,33,385.17391739173917,388,0.0,9999
2,29,34,360.45,368.0,0.0,10000
2,29,35,444.9396,450.0,0.0,10000
2,29,36,402.7112,392.0,0.0,10000
2,29,37,420.129025805161,434.0,0.0,9998
2,29,38,327.6716,322.0,0.0,10000
2,29,39,425.3698,430.0,0.0,10000
2,29,40,411.55255525552553,428,0.0,9999
2,29,41,355.7705770577058,362,0.0,9999
2,29,42,334.0976,336.0,0.0,10000
2,29,43,436.6952695269527,448,0.0,9999
2,29,44,428.8038803880388,448,0.0,9999
2,29,45,357.442,354.0,0.0,10000
2,29,46,398.6168616861686,388,0.0,9999
2,29,47,360.1414,376.0,0.0,10000
2,29,48,447.1736,466.0,0.0,10000
2,29,49,518.4712471247125,550,0.0,9999
2,29,50,432.97459491898377,456.0,0.0,9998
2,29,51,484.318,466.0,0.0,10000
2,29,52,399.8104,368.0,0.0,10000
2,29,53,426.9174,446.0,0.0,10000
2,29,54,404.2162,414.0,0.0,10000
2,29,55,416.34823482348236,416,0.0,9999
2,29,56,287.7538,266.0,0.0,10000
2,29,57,341.5863172634527,292.0,0.0,9998
2,29,58,278.5560556055606,272,0.0,9999
2,29,59,310.839,306.0,0.0,10000
2,29,60,341.0026,340.0,0.0,10000
2,29,61,314.4318,334.0,0.0,10000
2,29,62,317.5288,304.0,0.0,10000
2,29,63,346.02200220022,336,0.0,9999
2,29,64,429.0152,448.0,0.0,10000
2,29,65,454.5150515051505,464,0.0,9999
2,29,66,476.4678,432.0,0.0,10000
2,29,67,339.78237823782376,338,0.0,9999
2,29,68,445.516,460.0,0.0,10000
2,29,69,454.7318,458.0,0.0,10000
2,29,70,403.19571957195717,402,0.0,9999
2,29,71,378.3516,404.0,0.0,10000
2,29,72,406.1668,416.0,0.0,10000
2,29,73,388.9944,392.0,0.0,10000
2,29,74,424.4698,420.0,0.0,10000
2,29,75,441.06730673067307,448,0.0,9999
2,29,76,432.8338,438.0,0.0,10000
2,29,77,416.5572,436.0,0.0,10000
2,29,78,385.419,380.0,0.0,10000
2,29,79,431.83398339833985,428,0.0,9999
2,29,80,418.5308,422.0,0.0,10000
2,29,81,383.8448,378.0,0.0,10000
2,29,82,364.3058,366.0,0.0,10000
2,29,83,404.24542454245426,424,0.0,9999
2,29,84,435.1262,456.0,0.0,10000
2,29,85,438.8501700340068,438.0,0.0,9998
2,29,86,401.64736473647366,410,0.0,9999
2,29,87,368.77767776777677,374,0.0,9999
2,29,88,433.3608,450.0,0.0,10000
2,29,89,461.8217821782178,472,0.0,9999
2,29,90,438.32163216321635,454,0.0,9999
2,29,91,406.6436,362.0,0.0,10000
2,29,92,352.0784,356.0,0.0,10000
2,29,93,448.4234,468.0,0.0,10000
2,29,94,520.3608721744349,594.0,0.0,9998
2,29,95,446.9916,450.0,0.0,10000
2,29,96,379.3686,382.0,0.0,10000
2,29,97,446.5268526852685,448,0.0,9999
2,29,98,399.7508,414.0,0.0,10000
2,29,99,419.535,428.0,0.0,10000
2,30,0,399.2764,388.0,0.0,10000
2,30,1,450.20622062206223,440,0.0,9999
2,30,2,300.3094,288.0,0.0,10000
2,30,3,434.3120312031203,428,0.0,9999
2,30,4,374.222066619986,366,0.0,9997
2,30,5,468.358,446.0,0.0,10000
2,30,6,376.5786,418.0,0.0,10000
2,30,7,337.14442888577713,346.0,0.0,9998
2,30,8,431.44648929785956,496.0,0.0,9998
2,30,9,336.3,344.0,0.0,10000
2,30,10,306.7356,300.0,0.0,10000
2,30,11,421.0351105331599,416,0.0,9997
2,30,12,401.2468,404.0,0.0,10000
2,30,13,354.7162,374.0,0.0,10000
2,30,14,341.371,362.0,0.0,10000
2,30,15,466.7972797279728,444,0.0,9999
2,30,16,375.8208,374.0,0.0,10000
2,30,17,390.44444444444446,388,0.0,9999
2,30,18,403.0966,402.0,0.0,10000
2,30,19,359.41474147414743,360,0.0,9999
2,30,20,434.91569156915693,452,0.0,9999
2,30,21,310.2778,274.0,0.0,10000
2,30,22,386.1542,394.0,0.0,10000
2,30,23,475.91659165916593,544,0.0,9999
2,30,24,320.5758,336.0,0.0,10000
2,30,25,401.35,414.0,0.0,10000
2,30,26,326.8042,336.0,0.0,10000
2,30,27,408.3028,410.0,0.0,10000
2,30,28,358.8916891689169,360,0.0,9999
2,30,29,485.7788,544.0,0.0,10000
2,30,30,391.7991799179918,398,0.0,9999
2,30,31,415.448,430.0,0.0,10000
2,30,32,383.23112311231125,374,0.0,9999
2,30,33,417.23972397239726,420,0.0,9999
2,30,34,316.671,314.0,0.0,10000
2,30,35,365.8124,358.0,0.0,10000
2,30,36,406.39307861572314,424.0,0.0,9998
2,30,37,397.18031803180315,410,0.0,9999
2,30,38,389.33893389338937,384,0.0,9999
2,30,39,411.4227422742274,432,0.0,9999
2,30,40,323.07262905162065,304.0,0.0,9996
2,30,41,398.7892,378.0,0.0,10000
2,30,42,400.8726,418.0,0.0,10000
2,30,43,388.6210621062106,382,0.0,9999
2,30,44,402.2422,380.0,0.0,10000
2,30,45,274.3284,272.0,0.0,10000
2,30,46,395.2196,404.0,0.0,10000
2,30,47,283.6763676367637,274,0.0,9999
2,30,48,376.506,374.0,0.0,10000
2,30,49,432.3502,426.0,0.0,10000
2,30,50,437.226,424.0,0.0,10000
2,30,51,406.138,388.0,0.0,10000
2,30,52,407.9193838767753,418.0,0.0,9998
2,30,53,368.8448844884488,376,0.0,9999
2,30,54,333.1816,320.0,0.0,10000
2,30,55,411.08530853085307,406,0.0,9999
2,30,56,310.395,286.0,0.0,10000
2,30,57,324.669,316.0,0.0,10000
2,30,58,301.8033803380338,292,0.0,9999
2,30,59,333.9996,310.0,0.0,10000
2,30,60,268.7708,266.0,0.0,10000
2,30,61,302.976297629763,290,0.0,9999
2,30,62,319.598,314.0,0.0,10000
2,30,63,302.716,298.0,0.0,10000
2,30,64,428.849,430.0,0.0,10000
2,30,65,437.38133813381336,440,0.0,9999
2,30,66,389.2771277127713,384,0.0,9999
2,30,67,417.66796679667965,426,0.0,9999
2,30,68,472.1138,460.0,0.0,10000
2,30,69,278.0128,272.0,0.0,10000
2,30,70,393.0598,416.0,0.0,10000
2,30,71,321.014301430143,320,0.0,9999
2,30,72,409.2848,420.0,0.0,10000
2,30,73,379.6882,380.0,0.0,10000
2,30,74,287.6866,280.0,0.0,10000
2,30,75,401.221,422.0,0.0,10000
2,30,76,395.671,410.0,0.0,10000
2,30,77,317.4758,328.0,0.0,10000
2,30,78,300.41184118411843,296,0.0,9999
2,30,79,377.225,396.0,0.0,10000
2,30,80,390.5312,390.0,0.0,10000
2,30,81,441.9158,424.0,0.0,10000
2,30,82,373.24424884977,358.0,0.0,9998
2,30,83,379.2705270527053,366,0.0,9999
2,30,84,410.6050605060506,416,0.0,9999
2,30,85,376.86957391478296,366.0,0.0,9998
2,30,86,399.0392,394.0,0.0,10000
2,30,87,367.443,366.0,0.0,10000
2,30,88,335.04970497049703,342,0.0,9999
2,30,89,340.18323664732947,346.0,0.0,9998
2,30,90,446.87817563512704,438.0,0.0,9998
2,30,91,421.2332,436.0,0.0,10000
2,30,92,285.87458745874585,280,0.0,9999
2,30,93,389.9562,382.0,0.0,10000
2,30,94,391.0862,388.0,0.0,10000
2,30,95,349.9796,348.0,0.0,10000
2,30,96,333.13651365136514,332,0.0,9999
2,30,97,367.4404,370.0,0.0,10000
2,30,98,300.8044,290.0,0.0,10000
2,30,99,400.7355471094219,418.0,0.0,9998
2,31,0,404.7166,422.0,0.0,10000
2,31,1,376.2628788636591,410,0.0,9997
2,31,2,401.163,402.0,0.0,10000
2,31,3,426.4314,442.0,0.0,10000
2,31,4,414.5948,422.0,0.0,10000
2,31,5,404.0294,422.0,0.0,10000
2,31,6,438.7208720872087,436,0.0,9999
2,31,7,347.9192,368.0,0.0,10000
2,31,8,428.7432,454.0,0.0,10000
2,31,9,413.4848,434.0,0.0,10000
2,31,10,329.88097619523904,330.0,0.0,9998
2,31,11,424.3365009502851,446,0.0,9997
2,31,12,389.5068,376.0,0.0,10000
2,31,13,424.0940094009401,430,0.0,9999
2,31,14,398.8184,392.0,0.0,10000
2,31,15,512.3756,468.0,0.0,10000
2,31,16,476.6240624062406,560,0.0,9999
2,31,17,374.6226622662266,374,0.0,9999
2,31,18,340.8698,334.0,0.0,10000
2,31,19,434.29762976297627,432,0.0,9999
2,31,20,429.6467646764676,446,0.0,9999
2,31,21,413.5485548554856,412,0.0,9999
2,31,22,423.2808,424.0,0.0,10000
2,31,23,390.2912,410.0,0.0,10000
2,31,24,432.5852,412.0,0.0,10000
2,31,25,440.1788178817882,446,0.0,9999
2,31,26,451.0108,414.0,0.0,10000
2,31,27,491.2258,454.0,0.0,10000
2,31,28,415.1221122112211,434,0.0,9999
2,31,29,347.8925892589259,352,0.0,9999
2,31,30,426.5118,402.0,0.0,10000
2,31,31,404.8332833283328,382,0.0,9999
2,31,32,415.8492,414.0,0.0,10000
2,31,33,355.0846,356.0,0.0,10000
2,31,34,403.6079607960796,404,0.0,9999
2,31,35,363.3457345734573,340,0.0,9999
2,31,36,393.3564,412.0,0.0,10000
2,31,37,299.418,290.0,0.0,10000
2,31,38,383.1398,410.0,0.0,10000
2,31,39,377.1114,376.0,0.0,10000
2,31,40,336.1992398479696,330.0,0.0,9998
2,31,41,401.721,418.0,0.0,10000
2,31,42,404.365,416.0,0.0,10000
2,31,43,402.4020402040204,420,0.0,9999
2,31,44,359.7972,354.0,0.0,10000
2,31,45,418.1082108210821,440,0.0,9999
2,31,46,339.6276,338.0,0.0,10000
2,31,47,430.3828382838284,398,0.0,9999
2,31,48,424.7248,424.0,0.0,10000
2,31,49,415.987798779878,400,0.0,9999
2,31,50,420.88337667533506,438.0,0.0,9998
2,31,51,377.6656,378.0,0.0,10000
2,31,52,312.28802880288026,296,0.0,9999
2,31,53,410.2618,440.0,0.0,10000
2,31,54,426.387,436.0,0.0,10000
2,31,55,401.6726,400.0,0.0,10000
2,31,56,297.4817481748175,288,0.0,9999
2,31,57,358.2050205020502,366,0.0,9999
2,31,58,306.5914,278.0,0.0,10000
2,31,59,345.6993699369937,340,0.0,9999
2,31,60,329.4912,334.0,0.0,10000
2,31,61,340.2844,356.0,0.0,10000
2,31,62,358.4152,368.0,0.0,10000
2,31,63,328.02300230023,324,0.0,9999
2,31,64,323.7911791179118,338,0.0,9999
2,31,65,313.53190638127626,276.0,0.0,9998
2,31,66,368.9258925892589,388,0.0,9999
2,31,67,435.5774,396.0,0.0,10000
2,31,68,320.4976,336.0,0.0,10000
2,31,69,342.1054,340.0,0.0,10000
2,31,70,284.7102710271027,280,0.0,9999
2,31,71,405.3735373537354,420,0.0,9999
2,31,72,388.9534,398.0,0.0,10000
2,31,73,336.5968596859686,332,0.0,9999
2,31,74,335.05310531053107,334,0.0,9999
2,31,75,389.3526,380.0,0.0,10000
2,31,76,368.4716,354.0,0.0,10000
2,31,77,353.62056205620564,362,0.0,9999
2,31,78,424.2112,408.0,0.0,10000
2,31,79,276.2894,272.0,0.0,10000
2,31,80,400.2614,406.0,0.0,10000
2,31,81,348.7732,348.0,0.0,10000
2,31,82,378.301,390.0,0.0,10000
2,31,83,448.8666866686669,418,0.0,9999
2,31,84,405.0704,418.0,0.0,10000
2,31,85,410.227,420.0,0.0,10000
2,31,86,404.032603260326,404,0.0,9999
2,31,87,427.33173317331733,438,0.0,9999
2,31,88,309.2492,294.0,0.0,10000
2,31,89,372.1850185018502,374,0.0,9999
2,31,90,330.309,326.0,0.0,10000
2,31,91,400.0876,422.0,0.0,10000
2,31,92,344.0706,346.0,0.0,10000
2,31,93,324.2514251425143,320,0.0,9999
2,31,94,350.979697969797,334,0.0,9999
2,31,95,403.6094,406.0,0.0,10000
2,31,96,432.3536707341468,440.0,0.0,9998
2,31,97,395.8467846784678,386,0.0,9999
2,31,98,299.77277727772776,296,0.0,9999
2,31,99,386.6502,372.0,0.0,10000
2,32,0,391.5485548554856,398,0.0,9999
2,32,1,394.1702170217022,416,0.0,9999
2,32,2,320.991699169917,336,0.0,9999
2,32,3,401.7136,408.0,0.0,10000
2,32,4,365.0852,352.0,0.0,10000
2,32,5,344.7518,324.0,0.0,10000
2,32,6,307.4986,274.0,0.0,10000
2,32,7,380.06640664066407,384,0.0,9999
2,32,8,415.9505901180236,424.0,0.0,9998
2,32,9,358.1362,352.0,0.0,10000
2,32,10,373.539,372.0,0.0,10000
2,32,11,372.8174,368.0,0.0,10000
2,32,12,317.6232,326.0,0.0,10000
2,32,13,361.10811081108113,360,0.0,9999
2,32,14,356.5256,350.0,0.0,10000
2,32,15,383.012101210121,376,0.0,9999
2,32,16,386.74427442744275,404,0.0,9999
2,32,17,378.1156,376.0,0.0,10000
2,32,18,359.36,380.0,0.0,10000
2,32,19,368.10322064412884,366.0,0.0,9998
2,32,20,314.2870574114823,328.0,0.0,9998
2,32,21,364.6164,368.0,0.0,10000
2,32,22,387.3728,390.0,0.0,10000
2,32,23,293.5839583958396,274,0.0,9999
2,32,24,403.616,426.0,0.0,10000
2,32,25,320.2134,326.0,0.0,10000
2,32,26,328.5914591459146,312,0.0,9999
2,32,27,369.52,362.0,0.0,10000
2,32,28,404.804,392.0,0.0,10000
2,32,29,298.6816,310.0,0.0,10000
2,32,30,279.2234,272.0,0.0,10000
2,32,31,408.96789678967895,432,0.0,9999
2,32,32,288.3974,274.0,0.0,10000
2,32,33,403.00430043004303,418,0.0,9999
2,32,34,410.7564,416.0,0.0,10000
2,32,35,336.7488,338.0,0.0,10000
2,32,36,299.1625487646294,274,0.0,9997
2,32,37,361.6638,360.0,0.0,10000
2,32,38,342.1472,352.0,0.0,10000
2,32,39,304.7172,304.0,0.0,10000
2,32,40,360.07960796079607,368,0.0,9999
2,32,41,350.22602260226023,366,0.0,9999
2,32,42,386.1064,402.0,0.0,10000
2,32,43,494.2456,546.0,0.0,10000
2,32,44,382.6532,390.0,0.0,10000
2,32,45,395.8173817381738,426,0.0,9999
2,32,46,507.6777355471094,550.0,0.0,9998
2,32,47,370.2000200020002,376,0.0,9999
2,32,48,407.9228,422.0,0.0,10000
2,32,49,389.6075607560756,412,0.0,9999
2,32,50,403.3104,420.0,0.0,10000
2,32,51,413.3056,424.0,0.0,10000
2,32,52,419.75537553755373,428,0.0,9999
2,32,53,390.9768,378.0,0.0,10000
2,32,54,347.7332,368.0,0.0,10000
2,32,55,303.8008,318.0,0.0,10000
2,32,56,323.2618,314.0,0.0,10000
2,32,57,324.7730773077308,350,0.0,9999
2,32,58,339.7412,348.0,0.0,10000
2,32,59,278.34526905381074,272.0,0.0,9998
2,32,60,281.7852,272.0,0.0,10000
2,32,61,369.0556,356.0,0.0,10000
2,32,62,349.8942,358.0,0.0,10000
2,32,63,285.3334,280.0,0.0,10000
2,32,64,408.59331866373276,428.0,0.0,9998
2,32,65,417.3544,428.0,0.0,10000
2,32,66,414.9854,418.0,0.0,10000
2,32,67,352.0848084808481,344,0.0,9999
2,32,68,366.1068106810681,374,0.0,9999
2,32,69,304.727,310.0,0.0,10000
2,32,70,413.12931293129316,424,0.0,9999
2,32,71,385.26452645264527,400,0.0,9999
2,32,72,324.2428,324.0,0.0,10000
2,32,73,390.1188,408.0,0.0,10000
2,32,74,375.93359335933593,382,0.0,9999
2,32,75,347.3181318131813,350,0.0,9999
2,32,76,358.361,342.0,0.0,10000
2,32,77,349.2041204120412,364,0.0,9999
2,32,78,316.6196,312.0,0.0,10000
2,32,79,369.8732,366.0,0.0,10000
2,32,80,411.6114,422.0,0.0,10000
2,32,81,310.1536,312.0,0.0,10000
2,32,82,414.811,418.0,0.0,10000
2,32,83,397.2094,408.0,0.0,10000
2,32,84,403.04250425042505,382,0.0,9999
2,32,85,397.9167833566713,414.0,0.0,9998
2,32,86,350.628,366.0,0.0,10000
2,32,87,401.5102,430.0,0.0,10000
2,32,88,419.33113311331135,402,0.0,9999
2,32,89,407.616,416.0,0.0,10000
2,32,90,375.5386,362.0,0.0,10000
2,32,91,368.6912,372.0,0.0,10000
2,32,92,363.2194,354.0,0.0,10000
2,32,93,383.4716,366.0,0.0,10000
2,32,94,397.9,384.0,0.0,10000
2,32,95,370.8068806880688,364,0.0,9999
2,32,96,302.7102710271027,302,0.0,9999
2,32,97,322.8404,320.0,0.0,10000
2,32,98,395.9362,396.0,0.0,10000
2,32,99,404.5216,418.0,0.0,10000
2,33,0,395.1336,404.0,0.0,10000
2,33,1,384.44404440444043,386,0.0,9999
2,33,2,361.9966,328.0,0.0,10000
2,33,3,298.107,274.0,0.0,10000
2,33,4,395.4526,408.0,0.0,10000
2,33,5,385.7732,402.0,0.0,10000
2,33,6,356.3944394439444,368,0.0,9999
2,33,7,388.3354335433543,402,0.0,9999
2,33,8,351.9944,348.0,0.0,10000
2,33,9,303.6207620762076,292,0.0,9999
2,33,10,405.6849684968497,426,0.0,9999
2,33,11,405.5234,432.0,0.0,10000
2,33,12,395.2287228722872,414,0.0,9999
2,33,13,358.3926392639264,352,0.0,9999
2,33,14,361.5006,362.0,0.0,10000
2,33,15,293.2171217121712,302,0.0,9999
2,33,16,358.26542654265427,348,0.0,9999
2,33,17,315.4838,300.0,0.0,10000
2,33,18,339.4938,344.0,0.0,10000
2,33,19,319.0829082908291,314,0.0,9999
2,33,20,280.982898289829,272,0.0,9999
2,33,21,384.64426442644265,404,0.0,9999
2,33,22,382.3654,396.0,0.0,10000
2,33,23,405.0612,416.0,0.0,10000
2,33,24,362.1674,358.0,0.0,10000
2,33,25,393.9812,408.0,0.0,10000
2,33,26,388.0834,412.0,0.0,10000
2,33,27,431.4748949789958,422.0,0.0,9998
2,33,28,300.498,308.0,0.0,10000
2,33,29,400.9062906290629,402,0.0,9999
2,33,30,437.2412482496499,420.0,0.0,9998
2,33,31,402.4032403240324,414,0.0,9999
2,33,32,410.03780378037806,420,0.0,9999
2,33,33,359.2324,352.0,0.0,10000
2,33,34,395.2870574114823,398.0,0.0,9998
2,33,35,390.1008,396.0,0.0,10000
2,33,36,374.1046,388.0,0.0,10000
2,33,37,375.332,376.0,0.0,10000
2,33,38,312.589,316.0,0.0,10000
2,33,39,317.8798,306.0,0.0,10000
2,33,40,416.715,386.0,0.0,10000
2,33,41,330.9922,336.0,0.0,10000
2,33,42,353.7706,338.0,0.0,10000
2,33,43,397.505,402.0,0.0,10000
2,33,44,332.5082,332.0,0.0,10000
2,33,45,391.07850785078506,390,0.0,9999
2,33,46,382.4242,362.0,0.0,10000
2,33,47,409.55391078215644,424.0,0.0,9998
2,33,48,452.2504,430.0,0.0,10000
2,33,49,394.065,416.0,0.0,10000
2,33,50,387.3000600120024,392.0,0.0,9998
2,33,51,292.4086,274.0,0.0,10000
2,33,52,420.2332,412.0,0.0,10000
2,33,53,380.6574,376.0,0.0,10000
2,33,54,403.7862,410.0,0.0,10000
2,33,55,406.6816,410.0,0.0,10000
2,33,56,318.042,336.0,0.0,10000
2,33,57,331.0514,348.0,0.0,10000
2,33,58,320.785,328.0,0.0,10000
2,33,59,335.7323732373237,334,0.0,9999
2,33,60,316.659,324.0,0.0,10000
2,33,61,353.46214621462144,348,0.0,9999
2,33,62,269.9614,266.0,0.0,10000
2,33,63,326.2990299029903,316,0.0,9999
2,33,64,334.0036,350.0,0.0,10000
2,33,65,319.8888,316.0,0.0,10000
2,33,66,307.42514251425143,328,0.0,9999
2,33,67,352.1842,344.0,0.0,10000
2,33,68,290.766,274.0,0.0,10000
2,33,69,322.4876487648765,310,0.0,9999
2,33,70,416.5336,418.0,0.0,10000
2,33,71,304.2546,298.0,0.0,10000
2,33,72,320.9694,322.0,0.0,10000
2,33,73,353.95639563956394,348,0.0,9999
2,33,74,381.4821482148215,414,0.0,9999
2,33,75,330.3154,334.0,0.0,10000
2,33,76,315.2508,308.0,0.0,10000
2,33,77,374.43364336433643,392,0.0,9999
2,33,78,379.5214,398.0,0.0,10000
2,33,79,401.9996,406.0,0.0,10000
2,33,80,364.1746,364.0,0.0,10000
2,33,81,385.1468,394.0,0.0,10000
2,33,82,385.6989698969897,404,0.0,9999
2,33,83,317.0923092309231,304,0.0,9999
2,33,84,294.004600460046,308,0.0,9999
2,33,85,280.3494,272.0,0.0,10000
2,33,86,343.3742,358.0,0.0,10000
2,33,87,393.1498,406.0,0.0,10000
2,33,88,384.642,384.0,0.0,10000
2,33,89,396.0316,378.0,0.0,10000
2,33,90,370.13501350135016,370,0.0,9999
2,33,91,397.3101310131013,418,0.0,9999
2,33,92,304.2644,302.0,0.0,10000
2,33,93,355.6588,368.0,0.0,10000
2,33,94,334.85128512851287,322,0.0,9999
2,33,95,389.0639063906391,400,0.0,9999
2,33,96,362.0484,362.0,0.0,10000
2,33,97,385.1474,384.0,0.0,10000
2,33,98,348.5955191038208,344.0,0.0,9998
2,33,99,349.1429142914291,336,0.0,9999
2,34,0,365.893,386.0,0.0,10000
2,34,1,359.5072,354.0,0.0,10000
2,34,2,325.6022,306.0,0.0,10000
2,34,3,292.89568956895687,268,0.0,9999
2,34,4,342.2372,342.0,0.0,10000
2,34,5,375.3812,374.0,0.0,10000
2,34,6,351.97719543908784,378.0,0.0,9998
2,34,7,391.6278,394.0,0.0,10000
2,34,8,310.8322,294.0,0.0,10000
2,34,9,342.8898,348.0,0.0,10000
2,34,10,355.2778,362.0,0.0,10000
2,34,11,362.9092909290929,370,0.0,9999
2,34,12,402.8158,398.0,0.0,10000
2,34,13,352.61866186618664,344,0.0,9999
2,34,14,365.095,386.0,0.0,10000
2,34,15,331.0524,338.0,0.0,10000
2,34,16,348.8404,366.0,0.0,10000
2,34,17,335.922,330.0,0.0,10000
2,34,18,369.8846,342.0,0.0,10000
2,34,19,282.6866686668667,276,0.0,9999
2,34,20,347.3414,334.0,0.0,10000
2,34,21,294.7338,292.0,0.0,10000
2,34,22,317.8885888588859,282,0.0,9999
2,34,23,372.2924292429243,364,0.0,9999
2,34,24,359.28232823282326,364,0.0,9999
2,34,25,302.1142,282.0,0.0,10000
2,34,26,345.3888,348.0,0.0,10000
2,34,27,285.4288,280.0,0.0,10000
2,34,28,329.1924,326.0,0.0,10000
2,34,29,304.7768,318.0,0.0,10000
2,34,30,276.3812,268.0,0.0,10000
2,34,31,335.3392,332.0,0.0,10000
2,34,32,391.99099909990997,392,0.0,9999
2,34,33,378.4880976195239,402.0,0.0,9998
2,34,34,382.7016,396.0,0.0,10000
2,34,35,365.9216,386.0,0.0,10000
2,34,36,387.7008,376.0,0.0,10000
2,34,37,362.4104,382.0,0.0,10000
2,34,38,384.28,374.0,0.0,10000
2,34,39,323.7877787778778,294,0.0,9999
2,34,40,378.5082,382.0,0.0,10000
2,34,41,391.7068,402.0,0.0,10000
2,34,42,356.07760776077606,350,0.0,9999
2,34,43,396.3294,384.0,0.0,10000
2,34,44,348.4232,348.0,0.0,10000
2,34,45,289.2898579715943,294.0,0.0,9998
2,34,46,334.34683468346833,356,0.0,9999
2,34,47,362.4418441844184,370,0.0,9999
2,34,48,387.8522,378.0,0.0,10000
2,34,49,281.2092418483697,266.0,0.0,9998
2,34,50,363.5718,376.0,0.0,10000
2,34,51,375.5779577957796,392,0.0,9999
2,34,52,360.4798,376.0,0.0,10000
2,34,53,372.835,390.0,0.0,10000
2,34,54,294.3978,274.0,0.0,10000
2,34,55,350.8390839083908,366,0.0,9999
2,34,56,295.6472,288.0,0.0,10000
2,34,57,305.12431243124314,308,0.0,9999
2,34,58,294.414,288.0,0.0,10000
2,34,59,307.0778,316.0,0.0,10000
2,34,60,345.3262,370.0,0.0,10000
2,34,61,292.45824582458243,296,0.0,9999
2,34,62,339.3434,322.0,0.0,10000
2,34,63,312.12921292129215,266,0.0,9999
2,34,64,377.2879287928793,400,0.0,9999
2,34,65,366.6400640064006,378,0.0,9999
2,34,66,356.255,366.0,0.0,10000
2,34,67,308.121,294.0,0.0,10000
2,34,68,353.454,350.0,0.0,10000
2,34,69,382.8066,386.0,0.0,10000
2,34,70,299.86338633863386,294,0.0,9999
2,34,71,323.1916,324.0,0.0,10000
2,34,72,334.1488,322.0,0.0,10000
2,34,73,362.5044,364.0,0.0,10000
2,34,74,350.0792,358.0,0.0,10000
2,34,75,331.7351735173517,330,0.0,9999
2,34,76,277.0336,266.0,0.0,10000
2,34,77,342.1506,362.0,0.0,10000
2,34,78,280.8518,272.0,0.0,10000
2,34,79,380.2676267626763,366,0.0,9999
2,34,80,360.8008,362.0,0.0,10000
2,34,81,357.9658,364.0,0.0,10000
2,34,82,361.71277127712773,378,0.0,9999
2,34,83,358.4299719887955,366.0,0.0,9996
2,34,84,338.5288,346.0,0.0,10000
2,34,85,362.87588758875887,366,0.0,9999
2,34,86,371.66316631663165,380,0.0,9999
2,34,87,278.7724772477248,272,0.0,9999
2,34,88,273.85918591859183,266,0.0,9999
2,34,89,276.4982,266.0,0.0,10000
2,34,90,348.4102410241024,346,0.0,9999
2,34,91,293.47454745474545,292,0.0,9999
2,34,92,380.7702770277028,386,0.0,9999
2,34,93,342.6872687268727,328,0.0,9999
2,34,94,297.4015401540154,290,0.0,9999
2,34,95,324.5212,316.0,0.0,10000
2,34,96,367.0682,350.0,0.0,10000
2,34,97,345.3991399139914,352,0.0,9999
2,34,98,334.913,328.0,0.0,10000
2,34,99,408.6894689468947,372,0.0,9999
2,35,0,385.2998599719944,406.0,0.0,9998
2,35,1,398.2302,392.0,0.0,10000
2,35,2,330.7021404280856,350.0,0.0,9998
2,35,3,368.9648,354.0,0.0,10000
2,35,4,318.2476247624762,312,0.0,9999
2,35,5,382.949494949495,388,0.0,9999
2,35,6,323.5486,330.0,0.0,10000
2,35,7,328.8426,314.0,0.0,10000
2,35,8,305.29,278.0,0.0,10000
2,35,9,362.4556,364.0,0.0,10000
2,35,10,459.4042,526.0,0.0,10000
2,35,11,348.2528,352.0,0.0,10000
2,35,12,366.83928392839283,370,0.0,9999
2,35,13,340.9776,364.0,0.0,10000
2,35,14,344.4912,352.0,0.0,10000
2,35,15,335.6148,330.0,0.0,10000
2,35,16,373.945,370.0,0.0,10000
2,35,17,331.9153915391539,320,0.0,9999
2,35,18,283.2236,274.0,0.0,10000
2,35,19,297.7593518703741,296.0,0.0,9998
2,35,20,298.825,274.0,0.0,10000
2,35,21,279.032,268.0,0.0,10000
2,35,22,367.86498649864984,388,0.0,9999
2,35,23,333.9924,350.0,0.0,10000
2,35,24,331.6916,324.0,0.0,10000
2,35,25,383.1394278855771,402.0,0.0,9998
2,35,26,362.0628062806281,374,0.0,9999
2,35,27,369.1684,378.0,0.0,10000
2,35,28,381.801,390.0,0.0,10000
2,35,29,379.257,378.0,0.0,10000
2,35,30,305.5298,318.0,0.0,10000
2,35,31,371.5945594559456,384,0.0,9999
2,35,32,289.99299859971995,274.0,0.0,9998
2,35,33,338.8802,334.0,0.0,10000
2,35,34,407.1179117911791,390,0.0,9999
2,35,35,331.0244,306.0,0.0,10000
2,35,36,297.7284,304.0,0.0,10000
2,35,37,354.0694,346.0,0.0,10000
2,35,38,283.3037303730373,272,0.0,9999
2,35,39,344.0408,354.0,0.0,10000
2,35,40,351.4624,366.0,0.0,10000
2,35,41,290.21182118211823,272,0.0,9999
2,35,42,288.849,290.0,0.0,10000
2,35,43,308.4766,322.0,0.0,10000
2,35,44,358.5706,370.0,0.0,10000
2,35,45,341.6824,366.0,0.0,10000
2,35,46,357.1754,378.0,0.0,10000
2,35,47,355.7053705370537,352,0.0,9999
2,35,48,313.6504,316.0,0.0,10000
2,35,49,387.5284,402.0,0.0,10000
2,35,50,294.947,280.0,0.0,10000
2,35,51,300.13841384138414,282,0.0,9999
2,35,52,300.3612,288.0,0.0,10000
2,35,53,357.0734,374.0,0.0,10000
2,35,54,343.8618,340.0,0.0,10000
2,35,55,308.4788478847885,304,0.0,9999
2,35,56,290.2074,280.0,0.0,10000
2,35,57,300.8716,312.0,0.0,10000
2,35,58,333.03,316.0,0.0,10000
2,35,59,289.3834,274.0,0.0,10000
2,35,60,299.386,272.0,0.0,10000
2,35,61,311.1722,298.0,0.0,10000
2,35,62,289.4612,280.0,0.0,10000
2,35,63,276.8006,266.0,0.0,10000
2,35,64,346.6064,344.0,0.0,10000
2,35,65,284.60806080608063,274,0.0,9999
2,35,66,350.171,356.0,0.0,10000
2,35,67,371.363,390.0,0.0,10000
2,35,68,318.38,314.0,0.0,10000
2,35,69,296.2218,296.0,0.0,10000
2,35,70,322.4616,316.0,0.0,10000
2,35,71,347.2806,344.0,0.0,10000
2,35,72,361.67,364.0,0.0,10000
2,35,73,347.4016,334.0,0.0,10000
2,35,74,347.684,364.0,0.0,10000
2,35,75,424.6539307861572,388.0,0.0,9998
2,35,76,332.2262,328.0,0.0,10000
2,35,77,278.4954,272.0,0.0,10000
2,35,78,353.1192,378.0,0.0,10000
2,35,79,326.227,328.0,0.0,10000
2,35,80,381.6958,318.0,0.0,10000
2,35,81,378.73574714942987,398.0,0.0,9998
2,35,82,323.0148,290.0,0.0,10000
2,35,83,356.8162816281628,354,0.0,9999
2,35,84,402.651,374.0,0.0,10000
2,35,85,347.4645464546455,342,0.0,9999
2,35,86,333.1285128512851,340,0.0,9999
2,35,87,353.4538,358.0,0.0,10000
2,35,88,339.265,342.0,0.0,10000
2,35,89,374.8007601520304,384.0,0.0,9998
2,35,90,402.3068306830683,374,0.0,9999
2,35,91,412.6898,406.0,0.0,10000
2,35,92,326.986,320.0,0.0,10000
2,35,93,377.2588,374.0,0.0,10000
2,35,94,356.00520052005203,348,0.0,9999
2,35,95,325.4009400940094,290,0.0,9999
2,35,96,357.9265926592659,356,0.0,9999
2,35,97,380.1698,382.0,0.0,10000
2,35,98,407.7838,386.0,0.0,10000
2,35,99,325.965796579658,308,0.0,9999
2,36,0,358.4254,364.0,0.0,10000
2,36,1,305.2864,302.0,0.0,10000
2,36,2,292.3928,284.0,0.0,10000
2,36,3,350.2818281828183,362,0.0,9999
2,36,4,290.4108,266.0,0.0,10000
2,36,5,352.2632,326.0,0.0,10000
2,36,6,333.1428,336.0,0.0,10000
2,36,7,411.1686,378.0,0.0,10000
2,36,8,339.8064,346.0,0.0,10000
2,36,9,326.458,316.0,0.0,10000
2,36,10,338.416,346.0,0.0,10000
2,36,11,346.861,370.0,0.0,10000
2,36,12,327.0952,338.0,0.0,10000
2,36,13,366.6382,372.0,0.0,10000
2,36,14,314.1064,304.0,0.0,10000
2,36,15,357.5984,370.0,0.0,10000
2,36,16,329.7173717371737,306,0.0,9999
2,36,17,399.44,364.0,0.0,10000
2,36,18,405.2228,370.0,0.0,10000
2,36,19,340.0516103220644,346.0,0.0,9998
2,36,20,456.037,494.0,0.0,10000
2,36,21,348.587,354.0,0.0,10000
2,36,22,321.6749674967497,334,0.0,9999
2,36,23,353.62796279627963,376,0.0,9999
2,36,24,321.0959095909591,318,0.0,9999
2,36,25,374.1114,378.0,0.0,10000
2,36,26,291.8514,280.0,0.0,10000
2,36,27,331.3896,336.0,0.0,10000
2,36,28,319.3314,322.0,0.0,10000
2,36,29,344.3674,362.0,0.0,10000
2,36,30,278.2072,272.0,0.0,10000
2,36,31,461.07110711071107,474,0.0,9999
2,36,32,345.5888,358.0,0.0,10000
2,36,33,306.9188,314.0,0.0,10000
2,36,34,294.3964396439644,280,0.0,9999
2,36,35,364.94649464946497,338,0.0,9999
2,36,36,299.7894,308.0,0.0,10000
2,36,37,282.2782,274.0,0.0,10000
2,36,38,377.7036,364.0,0.0,10000
2,36,39,338.9632,332.0,0.0,10000
2,36,40,358.137,372.0,0.0,10000
2,36,41,369.021902190219,380,0.0,9999
2,36,42,341.44234423442344,328,0.0,9999
2,36,43,341.35573557355735,350,0.0,9999
2,36,44,284.5178,268.0,0.0,10000
2,36,45,340.6978,354.0,0.0,10000
2,36,46,349.057,368.0,0.0,10000
2,36,47,359.15391539153916,372,0.0,9999
2,36,48,289.9324,284.0,0.0,10000
2,36,49,355.946,376.0,0.0,10000
2,36,50,302.5058505850585,290,0.0,9999
2,36,51,307.6776,318.0,0.0,10000
2,36,52,296.2118,266.0,0.0,10000
2,36,53,356.0348,372.0,0.0,10000
2,36,54,281.20604120824163,266.0,0.0,9998
2,36,55,342.6064,360.0,0.0,10000
2,36,56,289.2674,288.0,0.0,10000
2,36,57,277.475,272.0,0.0,10000
2,36,58,320.1344134413441,266,0.0,9999
2,36,59,286.98329832983296,266,0.0,9999
2,36,60,279.1054,272.0,0.0,10000
2,36,61,333.5682,282.0,0.0,10000
2,36,62,283.9964,272.0,0.0,10000
2,36,63,290.5164516451645,272,0.0,9999
2,36,64,319.3124,326.0,0.0,10000
2,36,65,360.3788378837884,370,0.0,9999
2,36,66,276.1644,272.0,0.0,10000
2,36,67,272.3180318031803,266,0.0,9999
2,36,68,286.3252,274.0,0.0,10000
2,36,69,279.1374,272.0,0.0,10000
2,36,70,344.5258,352.0,0.0,10000
2,36,71,333.087,348.0,0.0,10000
2,36,72,297.5654,288.0,0.0,10000
2,36,73,331.04830483048306,336,0.0,9999
2,36,74,318.94909490949095,332,0.0,9999
2,36,75,299.749,290.0,0.0,10000
2,36,76,320.96789678967895,344,0.0,9999
2,36,77,337.559,346.0,0.0,10000
2,36,78,331.96039603960395,342,0.0,9999
2,36,79,326.44744474447447,336,0.0,9999
2,36,80,369.622924584917,356.0,0.0,9998
2,36,81,366.7252,372.0,0.0,10000
2,36,82,283.9212,280.0,0.0,10000
2,36,83,337.85818581858183,354,0.0,9999
2,36,84,355.3142,354.0,0.0,10000
2,36,85,282.0738,274.0,0.0,10000
2,36,86,333.955,326.0,0.0,10000
2,36,87,314.406,298.0,0.0,10000
2,36,88,270.3917175152546,266,0.0,9997
2,36,89,401.5522,388.0,0.0,10000
2,36,90,381.0406,360.0,0.0,10000
2,36,91,364.4282,364.0,0.0,10000
2,36,92,349.5968,344.0,0.0,10000
2,36,93,279.5342,282.0,0.0,10000
2,36,94,314.1976,306.0,0.0,10000
2,36,95,286.1126112611261,286,0.0,9999
2,36,96,275.0678,266.0,0.0,10000
2,36,97,330.83476695339067,338.0,0.0,9998
2,36,98,329.0706,316.0,0.0,10000
2,36,99,321.275,330.0,0.0,10000
2,37,0,355.8997899789979,336,0.0,9999
2,37,1,359.9834,378.0,0.0,10000
2,37,2,334.2826,340.0,0.0,10000
2,37,3,306.86068606860687,300,0.0,9999
2,37,4,345.51475147514753,362,0.0,9999
2,37,5,346.891,366.0,0.0,10000
2,37,6,299.2515006002401,288.0,0.0,9996
2,37,7,323.8278,314.0,0.0,10000
2,37,8,457.974,490.0,0.0,10000
2,37,9,331.26632663266327,318,0.0,9999
2,37,10,340.0668066806681,326,0.0,9999
2,37,11,351.34213421342133,366,0.0,9999
2,37,12,333.26685337067414,346.0,0.0,9998
2,37,13,382.3326,354.0,0.0,10000
2,37,14,288.8756,272.0,0.0,10000
2,37,15,335.7388,334.0,0.0,10000
2,37,16,283.86878687868784,276,0.0,9999
2,37,17,327.6982,324.0,0.0,10000
2,37,18,352.3268,372.0,0.0,10000
2,37,19,332.9212,348.0,0.0,10000
2,37,20,333.1652,336.0,0.0,10000
2,37,21,371.9712,358.0,0.0,10000
2,37,22,350.2694,364.0,0.0,10000
2,37,23,384.4896489648965,366,0.0,9999
2,37,24,350.02320232023203,332,0.0,9999
2,37,25,267.615,266.0,0.0,10000
2,37,26,321.4314,338.0,0.0,10000
2,37,27,352.66586658665864,352,0.0,9999
2,37,28,334.87648764876485,330,0.0,9999
2,37,29,369.0604,352.0,0.0,10000
2,37,30,324.1946,334.0,0.0,10000
2,37,31,308.2636,286.0,0.0,10000
2,37,32,341.8854,362.0,0.0,10000
2,37,33,337.65356535653564,344,0.0,9999
2,37,34,284.2596,280.0,0.0,10000
2,37,35,351.6768,336.0,0.0,10000
2,37,36,362.0534106821364,370.0,0.0,9998
2,37,37,276.5802,272.0,0.0,10000
2,37,38,349.001700170017,364,0.0,9999
2,37,39,375.3916,368.0,0.0,10000
2,37,40,358.0938,366.0,0.0,10000
2,37,41,291.6179617961796,296,0.0,9999
2,37,42,335.7155715571557,362,0.0,9999
2,37,43,322.0186,326.0,0.0,10000
2,37,44,300.4558,282.0,0.0,10000
2,37,45,353.54115411541153,378,0.0,9999
2,37,46,333.9694,310.0,0.0,10000
2,37,47,338.0126,352.0,0.0,10000
2,37,48,328.2906,326.0,0.0,10000
2,37,49,278.5318,266.0,0.0,10000
2,37,50,355.8028,374.0,0.0,10000
2,37,51,307.002200440088,294.0,0.0,9998
2,37,52,276.3732373237324,266,0.0,9999
2,37,53,327.24232423242324,316,0.0,9999
2,37,54,320.1658,336.0,0.0,10000
2,37,55,339.5538,356.0,0.0,10000
2,37,56,278.218,272.0,0.0,10000
2,37,57,284.0828,270.0,0.0,10000
2,37,58,279.1326,274.0,0.0,10000
2,37,59,283.4674,288.0,0.0,10000
2,37,60,281.4646,272.0,0.0,10000
2,37,61,284.7172,274.0,0.0,10000
2,37,62,279.3954,272.0,0.0,10000
2,37,63,286.1872,280.0,0.0,10000
2,37,64,285.15871587158716,272,0.0,9999
2,37,65,348.86,350.0,0.0,10000
2,37,66,312.5092509250925,334,0.0,9999
2,37,67,330.776,352.0,0.0,10000
2,37,68,353.3654,352.0,0.0,10000
2,37,69,322.1532,328.0,0.0,10000
2,37,70,331.8738,328.0,0.0,10000
2,37,71,270.723,266.0,0.0,10000
2,37,72,284.519,282.0,0.0,10000
2,37,73,295.4828,300.0,0.0,10000
2,37,74,360.0666,348.0,0.0,10000
2,37,75,351.8086,370.0,0.0,10000
2,37,76,288.3598,266.0,0.0,10000
2,37,77,346.007,344.0,0.0,10000
2,37,78,276.03740374037403,266,0.0,9999
2,37,79,277.32893289328933,272,0.0,9999
2,37,80,274.9452,272.0,0.0,10000
2,37,81,312.2732,302.0,0.0,10000
2,37,82,337.8627725545109,348.0,0.0,9998
2,37,83,273.6158,266.0,0.0,10000
2,37,84,309.84518451845184,320,0.0,9999
2,37,85,319.4151415141514,320,0.0,9999
2,37,86,292.6886,274.0,0.0,10000
2,37,87,381.3276,386.0,0.0,10000
2,37,88,315.3346,312.0,0.0,10000
2,37,89,342.8998,360.0,0.0,10000
2,37,90,339.9067906790679,350,0.0,9999
2,37,91,335.3076,322.0,0.0,10000
2,37,92,342.8842,346.0,0.0,10000
2,37,93,347.1334,346.0,0.0,10000
2,37,94,311.9038,284.0,0.0,10000
2,37,95,275.8218,272.0,0.0,10000
2,37,96,319.73777377737775,320,0.0,9999
2,37,97,268.7162,266.0,0.0,10000
2,37,98,373.1312,378.0,0.0,10000
2,37,99,351.63,356.0,0.0,10000
2,38,0,292.0016,284.0,0.0,10000
2,38,1,327.409,348.0,0.0,10000
2,38,2,289.663,280.0,0.0,10000
2,38,3,276.1166,272.0,0.0,10000
2,38,4,287.4946,280.0,0.0,10000
2,38,5,335.6742,330.0,0.0,10000
2,38,6,306.63586358635865,294,0.0,9999
2,38,7,288.06600660066005,272,0.0,9999
2,38,8,276.8638863886389,272,0.0,9999
2,38,9,277.123,272.0,0.0,10000
2,38,10,336.4056,348.0,0.0,10000
2,38,11,345.113,358.0,0.0,10000
2,38,12,299.9484,288.0,0.0,10000
2,38,13,367.7194,356.0,0.0,10000
2,38,14,352.4114,346.0,0.0,10000
2,38,15,326.845,276.0,0.0,10000
2,38,16,311.16411641164115,290,0.0,9999
2,38,17,322.49509901980394,322.0,0.0,9998
2,38,18,326.7006,322.0,0.0,10000
2,38,19,319.07170717071705,330,0.0,9999
2,38,20,315.0982,312.0,0.0,10000
2,38,21,312.5970597059706,320,0.0,9999
2,38,22,269.412,266.0,0.0,10000
2,38,23,283.8828,272.0,0.0,10000
2,38,24,292.9484,286.0,0.0,10000
2,38,25,302.3562,286.0,0.0,10000
2,38,26,310.8648,322.0,0.0,10000
2,38,27,337.9131826365273,362.0,0.0,9998
2,38,28,323.9176,336.0,0.0,10000
2,38,29,325.4156,268.0,0.0,10000
2,38,30,333.6604,336.0,0.0,10000
2,38,31,294.370311093328,282,0.0,9997
2,38,32,350.0262,348.0,0.0,10000
2,38,33,330.329,308.0,0.0,10000
2,38,34,316.8888,334.0,0.0,10000
2,38,35,430.38803880388036,480,0.0,9999
2,38,36,429.5335533553355,470,0.0,9999
2,38,37,331.13791379137916,350,0.0,9999
2,38,38,311.645,308.0,0.0,10000
2,38,39,267.012701270127,266,0.0,9999
2,38,40,277.8366,266.0,0.0,10000
2,38,41,339.9131826365273,358.0,0.0,9998
2,38,42,288.5838,280.0,0.0,10000
2,38,43,319.5637127425485,336.0,0.0,9998
2,38,44,338.4404,358.0,0.0,10000
2,38,45,318.0794,330.0,0.0,10000
2,38,46,327.50715071507153,334,0.0,9999
2,38,47,294.5756,272.0,0.0,10000
2,38,48,363.989198919892,364,0.0,9999
2,38,49,304.54145414541455,290,0.0,9999
2,38,50,311.27072707270725,294,0.0,9999
2,38,51,355.8818,358.0,0.0,10000
2,38,52,306.69,316.0,0.0,10000
2,38,53,325.27652765276525,324,0.0,9999
2,38,54,315.987,324.0,0.0,10000
2,38,55,293.3276,276.0,0.0,10000
2,38,56,290.25542554255424,266,0.0,9999
2,38,57,278.5091018203641,272.0,0.0,9998
2,38,58,277.332,272.0,0.0,10000
2,38,59,273.6381638163816,266,0.0,9999
2,38,60,276.4434,266.0,0.0,10000
2,38,61,282.283,274.0,0.0,10000
2,38,62,275.783,272.0,0.0,10000
2,38,63,282.3462,272.0,0.0,10000
2,38,64,300.4934,278.0,0.0,10000
2,38,65,272.0918,266.0,0.0,10000
2,38,66,271.02610261026103,266,0.0,9999
2,38,67,384.9968,354.0,0.0,10000
2,38,68,324.56651330266055,340.0,0.0,9998
2,38,69,380.2082208220822,354,0.0,9999
2,38,70,441.45954595459546,486,0.0,9999
2,38,71,309.73217321732176,318,0.0,9999
2,38,72,280.4466,266.0,0.0,10000
2,38,73,296.3772,274.0,0.0,10000
2,38,74,319.2904,326.0,0.0,10000
2,38,75,280.9906,280.0,0.0,10000
2,38,76,289.1866,272.0,0.0,10000
2,38,77,333.4885488548855,336,0.0,9999
2,38,78,325.08610861086106,352,0.0,9999
2,38,79,294.504,284.0,0.0,10000
2,38,80,277.028,272.0,0.0,10000
2,38,81,302.964696469647,280,0.0,9999
2,38,82,286.98129812981296,266,0.0,9999
2,38,83,329.362,318.0,0.0,10000
2,38,84,320.44888977795557,314.0,0.0,9998
2,38,85,326.6778677867787,320,0.0,9999
2,38,86,309.238,266.0,0.0,10000
2,38,87,304.2998,300.0,0.0,10000
2,38,88,272.0828082808281,266,0.0,9999
2,38,89,327.13951395139514,330,0.0,9999
2,38,90,278.1306,272.0,0.0,10000
2,38,91,315.6324,332.0,0.0,10000
2,38,92,271.2268,266.0,0.0,10000
2,38,93,362.112,352.0,0.0,10000
2,38,94,314.8098,338.0,0.0,10000
2,38,95,311.8384,280.0,0.0,10000
2,38,96,316.82248224822484,328,0.0,9999
2,38,97,314.13281328132814,320,0.0,9999
2,38,98,285.5554,272.0,0.0,10000
2,38,99,283.1674,272.0,0.0,10000
2,39,0,319.8796,312.0,0.0,10000
2,39,1,315.975,332.0,0.0,10000
2,39,2,321.47674767476747,330,0.0,9999
2,39,3,322.64966496649663,344,0.0,9999
2,39,4,295.8888,270.0,0.0,10000
2,39,5,273.1158,266.0,0.0,10000
2,39,6,309.2186,322.0,0.0,10000
2,39,7,337.3953395339534,330,0.0,9999
2,39,8,336.8064,332.0,0.0,10000
2,39,9,275.8313831383138,272,0.0,9999
2,39,10,340.9002900290029,348,0.0,9999
2,39,11,325.8418,284.0,0.0,10000
2,39,12,347.9342,358.0,0.0,10000
2,39,13,280.02100210021,274,0.0,9999
2,39,14,298.925,288.0,0.0,10000
2,39,15,283.3738,266.0,0.0,10000
2,39,16,310.0606,304.0,0.0,10000
2,39,17,333.37273727372735,338,0.0,9999
2,39,18,333.1842,342.0,0.0,10000
2,39,19,280.224,266.0,0.0,10000
2,39,20,330.0372,352.0,0.0,10000
2,39,21,344.4194,350.0,0.0,10000
2,39,22,309.2814,306.0,0.0,10000
2,39,23,268.24444888977797,266.0,0.0,9998
2,39,24,278.809,272.0,0.0,10000
2,39,25,305.7938,296.0,0.0,10000
2,39,26,338.7688,338.0,0.0,10000
2,39,27,314.3606,308.0,0.0,10000
2,39,28,303.7126,292.0,0.0,10000
2,39,29,306.557,290.0,0.0,10000
2,39,30,351.1165116511651,328,0.0,9999
2,39,31,303.75837583758374,308,0.0,9999
2,39,32,347.5566,342.0,0.0,10000
2,39,33,289.1093109310931,274,0.0,9999
2,39,34,350.30606121224247,370.0,0.0,9998
2,39,35,330.27362736273625,338,0.0,9999
2,39,36,320.4846,320.0,0.0,10000
2,39,37,285.3236,274.0,0.0,10000
2,39,38,322.4164,280.0,0.0,10000
2,39,39,339.7826,326.0,0.0,10000
2,39,40,330.004600460046,338,0.0,9999
2,39,41,326.5160516051605,334,0.0,9999
2,39,42,294.3768376837684,270,0.0,9999
2,39,43,307.44834483448346,300,0.0,9999
2,39,44,320.9112,330.0,0.0,10000
2,39,45,298.5048504850485,304,0.0,9999
2,39,46,370.6348,356.0,0.0,10000
2,39,47,330.1148,330.0,0.0,10000
2,39,48,360.0954,358.0,0.0,10000
2,39,49,298.076,298.0,0.0,10000
2,39,50,335.0586,316.0,0.0,10000
2,39,51,311.9237923792379,322,0.0,9999
2,39,52,307.87997599519906,272.0,0.0,9998
2,39,53,280.9728,266.0,0.0,10000
2,39,54,329.5108,326.0,0.0,10000
2,39,55,331.3918,338.0,0.0,10000
2,39,56,280.07460746074605,274,0.0,9999
2,39,57,298.8962,280.0,0.0,10000
2,39,58,281.1892,272.0,0.0,10000
2,39,59,283.898,266.0,0.0,10000
2,39,60,278.5428542854285,272,0.0,9999
2,39,61,284.935,266.0,0.0,10000
2,39,62,271.67096709670966,266,0.0,9999
2,39,63,279.353,272.0,0.0,10000
2,39,64,282.3536,274.0,0.0,10000
2,39,65,369.6338,356.0,0.0,10000
2,39,66,292.6366,286.0,0.0,10000
2,39,67,319.2041204120412,344,0.0,9999
2,39,68,325.7518,332.0,0.0,10000
2,39,69,336.6014601460146,348,0.0,9999
2,39,70,334.76787678767874,344,0.0,9999
2,39,71,271.0876,264.0,0.0,10000
2,39,72,298.8298,282.0,0.0,10000
2,39,73,300.52885288528853,282,0.0,9999
2,39,74,290.6324,266.0,0.0,10000
2,39,75,372.8688,330.0,0.0,10000
2,39,76,315.9262,294.0,0.0,10000
2,39,77,303.8924,282.0,0.0,10000
2,39,78,289.521,280.0,0.0,10000
2,39,79,311.4468,318.0,0.0,10000
2,39,80,410.95269526952694,488,0.0,9999
2,39,81,376.6364,366.0,0.0,10000
2,39,82,325.496,332.0,0.0,10000
2,39,83,338.3724,322.0,0.0,10000
2,39,84,336.9002,340.0,0.0,10000
2,39,85,349.77297729772977,362,0.0,9999
2,39,86,346.4512902580516,302.0,0.0,9998
2,39,87,300.2904,294.0,0.0,10000
2,39,88,291.4158,280.0,0.0,10000
2,39,89,276.6774,272.0,0.0,10000
2,39,90,312.162,312.0,0.0,10000
2,39,91,351.8052,350.0,0.0,10000
2,39,92,368.9724,348.0,0.0,10000
2,39,93,276.0744,266.0,0.0,10000
2,39,94,328.833,344.0,0.0,10000
2,39,95,301.686,274.0,0.0,10000
2,39,96,289.1134,266.0,0.0,10000
2,39,97,304.92709270927094,298,0.0,9999
2,39,98,327.4608,326.0,0.0,10000
2,39,99,328.0352,330.0,0.0,10000
2,40,0,304.2472,266.0,0.0,10000
2,40,1,289.7086,274.0,0.0,10000
2,40,2,287.9018,266.0,0.0,10000
2,40,3,331.45954595459546,332,0.0,9999
2,40,4,276.35723572357233,266,0.0,9999
2,40,5,279.45874587458746,272,0.0,9999
2,40,6,303.9068,270.0,0.0,10000
2,40,7,351.34813481348135,348,0.0,9999
2,40,8,389.3718,356.0,0.0,10000
2,40,9,376.2152,356.0,0.0,10000
2,40,10,271.3923392339234,264,0.0,9999
2,40,11,332.94809480948095,344,0.0,9999
2,40,12,289.957,276.0,0.0,10000
2,40,13,325.975397539754,332,0.0,9999
2,40,14,310.443,300.0,0.0,10000
2,40,15,304.1944,290.0,0.0,10000
2,40,16,276.1742,272.0,0.0,10000
2,40,17,412.4864,470.0,0.0,10000
2,40,18,315.9068,336.0,0.0,10000
2,40,19,310.8098809880988,328,0.0,9999
2,40,20,276.3202,272.0,0.0,10000
2,40,21,271.4708,266.0,0.0,10000
2,40,22,316.0374,294.0,0.0,10000
2,40,23,298.8972897289729,298,0.0,9999
2,40,24,312.9414,320.0,0.0,10000
2,40,25,311.3648,326.0,0.0,10000
2,40,26,325.8856,334.0,0.0,10000
2,40,27,367.6894,344.0,0.0,10000
2,40,28,280.5171034206841,272.0,0.0,9998
2,40,29,271.0688,266.0,0.0,10000
2,40,30,281.8768,272.0,0.0,10000
2,40,31,339.2612,288.0,0.0,10000
2,40,32,319.1124,312.0,0.0,10000
2,40,33,290.3192,272.0,0.0,10000
2,40,34,315.7945794579458,316,0.0,9999
2,40,35,307.1096,324.0,0.0,10000
2,40,36,271.2874,266.0,0.0,10000
2,40,37,282.8958,272.0,0.0,10000
2,40,38,309.0762,306.0,0.0,10000
2,40,39,280.7154,274.0,0.0,10000
2,40,40,280.858,266.0,0.0,10000
2,40,41,330.4042,338.0,0.0,10000
2,40,42,280.5374,274.0,0.0,10000
2,40,43,275.4835483548355,272,0.0,9999
2,40,44,303.5951595159516,294,0.0,9999
2,40,45,306.8774,320.0,0.0,10000
2,40,46,313.6751675167517,324,0.0,9999
2,40,47,300.6036,276.0,0.0,10000
2,40,48,273.1438,266.0,0.0,10000
2,40,49,325.22152215221524,344,0.0,9999
2,40,50,297.1006,306.0,0.0,10000
2,40,51,328.5486,332.0,0.0,10000
2,40,52,315.6052,326.0,0.0,10000
2,40,53,319.0846,314.0,0.0,10000
2,40,54,323.54135413541354,324,0.0,9999
2,40,55,271.7091709170917,266,0.0,9999
2,40,56,271.76237623762376,266,0.0,9999
2,40,57,271.35673567356736,266,0.0,9999
2,40,58,279.544,272.0,0.0,10000
2,40,59,280.01480148014804,266,0.0,9999
2,40,60,298.3916,274.0,0.0,10000
2,40,61,281.9334,272.0,0.0,10000
2,40,62,293.16331633163315,274,0.0,9999
2,40,63,284.55105510551056,274,0.0,9999
2,40,64,300.0494,296.0,0.0,10000
2,40,65,276.2644,266.0,0.0,10000
2,40,66,281.5654,272.0,0.0,10000
2,40,67,302.949494949495,290,0.0,9999
2,40,68,303.5838,312.0,0.0,10000
2,40,69,348.69286928692867,318,0.0,9999
2,40,70,285.8288,272.0,0.0,10000
2,40,71,305.9098,296.0,0.0,10000
2,40,72,291.264,274.0,0.0,10000
2,40,73,274.2604,266.0,0.0,10000
2,40,74,275.69,266.0,0.0,10000
2,40,75,291.8834,274.0,0.0,10000
2,40,76,296.9144914491449,282,0.0,9999
2,40,77,315.988598859886,304,0.0,9999
2,40,78,300.53965396539655,268,0.0,9999
2,40,79,281.3725372537254,272,0.0,9999
2,40,80,301.2972,282.0,0.0,10000
2,40,81,297.2496,286.0,0.0,10000
2,40,82,328.6362,332.0,0.0,10000
2,40,83,274.65666566656665,266,0.0,9999
2,40,84,299.1524,290.0,0.0,10000
2,40,85,285.7787778777878,272,0.0,9999
2,40,86,310.9380938093809,326,0.0,9999
2,40,87,272.7586,266.0,0.0,10000
2,40,88,340.413,340.0,0.0,10000
2,40,89,314.6858685868587,320,0.0,9999
2,40,90,335.6341634163416,318,0.0,9999
2,40,91,302.5378,284.0,0.0,10000
2,40,92,279.2952,272.0,0.0,10000
2,40,93,305.2482,314.0,0.0,10000
2,40,94,286.6818,272.0,0.0,10000
2,40,95,300.1204,272.0,0.0,10000
2,40,96,272.9784,266.0,0.0,10000
2,40,97,328.2128,328.0,0.0,10000
2,40,98,271.4636,266.0,0.0,10000
2,40,99,297.55595559555957,302,0.0,9999
2,41,0,278.491,266.0,0.0,10000
2,41,1,359.8877887788779,324,0.0,9999
2,41,2,346.1852,342.0,0.0,10000
2,41,3,282.6516,272.0,0.0,10000
2,41,4,308.9206920692069,300,0.0,9999
2,41,5,300.53605360536056,288,0.0,9999
2,41,6,273.88,266.0,0.0,10000
2,41,7,333.7874,334.0,0.0,10000
2,41,8,325.55175517551754,326,0.0,9999
2,41,9,316.5577115423085,268.0,0.0,9998
2,41,10,320.1898189818982,328,0.0,9999
2,41,11,288.8336,290.0,0.0,10000
2,41,12,304.2428242824282,304,0.0,9999
2,41,13,296.7142714271427,280,0.0,9999
2,41,14,283.1439143914391,268,0.0,9999
2,41,15,291.54735473547356,274,0.0,9999
2,41,16,305.3736,296.0,0.0,10000
2,41,17,329.4895489548955,320,0.0,9999
2,41,18,278.74927492749276,272,0.0,9999
2,41,19,295.728,282.0,0.0,10000
2,41,20,321.0028,334.0,0.0,10000
2,41,21,281.4981498149815,268,0.0,9999
2,41,22,271.67913582716545,266.0,0.0,9998
2,41,23,301.7458,300.0,0.0,10000
2,41,24,311.9052,316.0,0.0,10000
2,41,25,314.61566156615663,268,0.0,9999
2,41,26,282.1494,274.0,0.0,10000
2,41,27,305.718,296.0,0.0,10000
2,41,28,294.2896,276.0,0.0,10000
2,41,29,296.453,276.0,0.0,10000
2,41,30,323.5658,320.0,0.0,10000
2,41,31,317.326,320.0,0.0,10000
2,41,32,278.9066,272.0,0.0,10000
2,41,33,293.1703170317032,286,0.0,9999
2,41,34,326.80756151230247,330.0,0.0,9998
2,41,35,315.8614,268.0,0.0,10000
2,41,36,278.3582,266.0,0.0,10000
2,41,37,332.0204,338.0,0.0,10000
2,41,38,281.85578557855786,280,0.0,9999
2,41,39,289.6951695169517,280,0.0,9999
2,41,40,278.2554,272.0,0.0,10000
2,41,41,347.6145614561456,344,0.0,9999
2,41,42,278.5793158631726,272.0,0.0,9998
2,41,43,296.8994899489949,266,0.0,9999
2,41,44,335.8177453235971,348,0.0,9997
2,41,45,275.6792,266.0,0.0,10000
2,41,46,315.7256,304.0,0.0,10000
2,41,47,315.3308,332.0,0.0,10000
2,41,48,288.0732,278.0,0.0,10000
2,41,49,294.9396,304.0,0.0,10000
2,41,50,327.6831683168317,328,0.0,9999
2,41,51,309.6788,288.0,0.0,10000
2,41,52,305.571,308.0,0.0,10000
2,41,53,297.272,280.0,0.0,10000
2,41,54,287.6648,286.0,0.0,10000
2,41,55,324.9548,318.0,0.0,10000
2,41,56,286.0286,274.0,0.0,10000
2,41,57,279.6842,272.0,0.0,10000
2,41,58,290.3144,280.0,0.0,10000
2,41,59,277.401,268.0,0.0,10000
2,41,60,278.6936,272.0,0.0,10000
2,41,61,291.6207620762076,280,0.0,9999
2,41,62,271.07870787078707,266,0.0,9999
2,41,63,303.3245324532453,266,0.0,9999
2,41,64,298.85,272.0,0.0,10000
2,41,65,349.98499699939987,346.0,0.0,9998
2,41,66,324.4450890178036,280.0,0.0,9998
2,41,67,306.347,292.0,0.0,10000
2,41,68,274.2766,266.0,0.0,10000
2,41,69,266.9902970891267,266,0.0,9997
2,41,70,276.11101110111014,272,0.0,9999
2,41,71,347.5973597359736,356,0.0,9999
2,41,72,315.78897889788976,324,0.0,9999
2,41,73,314.5012,320.0,0.0,10000
2,41,74,285.0268053610722,272.0,0.0,9998
2,41,75,298.9396,276.0,0.0,10000
2,41,76,300.1750175017502,306,0.0,9999
2,41,77,268.7048,266.0,0.0,10000
2,41,78,268.087,266.0,0.0,10000
2,41,79,297.7564,282.0,0.0,10000
2,41,80,275.5484,272.0,0.0,10000
2,41,81,347.1316,336.0,0.0,10000
2,41,82,334.2752275227523,320,0.0,9999
2,41,83,289.0406,268.0,0.0,10000
2,41,84,331.273,336.0,0.0,10000
2,41,85,311.8216,314.0,0.0,10000
2,41,86,280.6884,266.0,0.0,10000
2,41,87,299.8572,280.0,0.0,10000
2,41,88,290.0156,282.0,0.0,10000
2,41,89,324.7696,336.0,0.0,10000
2,41,90,309.3438,310.0,0.0,10000
2,41,91,279.93979397939796,266,0.0,9999
2,41,92,301.0696139227846,286.0,0.0,9998
2,41,93,360.412,338.0,0.0,10000
2,41,94,316.1964,318.0,0.0,10000
2,41,95,289.1678,292.0,0.0,10000
2,41,96,305.5298,280.0,0.0,10000
2,41,97,321.3428,338.0,0.0,10000
2,41,98,287.0344,274.0,0.0,10000
2,41,99,299.1093109310931,284,0.0,9999
2,42,0,284.347,268.0,0.0,10000
2,42,1,279.7226,272.0,0.0,10000
2,42,2,303.8994,312.0,0.0,10000
2,42,3,293.1806,272.0,0.0,10000
2,42,4,275.7236,272.0,0.0,10000
2,42,5,289.3054,280.0,0.0,10000
2,42,6,288.168,274.0,0.0,10000
2,42,7,288.1004100410041,274,0.0,9999
2,42,8,305.6768,272.0,0.0,10000
2,42,9,274.0988,266.0,0.0,10000
2,42,10,291.7088,274.0,0.0,10000
2,42,11,272.7760776077608,266,0.0,9999
2,42,12,299.5248,290.0,0.0,10000
2,42,13,328.7814,282.0,0.0,10000
2,42,14,291.84616923384675,298.0,0.0,9998
2,42,15,306.94689468946893,300,0.0,9999
2,42,16,287.8207641528306,282.0,0.0,9998
2,42,17,278.2698,266.0,0.0,10000
2,42,18,275.9888,272.0,0.0,10000
2,42,19,313.2113211321132,302,0.0,9999
2,42,20,303.1524,304.0,0.0,10000
2,42,21,282.67693538707744,274.0,0.0,9998
2,42,22,292.3592,292.0,0.0,10000
2,42,23,279.2953295329533,272,0.0,9999
2,42,24,293.3482,294.0,0.0,10000
2,42,25,272.6976,266.0,0.0,10000
2,42,26,286.1524,268.0,0.0,10000
2,42,27,302.1602,302.0,0.0,10000
2,42,28,354.842,308.0,0.0,10000
2,42,29,284.146,286.0,0.0,10000
2,42,30,301.6318,296.0,0.0,10000
2,42,31,288.0306,294.0,0.0,10000
2,42,32,276.7598,266.0,0.0,10000
2,42,33,292.0256,280.0,0.0,10000
2,42,34,282.2276,274.0,0.0,10000
2,42,35,277.37573757375736,266,0.0,9999
2,42,36,290.4626,266.0,0.0,10000
2,42,37,273.3896,266.0,0.0,10000
2,42,38,288.1918191819182,292,0.0,9999
2,42,39,290.805,274.0,0.0,10000
2,42,40,287.6166,272.0,0.0,10000
2,42,41,307.446,282.0,0.0,10000
2,42,42,281.3064,266.0,0.0,10000
2,42,43,285.97279727972796,272,0.0,9999
2,42,44,287.664,280.0,0.0,10000
2,42,45,275.6861372274455,272.0,0.0,9998
2,42,46,305.8024,292.0,0.0,10000
2,42,47,293.3268,272.0,0.0,10000
2,42,48,283.7028,274.0,0.0,10000
2,42,49,299.1741174117412,278,0.0,9999
2,42,50,287.1796,266.0,0.0,10000
2,42,51,281.5458,272.0,0.0,10000
2,42,52,300.3658,276.0,0.0,10000
2,42,53,271.618,266.0,0.0,10000
2,42,54,291.48234823482346,272,0.0,9999
2,42,55,283.1704,266.0,0.0,10000
2,42,56,274.6810681068107,266,0.0,9999
2,42,57,287.07650765076505,272,0.0,9999
2,42,58,277.4123412341234,266,0.0,9999
2,42,59,275.7229722972297,266,0.0,9999
2,42,60,281.037,272.0,0.0,10000
2,42,61,284.37363736373635,266,0.0,9999
2,42,62,273.23172317231723,266,0.0,9999
2,42,63,271.4457445744574,266,0.0,9999
2,42,64,270.5932,266.0,0.0,10000
2,42,65,272.22162216221625,266,0.0,9999
2,42,66,299.006700670067,266,0.0,9999
2,42,67,325.7394,302.0,0.0,10000
2,42,68,284.6228622862286,272,0.0,9999
2,42,69,297.1686,306.0,0.0,10000
2,42,70,269.2356,266.0,0.0,10000
2,42,71,280.6706,272.0,0.0,10000
2,42,72,310.39051715514654,274,0.0,9997
2,42,73,295.1092,292.0,0.0,10000
2,42,74,275.2908,266.0,0.0,10000
2,42,75,300.6216621662166,294,0.0,9999
2,42,76,270.62886288628863,266,0.0,9999
2,42,77,291.6061212242449,280.0,0.0,9998
2,42,78,298.7694,272.0,0.0,10000
2,42,79,282.06640664066407,266,0.0,9999
2,42,80,291.6392,274.0,0.0,10000
2,42,81,301.9502,280.0,0.0,10000
2,42,82,294.4294,286.0,0.0,10000
2,42,83,272.759,266.0,0.0,10000
2,42,84,285.5358,274.0,0.0,10000
2,42,85,292.1018,274.0,0.0,10000
2,42,86,294.3142314231423,280,0.0,9999
2,42,87,286.1784,272.0,0.0,10000
2,42,88,279.708,272.0,0.0,10000
2,42,89,323.7832,274.0,0.0,10000
2,42,90,282.5256,272.0,0.0,10000
2,42,91,290.18721872187217,276,0.0,9999
2,42,92,277.4094,266.0,0.0,10000
2,42,93,288.75735147029405,274.0,0.0,9998
2,42,94,282.7416,272.0,0.0,10000
2,42,95,282.7948,272.0,0.0,10000
2,42,96,304.34443444344436,274,0.0,9999
2,42,97,309.6581658165817,282,0.0,9999
2,42,98,281.4176,268.0,0.0,10000
2,42,99,335.3058,274.0,0.0,10000
2,43,0,280.277,272.0,0.0,10000
2,43,1,361.45409081816365,316.0,0.0,9998
2,43,2,280.4644,272.0,0.0,10000
2,43,3,314.34063406340636,266,0.0,9999
2,43,4,282.2404,266.0,0.0,10000
2,43,5,379.763,406.0,0.0,10000
2,43,6,311.79255851170234,272.0,0.0,9998
2,43,7,271.6214,266.0,0.0,10000
2,43,8,277.3004,266.0,0.0,10000
2,43,9,283.649,272.0,0.0,10000
2,43,10,293.3991399139914,298,0.0,9999
2,43,11,290.9814,274.0,0.0,10000
2,43,12,282.8646864686469,266,0.0,9999
2,43,13,285.1876,280.0,0.0,10000
2,43,14,285.2518,272.0,0.0,10000
2,43,15,278.3606,272.0,0.0,10000
2,43,16,299.182,282.0,0.0,10000
2,43,17,275.78057805780577,272,0.0,9999
2,43,18,284.0162,272.0,0.0,10000
2,43,19,309.6654,314.0,0.0,10000
2,43,20,287.1085108510851,272,0.0,9999
2,43,21,274.7032,266.0,0.0,10000
2,43,22,296.2666266626663,300,0.0,9999
2,43,23,280.2582,272.0,0.0,10000
2,43,24,283.1343134313431,272,0.0,9999
2,43,25,299.1026,292.0,0.0,10000
2,43,26,285.3154,276.0,0.0,10000
2,43,27,279.2790558111622,272.0,0.0,9998
2,43,28,334.68153630726147,294.0,0.0,9998
2,43,29,276.2226222622262,272,0.0,9999
2,43,30,290.6704,266.0,0.0,10000
2,43,31,290.1656,274.0,0.0,10000
2,43,32,309.4232,320.0,0.0,10000
2,43,33,322.4006400640064,296,0.0,9999
2,43,34,306.579,304.0,0.0,10000
2,43,35,287.4574,272.0,0.0,10000
2,43,36,288.4824,272.0,0.0,10000
2,43,37,301.928,268.0,0.0,10000
2,43,38,278.886,272.0,0.0,10000
2,43,39,285.032303230323,268,0.0,9999
2,43,40,280.5170517051705,270,0.0,9999
2,43,41,285.5409540954095,274,0.0,9999
2,43,42,330.2462,318.0,0.0,10000
2,43,43,276.2276,266.0,0.0,10000
2,43,44,277.1016,272.0,0.0,10000
2,43,45,273.66616661666166,266,0.0,9999
2,43,46,288.2598,266.0,0.0,10000
2,43,47,323.5398,286.0,0.0,10000
2,43,48,278.73587358735875,272,0.0,9999
2,43,49,294.6841368273655,280.0,0.0,9998
2,43,50,278.6857371474295,272.0,0.0,9998
2,43,51,283.0637063706371,274,0.0,9999
2,43,52,290.13941394139414,286,0.0,9999
2,43,53,284.1074,274.0,0.0,10000
2,43,54,295.9588,280.0,0.0,10000
2,43,55,274.2668266826683,266,0.0,9999
2,43,56,283.114,266.0,0.0,10000
2,43,57,282.5444,272.0,0.0,10000
2,43,58,281.5454,272.0,0.0,10000
2,43,59,273.1908,266.0,0.0,10000
2,43,60,285.8568,272.0,0.0,10000
2,43,61,276.577,266.0,0.0,10000
2,43,62,280.325,266.0,0.0,10000
2,43,63,302.93958791758354,274.0,0.0,9998
2,43,64,273.8006,266.0,0.0,10000
2,43,65,291.2204,300.0,0.0,10000
2,43,66,331.7005401080216,304.0,0.0,9998
2,43,67,287.0442,282.0,0.0,10000
2,43,68,270.6264,266.0,0.0,10000
2,43,69,273.2068,266.0,0.0,10000
2,43,70,297.7624,302.0,0.0,10000
2,43,71,275.6182,266.0,0.0,10000
2,43,72,308.15601560156017,276,0.0,9999
2,43,73,313.1968,322.0,0.0,10000
2,43,74,290.3964396439644,280,0.0,9999
2,43,75,275.5444,272.0,0.0,10000
2,43,76,285.0094037615046,274.0,0.0,9996
2,43,77,291.047704770477,282,0.0,9999
2,43,78,282.4126,266.0,0.0,10000
2,43,79,285.4626,266.0,0.0,10000
2,43,80,279.1498,272.0,0.0,10000
2,43,81,274.377,266.0,0.0,10000
2,43,82,281.1376,272.0,0.0,10000
2,43,83,289.2564,266.0,0.0,10000
2,43,84,272.509,266.0,0.0,10000
2,43,85,298.547,308.0,0.0,10000
2,43,86,307.2438,283.0,0.0,10000
2,43,87,282.5158,272.0,0.0,10000
2,43,88,291.7196,274.0,0.0,10000
2,43,89,297.273,272.0,0.0,10000
2,43,90,272.996,266.0,0.0,10000
2,43,91,284.4846,280.0,0.0,10000
2,43,92,290.106,268.0,0.0,10000
2,43,93,285.6824,274.0,0.0,10000
2,43,94,309.985,298.0,0.0,10000
2,43,95,286.5432,272.0,0.0,10000
2,43,96,304.26342634263426,266,0.0,9999
2,43,97,301.01670167016704,294,0.0,9999
2,43,98,302.4216,274.0,0.0,10000
2,43,99,299.4381438143814,272,0.0,9999
2,44,0,280.3988797759552,282.0,0.0,9998
2,44,1,282.7564,272.0,0.0,10000
2,44,2,280.62146214621464,272,0.0,9999
2,44,3,277.71657165716573,272,0.0,9999
2,44,4,336.1580158015802,280,0.0,9999
2,44,5,309.0606,272.0,0.0,10000
2,44,6,287.34713471347135,274,0.0,9999
2,44,7,278.9126,266.0,0.0,10000
2,44,8,274.65486548654866,266,0.0,9999
2,44,9,287.4721472147215,272,0.0,9999
2,44,10,279.9019901990199,272,0.0,9999
2,44,11,277.3523352335234,268,0.0,9999
2,44,12,282.1722,274.0,0.0,10000
2,44,13,296.71694338867775,288.0,0.0,9998
2,44,14,306.162,272.0,0.0,10000
2,44,15,278.534,272.0,0.0,10000
2,44,16,319.7274,266.0,0.0,10000
2,44,17,284.044,280.0,0.0,10000
2,44,18,282.9364,266.0,0.0,10000
2,44,19,291.46314631463144,272,0.0,9999
2,44,20,294.8422,278.0,0.0,10000
2,44,21,281.5912,272.0,0.0,10000
2,44,22,271.25412541254127,266,0.0,9999
2,44,23,285.7685768576858,280,0.0,9999
2,44,24,277.2692,272.0,0.0,10000
2,44,25,307.6977697769777,272,0.0,9999
2,44,26,285.9889977995599,280.0,0.0,9998
2,44,27,278.413,272.0,0.0,10000
2,44,28,283.0662,280.0,0.0,10000
2,44,29,274.6454,266.0,0.0,10000
2,44,30,288.1532,282.0,0.0,10000
2,44,31,279.1313131313131,274,0.0,9999
2,44,32,295.0608,280.0,0.0,10000
2,44,33,277.7944,272.0,0.0,10000
2,44,34,293.25772577257726,272,0.0,9999
2,44,35,321.8776,282.0,0.0,10000
2,44,36,272.951,266.0,0.0,10000
2,44,37,269.151,266.0,0.0,10000
2,44,38,269.3916,266.0,0.0,10000
2,44,39,274.7708,266.0,0.0,10000
2,44,40,278.8196,272.0,0.0,10000
2,44,41,286.8498,280.0,0.0,10000
2,44,42,278.2958295829583,272,0.0,9999
2,44,43,270.3618,266.0,0.0,10000
2,44,44,279.1022,272.0,0.0,10000
2,44,45,303.53115311531155,314,0.0,9999
2,44,46,283.1388,274.0,0.0,10000
2,44,47,286.445,268.0,0.0,10000
2,44,48,276.0686,272.0,0.0,10000
2,44,49,281.144,272.0,0.0,10000
2,44,50,308.3324,274.0,0.0,10000
2,44,51,278.7504,266.0,0.0,10000
2,44,52,278.5996,266.0,0.0,10000
2,44,53,277.7704,272.0,0.0,10000
2,44,54,354.7602,406.0,0.0,10000
2,44,55,309.44874487448743,282,0.0,9999
2,44,56,279.6762,266.0,0.0,10000
2,44,57,295.125225045009,266.0,0.0,9998
2,44,58,286.6164616461646,272,0.0,9999
2,44,59,293.4772,280.0,0.0,10000
2,44,60,297.1348269653931,274.0,0.0,9998
2,44,61,278.6768,266.0,0.0,10000
2,44,62,293.5892,280.0,0.0,10000
2,44,63,275.3902,266.0,0.0,10000
2,44,64,282.0878,274.0,0.0,10000
2,44,65,278.7436,274.0,0.0,10000
2,44,66,279.0666,272.0,0.0,10000
2,44,67,276.958895889589,268,0.0,9999
2,44,68,313.633,272.0,0.0,10000
2,44,69,274.3498,272.0,0.0,10000
2,44,70,276.8796,268.0,0.0,10000
2,44,71,291.3634,280.0,0.0,10000
2,44,72,274.821,266.0,0.0,10000
2,44,73,276.5036,266.0,0.0,10000
2,44,74,276.9464,272.0,0.0,10000
2,44,75,280.2006,282.0,0.0,10000
2,44,76,352.3806380638064,302,0.0,9999
2,44,77,282.1282,272.0,0.0,10000
2,44,78,272.1224,266.0,0.0,10000
2,44,79,272.6212,266.0,0.0,10000
2,44,80,279.263,272.0,0.0,10000
2,44,81,281.0266,266.0,0.0,10000
2,44,82,284.5618,280.0,0.0,10000
2,44,83,277.465,272.0,0.0,10000
2,44,84,275.8472,266.0,0.0,10000
2,44,85,276.982,266.0,0.0,10000
2,44,86,377.0014,404.0,0.0,10000
2,44,87,278.866,272.0,0.0,10000
2,44,88,285.354,272.0,0.0,10000
2,44,89,287.1879187918792,272,0.0,9999
2,44,90,274.674,266.0,0.0,10000
2,44,91,287.34986997399477,280.0,0.0,9998
2,44,92,287.4818,280.0,0.0,10000
2,44,93,279.7606,272.0,0.0,10000
2,44,94,327.6722,274.0,0.0,10000
2,44,95,281.4884,272.0,0.0,10000
2,44,96,290.95109510951096,272,0.0,9999
2,44,97,302.33783378337836,272,0.0,9999
2,44,98,292.9476,272.0,0.0,10000
2,44,99,286.5164,268.0,0.0,10000
2,45,0,321.5994,274.0,0.0,10000
2,45,1,270.7034,266.0,0.0,10000
2,45,2,285.4294,280.0,0.0,10000
2,45,3,276.7358,268.0,0.0,10000
2,45,4,282.484,272.0,0.0,10000
2,45,5,307.6894,274.0,0.0,10000
2,45,6,284.6316,272.0,0.0,10000
2,45,7,288.864,280.0,0.0,10000
2,45,8,285.8674,274.0,0.0,10000
2,45,9,284.2606,270.0,0.0,10000
2,45,10,269.3025302530253,266,0.0,9999
2,45,11,275.4027402740274,266,0.0,9999
2,45,12,304.0142,302.0,0.0,10000
2,45,13,291.3738,272.0,0.0,10000
2,45,14,290.981698169817,272,0.0,9999
2,45,15,312.341,274.0,0.0,10000
2,45,16,279.925,266.0,0.0,10000
2,45,17,274.9028902890289,266,0.0,9999
2,45,18,369.2468,400.0,0.0,10000
2,45,19,278.9342,266.0,0.0,10000
2,45,20,278.2830849254776,268,0.0,9997
2,45,21,284.919,280.0,0.0,10000
2,45,22,269.5988,266.0,0.0,10000
2,45,23,270.95269526952694,266,0.0,9999
2,45,24,281.7181718171817,272,0.0,9999
2,45,25,290.24362436243626,266,0.0,9999
2,45,26,277.21392139213924,272,0.0,9999
2,45,27,281.8856,272.0,0.0,10000
2,45,28,275.8828,268.0,0.0,10000
2,45,29,280.8382,272.0,0.0,10000
2,45,30,275.13011301130115,266,0.0,9999
2,45,31,280.105,268.0,0.0,10000
2,45,32,284.315,286.0,0.0,10000
2,45,33,278.2122,274.0,0.0,10000
2,45,34,296.2686268626863,274,0.0,9999
2,45,35,283.9762,272.0,0.0,10000
2,45,36,344.5612,288.0,0.0,10000
2,45,37,285.2883288328833,274,0.0,9999
2,45,38,273.019101910191,266,0.0,9999
2,45,39,285.305,266.0,0.0,10000
2,45,40,279.002900290029,266,0.0,9999
2,45,41,282.0752075207521,284,0.0,9999
2,45,42,285.3267326732673,272,0.0,9999
2,45,43,277.1142,272.0,0.0,10000
2,45,44,289.745,278.0,0.0,10000
2,45,45,289.4814,272.0,0.0,10000
2,45,46,282.2702,280.0,0.0,10000
2,45,47,274.3600360036004,266,0.0,9999
2,45,48,279.4612,266.0,0.0,10000
2,45,49,279.744,270.0,0.0,10000
2,45,50,273.8108,266.0,0.0,10000
2,45,51,290.56045604560455,268,0.0,9999
2,45,52,278.0384,268.0,0.0,10000
2,45,53,283.9536,272.0,0.0,10000
2,45,54,298.7996,272.0,0.0,10000
2,45,55,267.3000600120024,266.0,0.0,9998
2,45,56,286.8226,272.0,0.0,10000
2,45,57,274.03140628125624,266.0,0.0,9998
2,45,58,276.6734,266.0,0.0,10000
2,45,59,305.077,266.0,0.0,10000
2,45,60,282.32066413282655,266.0,0.0,9998
2,45,61,285.6,272.0,0.0,10000
2,45,62,281.8014,266.0,0.0,10000
2,45,63,285.2706,274.0,0.0,10000
2,45,64,275.9556,266.0,0.0,10000
2,45,65,280.4814,274.0,0.0,10000
2,45,66,278.8382,272.0,0.0,10000
2,45,67,295.24432443244325,266,0.0,9999
2,45,68,284.3402,272.0,0.0,10000
2,45,69,288.5426,272.0,0.0,10000
2,45,70,315.3968,284.0,0.0,10000
2,45,71,282.3978,274.0,0.0,10000
2,45,72,293.64916491649166,272,0.0,9999
2,45,73,349.0872,372.0,0.0,10000
2,45,74,324.25662566256625,296,0.0,9999
2,45,75,279.055,274.0,0.0,10000
2,45,76,282.6036,284.0,0.0,10000
2,45,77,282.2408,282.0,0.0,10000
2,45,78,283.7016,286.0,0.0,10000
2,45,79,293.59095909590957,292,0.0,9999
2,45,80,313.065,272.0,0.0,10000
2,45,81,273.6011202240448,266.0,0.0,9998
2,45,82,289.824,272.0,0.0,10000
2,45,83,287.24,266.0,0.0,10000
2,45,84,331.1277127712771,284,0.0,9999
2,45,85,271.02730273027305,266,0.0,9999
2,45,86,280.4066406640664,274,0.0,9999
2,45,87,277.1486,272.0,0.0,10000
2,45,88,280.9638,272.0,0.0,10000
2,45,89,293.0934,272.0,0.0,10000
2,45,90,292.5118,266.0,0.0,10000
2,45,91,272.4896,266.0,0.0,10000
2,45,92,284.4278,280.0,0.0,10000
2,45,93,304.2286228622862,266,0.0,9999
2,45,94,285.9638,272.0,0.0,10000
2,45,95,274.1326,266.0,0.0,10000
2,45,96,274.9912,266.0,0.0,10000
2,45,97,290.0392,266.0,0.0,10000
2,45,98,304.77567756775676,272,0.0,9999
2,45,99,282.8892889288929,272,0.0,9999
2,46,0,271.1946,266.0,0.0,10000
2,46,1,282.5804,272.0,0.0,10000
2,46,2,317.9048,338.0,0.0,10000
2,46,3,279.436,266.0,0.0,10000
2,46,4,285.0178,272.0,0.0,10000
2,46,5,280.4026,272.0,0.0,10000
2,46,6,284.8202820282028,272,0.0,9999
2,46,7,283.8054,272.0,0.0,10000
2,46,8,280.3659097729319,272,0.0,9997
2,46,9,272.5972597259726,266,0.0,9999
2,46,10,279.1574,272.0,0.0,10000
2,46,11,289.9694,274.0,0.0,10000
2,46,12,284.9544,274.0,0.0,10000
2,46,13,278.1852370474095,272.0,0.0,9998
2,46,14,277.3636,272.0,0.0,10000
2,46,15,275.2798,266.0,0.0,10000
2,46,16,269.1314,266.0,0.0,10000
2,46,17,277.1075107510751,272,0.0,9999
2,46,18,293.3371337133713,272,0.0,9999
2,46,19,313.2878,274.0,0.0,10000
2,46,20,278.7142,266.0,0.0,10000
2,46,21,288.6062,272.0,0.0,10000
2,46,22,286.4464,280.0,0.0,10000
2,46,23,291.5381538153815,272,0.0,9999
2,46,24,276.2772,272.0,0.0,10000
2,46,25,272.6168616861686,266,0.0,9999
2,46,26,275.9509901980396,272.0,0.0,9998
2,46,27,284.2916,272.0,0.0,10000
2,46,28,286.8094809480948,274,0.0,9999
2,46,29,291.6336,272.0,0.0,10000
2,46,30,278.2724,266.0,0.0,10000
2,46,31,285.9818,272.0,0.0,10000
2,46,32,280.7104,272.0,0.0,10000
2,46,33,272.7014701470147,266,0.0,9999
2,46,34,283.4854,272.0,0.0,10000
2,46,35,274.33403340334036,266,0.0,9999
2,46,36,298.3910391039104,280,0.0,9999
2,46,37,283.0534106821364,272.0,0.0,9998
2,46,38,291.1865186518652,272,0.0,9999
2,46,39,270.752,266.0,0.0,10000
2,46,40,289.4834,272.0,0.0,10000
2,46,41,294.3272,282.0,0.0,10000
2,46,42,291.1272,272.0,0.0,10000
2,46,43,285.109,272.0,0.0,10000
2,46,44,311.7781778177818,274,0.0,9999
2,46,45,275.5454,272.0,0.0,10000
2,46,46,290.48344834483447,272,0.0,9999
2,46,47,289.92,274.0,0.0,10000
2,46,48,285.9302,272.0,0.0,10000
2,46,49,268.001,266.0,0.0,10000
2,46,50,286.2124212421242,272,0.0,9999
2,46,51,317.05370537053705,272,0.0,9999
2,46,52,280.2772,272.0,0.0,10000
2,46,53,276.8702,272.0,0.0,10000
2,46,54,274.94029402940293,266,0.0,9999
2,46,55,310.11642328465695,268.0,0.0,9998
2,46,56,285.6634,272.0,0.0,10000
2,46,57,288.6624,272.0,0.0,10000
2,46,58,283.9528,272.0,0.0,10000
2,46,59,285.2925292529253,272,0.0,9999
2,46,60,284.993099309931,266,0.0,9999
2,46,61,283.8958,272.0,0.0,10000
2,46,62,288.2988,272.0,0.0,10000
2,46,63,291.1048,274.0,0.0,10000
2,46,64,287.7076,272.0,0.0,10000
2,46,65,278.6022602260226,272,0.0,9999
2,46,66,277.5558,266.0,0.0,10000
2,46,67,274.358,266.0,0.0,10000
2,46,68,275.1984396879376,266.0,0.0,9998
2,46,69,284.6262,280.0,0.0,10000
2,46,70,290.6964,272.0,0.0,10000
2,46,71,292.0826,272.0,0.0,10000
2,46,72,281.8031803180318,272,0.0,9999
2,46,73,270.373,266.0,0.0,10000
2,46,74,292.777,280.0,0.0,10000
2,46,75,270.55925592559254,266,0.0,9999
2,46,76,267.96819681968196,266,0.0,9999
2,46,77,289.1276,272.0,0.0,10000
2,46,78,335.1598,274.0,0.0,10000
2,46,79,281.1068,274.0,0.0,10000
2,46,80,289.5192,274.0,0.0,10000
2,46,81,281.9632,266.0,0.0,10000
2,46,82,267.5756,266.0,0.0,10000
2,46,83,281.8266,272.0,0.0,10000
2,46,84,271.94538907781555,266.0,0.0,9998
2,46,85,268.7996799679968,266,0.0,9999
2,46,86,288.6948,272.0,0.0,10000
2,46,87,277.9454,272.0,0.0,10000
2,46,88,285.5034,272.0,0.0,10000
2,46,89,309.1758,266.0,0.0,10000
2,46,90,269.57955795579556,266,0.0,9999
2,46,91,295.1866,274.0,0.0,10000
2,46,92,284.83256651330265,272.0,0.0,9998
2,46,93,282.1808,272.0,0.0,10000
2,46,94,278.4308,272.0,0.0,10000
2,46,95,281.993399339934,266,0.0,9999
2,46,96,290.4198419841984,272,0.0,9999
2,46,97,271.8958,266.0,0.0,10000
2,46,98,286.023,272.0,0.0,10000
2,46,99,285.6302,272.0,0.0,10000
2,47,0,289.3662,272.0,0.0,10000
2,47,1,276.7866,272.0,0.0,10000
2,47,2,298.8474,272.0,0.0,10000
2,47,3,278.3858,266.0,0.0,10000
2,47,4,277.3998,272.0,0.0,10000
2,47,5,273.9082,266.0,0.0,10000
2,47,6,274.6922692269227,266,0.0,9999
2,47,7,301.5312,266.0,0.0,10000
2,47,8,285.83678367836785,280,0.0,9999
2,47,9,294.4004,274.0,0.0,10000
2,47,10,279.4860972194439,272.0,0.0,9998
2,47,11,275.0826,266.0,0.0,10000
2,47,12,275.6903690369037,272,0.0,9999
2,47,13,269.2688,266.0,0.0,10000
2,47,14,282.941,272.0,0.0,10000
2,47,15,283.3022,274.0,0.0,10000
2,47,16,270.0062,266.0,0.0,10000
2,47,17,281.2994,272.0,0.0,10000
2,47,18,287.8082,272.0,0.0,10000
2,47,19,275.98619861986197,272,0.0,9999
2,47,20,269.7648,266.0,0.0,10000
2,47,21,271.0486,266.0,0.0,10000
2,47,22,277.34313431343134,272,0.0,9999
2,47,23,277.1041104110411,272,0.0,9999
2,47,24,278.4604,272.0,0.0,10000
2,47,25,278.126025205041,272.0,0.0,9998
2,47,26,284.7931586317263,272.0,0.0,9998
2,47,27,280.738,274.0,0.0,10000
2,47,28,299.18,272.0,0.0,10000
2,47,29,286.4454,274.0,0.0,10000
2,47,30,274.8952,272.0,0.0,10000
2,47,31,298.1912191219122,272,0.0,9999
2,47,32,336.1960196019602,290,0.0,9999
2,47,33,287.5776,274.0,0.0,10000
2,47,34,278.4926,266.0,0.0,10000
2,47,35,270.1222,266.0,0.0,10000
2,47,36,297.2122,272.0,0.0,10000
2,47,37,273.8103810381038,266,0.0,9999
2,47,38,274.7682,266.0,0.0,10000
2,47,39,278.4974,272.0,0.0,10000
2,47,40,277.2907290729073,266,0.0,9999
2,47,41,279.1646,266.0,0.0,10000
2,47,42,343.3708,378.0,0.0,10000
2,47,43,280.9224,272.0,0.0,10000
2,47,44,294.4672,266.0,0.0,10000
2,47,45,283.4852970594119,272.0,0.0,9998
2,47,46,291.3842,266.0,0.0,10000
2,47,47,294.3362,274.0,0.0,10000
2,47,48,295.5028,272.0,0.0,10000
2,47,49,268.4370874174835,266.0,0.0,9998
2,47,50,289.5133513351335,272,0.0,9999
2,47,51,270.154,266.0,0.0,10000
2,47,52,289.7144,266.0,0.0,10000
2,47,53,283.1029102910291,272,0.0,9999
2,47,54,282.14,272.0,0.0,10000
2,47,55,275.054,272.0,0.0,10000
2,47,56,296.3740374037404,274,0.0,9999
2,47,57,301.8851770354071,280.0,0.0,9998
2,47,58,286.1678,272.0,0.0,10000
2,47,59,278.3362,266.0,0.0,10000
2,47,60,297.52930586117225,280.0,0.0,9998
2,47,61,288.0058,272.0,0.0,10000
2,47,62,277.6284,266.0,0.0,10000
2,47,63,277.1664,266.0,0.0,10000
2,47,64,271.22252225222525,266,0.0,9999
2,47,65,288.1882,280.0,0.0,10000
2,47,66,281.6084,274.0,0.0,10000
2,47,67,273.2106,266.0,0.0,10000
2,47,68,268.6874687468747,266,0.0,9999
2,47,69,285.854,272.0,0.0,10000
2,47,70,271.2626,266.0,0.0,10000
2,47,71,271.2968,266.0,0.0,10000
2,47,72,290.7848,272.0,0.0,10000
2,47,73,295.9434,272.0,0.0,10000
2,47,74,303.1072,274.0,0.0,10000
2,47,75,279.7812,266.0,0.0,10000
2,47,76,281.166,272.0,0.0,10000
2,47,77,272.6056,266.0,0.0,10000
2,47,78,272.2784,266.0,0.0,10000
2,47,79,271.0384076815363,266.0,0.0,9998
2,47,80,272.46044604460445,266,0.0,9999
2,47,81,274.7802,272.0,0.0,10000
2,47,82,273.4636,266.0,0.0,10000
2,47,83,287.50715071507153,272,0.0,9999
2,47,84,269.3085308530853,264,0.0,9999
2,47,85,270.0128,266.0,0.0,10000
2,47,86,279.0544,272.0,0.0,10000
2,47,87,275.75457545754574,266,0.0,9999
2,47,88,273.947,266.0,0.0,10000
2,47,89,280.4932,272.0,0.0,10000
2,47,90,342.45344534453443,274,0.0,9999
2,47,91,284.91289128912894,272,0.0,9999
2,47,92,286.2296,266.0,0.0,10000
2,47,93,295.2672,272.0,0.0,10000
2,47,94,270.9334,266.0,0.0,10000
2,47,95,277.63596359635966,272,0.0,9999
2,47,96,274.409,266.0,0.0,10000
2,47,97,281.9836,272.0,0.0,10000
2,47,98,277.5854,266.0,0.0,10000
2,47,99,282.05480548054805,272,0.0,9999
2,48,0,270.3192,266.0,0.0,10000
2,48,1,278.7092,266.0,0.0,10000
2,48,2,273.4769476947695,266,0.0,9999
2,48,3,288.4578,272.0,0.0,10000
2,48,4,291.1723172317232,272,0.0,9999
2,48,5,299.4044,266.0,0.0,10000
2,48,6,293.7371737173717,272,0.0,9999
2,48,7,275.18131813181316,272,0.0,9999
2,48,8,270.8284,266.0,0.0,10000
2,48,9,278.9074907490749,266,0.0,9999
2,48,10,273.9171917191719,266,0.0,9999
2,48,11,291.0048,280.0,0.0,10000
2,48,12,273.7796,266.0,0.0,10000
2,48,13,290.472,272.0,0.0,10000
2,48,14,279.1889188918892,266,0.0,9999
2,48,15,284.87468746874686,272,0.0,9999
2,48,16,272.9772,266.0,0.0,10000
2,48,17,288.06300630063004,272,0.0,9999
2,48,18,280.4528,272.0,0.0,10000
2,48,19,280.6590659065907,272,0.0,9999
2,48,20,278.1478,272.0,0.0,10000
2,48,21,281.5575115023005,272.0,0.0,9998
2,48,22,300.2514,282.0,0.0,10000
2,48,23,289.8629725945189,274.0,0.0,9998
2,48,24,270.7458,266.0,0.0,10000
2,48,25,277.48034803480346,266,0.0,9999
2,48,26,279.7159715971597,266,0.0,9999
2,48,27,271.9252,266.0,0.0,10000
2,48,28,276.6142,266.0,0.0,10000
2,48,29,283.176,266.0,0.0,10000
2,48,30,282.487,274.0,0.0,10000
2,48,31,277.44314431443144,266,0.0,9999
2,48,32,282.5062,272.0,0.0,10000
2,48,33,279.2396,272.0,0.0,10000
2,48,34,277.7368,272.0,0.0,10000
2,48,35,297.3554,272.0,0.0,10000
2,48,36,287.3694,272.0,0.0,10000
2,48,37,282.0782078207821,266,0.0,9999
2,48,38,300.9020902090209,272,0.0,9999
2,48,39,288.3936393639364,280,0.0,9999
2,48,40,283.4422,272.0,0.0,10000
2,48,41,278.2070207020702,272,0.0,9999
2,48,42,273.7146,266.0,0.0,10000
2,48,43,269.7655765576558,266,0.0,9999
2,48,44,317.3342,274.0,0.0,10000
2,48,45,281.0992198439688,272.0,0.0,9998
2,48,46,289.7134,272.0,0.0,10000
2,48,47,279.26892689268925,272,0.0,9999
2,48,48,279.94219421942194,272,0.0,9999
2,48,49,281.1973197319732,266,0.0,9999
2,48,50,297.4814,274.0,0.0,10000
2,48,51,284.47174152245674,272,0.0,9997
2,48,52,278.8045609121824,272.0,0.0,9998
2,48,53,293.010101010101,280,0.0,9999
2,48,54,281.956,272.0,0.0,10000
2,48,55,271.4086,266.0,0.0,10000
2,48,56,280.3990399039904,266,0.0,9999
2,48,57,285.1946,272.0,0.0,10000
2,48,58,287.4644,272.0,0.0,10000
2,48,59,297.1873187318732,280,0.0,9999
2,48,60,276.45404540454047,266,0.0,9999
2,48,61,282.4554,266.0,0.0,10000
2,48,62,276.8024,266.0,0.0,10000
2,48,63,277.6456,266.0,0.0,10000
2,48,64,289.969396939694,274,0.0,9999
2,48,65,289.397,272.0,0.0,10000
2,48,66,269.5132,266.0,0.0,10000
2,48,67,274.07621524304864,266.0,0.0,9998
2,48,68,289.7968,272.0,0.0,10000
2,48,69,272.9956,266.0,0.0,10000
2,48,70,279.01990597179156,272,0.0,9997
2,48,71,289.4348,280.0,0.0,10000
2,48,72,277.5784,272.0,0.0,10000
2,48,73,338.7754,388.0,0.0,10000
2,48,74,277.6067606760676,266,0.0,9999
2,48,75,269.37553755375535,266,0.0,9999
2,48,76,296.65166516651664,280,0.0,9999
2,48,77,284.8276,274.0,0.0,10000
2,48,78,282.4744,274.0,0.0,10000
2,48,79,292.2220222022202,274,0.0,9999
2,48,80,277.5924,266.0,0.0,10000
2,48,81,281.1442,266.0,0.0,10000
2,48,82,273.1494,266.0,0.0,10000
2,48,83,297.5056,280.0,0.0,10000
2,48,84,276.1152,266.0,0.0,10000
2,48,85,281.1494,272.0,0.0,10000
2,48,86,280.3362,272.0,0.0,10000
2,48,87,286.239,280.0,0.0,10000
2,48,88,271.1078,266.0,0.0,10000
2,48,89,284.9226,272.0,0.0,10000
2,48,90,276.3288328832883,266,0.0,9999
2,48,91,274.227,266.0,0.0,10000
2,48,92,271.379,266.0,0.0,10000
2,48,93,270.3466346634663,266,0.0,9999
2,48,94,275.566,266.0,0.0,10000
2,48,95,282.2370237023702,272,0.0,9999
2,48,96,292.8816644993498,280,0.0,9997
2,48,97,293.8586,266.0,0.0,10000
2,48,98,312.5342,274.0,0.0,10000
2,48,99,334.32223222322233,274,0.0,9999
2,49,0,272.2946,266.0,0.0,10000
2,49,1,287.92,280.0,0.0,10000
2,49,2,282.7518,272.0,0.0,10000
2,49,3,268.8902,266.0,0.0,10000
2,49,4,277.1021102110211,266,0.0,9999
2,49,5,277.8492,266.0,0.0,10000
2,49,6,276.3398,266.0,0.0,10000
2,49,7,315.8135813581358,332,0.0,9999
2,49,8,297.1476,280.0,0.0,10000
2,49,9,337.3218,354.0,0.0,10000
2,49,10,281.8149814981498,272,0.0,9999
2,49,11,278.13841384138414,266,0.0,9999
2,49,12,282.12801280128014,274,0.0,9999
2,49,13,294.984898489849,282,0.0,9999
2,49,14,277.673,272.0,0.0,10000
2,49,15,317.009,274.0,0.0,10000
2,49,16,284.4050405040504,272,0.0,9999
2,49,17,286.0854,280.0,0.0,10000
2,49,18,290.6448,272.0,0.0,10000
2,49,19,284.2118,280.0,0.0,10000
2,49,20,285.6472,272.0,0.0,10000
2,49,21,282.0658,272.0,0.0,10000
2,49,22,278.011,266.0,0.0,10000
2,49,23,305.3686,274.0,0.0,10000
2,49,24,288.7198,272.0,0.0,10000
2,49,25,294.64346434643465,280,0.0,9999
2,49,26,274.7012,266.0,0.0,10000
2,49,27,285.1714,272.0,0.0,10000
2,49,28,294.499,280.0,0.0,10000
2,49,29,284.85128512851287,272,0.0,9999
2,49,30,286.5788578857886,272,0.0,9999
2,49,31,273.1342,266.0,0.0,10000
2,49,32,268.5785157031406,266.0,0.0,9998
2,49,33,288.095,272.0,0.0,10000
2,49,34,281.2648,266.0,0.0,10000
2,49,35,278.4194,266.0,0.0,10000
2,49,36,276.17961796179617,272,0.0,9999
2,49,37,272.78707870787076,266,0.0,9999
2,49,38,288.1036,272.0,0.0,10000
2,49,39,280.9406,272.0,0.0,10000
2,49,40,291.9404,280.0,0.0,10000
2,49,41,278.906,272.0,0.0,10000
2,49,42,284.619,272.0,0.0,10000
2,49,43,284.1026205241048,272.0,0.0,9998
2,49,44,288.4892489248925,280,0.0,9999
2,49,45,271.9462,266.0,0.0,10000
2,49,46,270.3308,266.0,0.0,10000
2,49,47,269.960796079608,264,0.0,9999
2,49,48,274.6064,266.0,0.0,10000
2,49,49,289.827,280.0,0.0,10000
2,49,50,270.615,266.0,0.0,10000
2,49,51,284.488,272.0,0.0,10000
2,49,52,279.027502750275,272,0.0,9999
2,49,53,332.8596,342.0,0.0,10000
2,49,54,285.2602520504101,272.0,0.0,9998
2,49,55,302.4116411641164,272,0.0,9999
2,49,56,286.3342,272.0,0.0,10000
2,49,57,284.21044208841766,272.0,0.0,9998
2,49,58,287.1544,272.0,0.0,10000
2,49,59,292.4402880576115,280.0,0.0,9998
2,49,60,286.47164716471644,272,0.0,9999
2,49,61,287.37473747374736,272,0.0,9999
2,49,62,285.1568,272.0,0.0,10000
2,49,63,288.6902,266.0,0.0,10000
2,49,64,290.9008,274.0,0.0,10000
2,49,65,272.2822,266.0,0.0,10000
2,49,66,295.0306,272.0,0.0,10000
2,49,67,270.2828,266.0,0.0,10000
2,49,68,275.2342,266.0,0.0,10000
2,49,69,281.7668,272.0,0.0,10000
2,49,70,277.3712,266.0,0.0,10000
2,49,71,293.8551855185519,272,0.0,9999
2,49,72,290.9028,280.0,0.0,10000
2,49,73,325.7504,344.0,0.0,10000
2,49,74,289.8114,272.0,0.0,10000
2,49,75,279.3,272.0,0.0,10000
2,49,76,370.26702670267025,394,0.0,9999
2,49,77,276.9052,266.0,0.0,10000
2,49,78,295.52715271527154,272,0.0,9999
2,49,79,318.1340402120636,284,0.0,9997
2,49,80,268.8234,266.0,0.0,10000
2,49,81,280.9694,272.0,0.0,10000
2,49,82,280.0162,266.0,0.0,10000
2,49,83,278.37083708370835,272,0.0,9999
2,49,84,278.447,266.0,0.0,10000
2,49,85,283.78437843784377,272,0.0,9999
2,49,86,295.98299829983,272,0.0,9999
2,49,87,280.21182118211823,272,0.0,9999
2,49,88,289.1746,272.0,0.0,10000
2,49,89,281.6624,272.0,0.0,10000
2,49,90,293.33833383338333,274,0.0,9999
2,49,91,284.35707141428287,272.0,0.0,9998
2,49,92,281.86518651865185,266,0.0,9999
2,49,93,285.7474,272.0,0.0,10000
2,49,94,272.15261526152614,266,0.0,9999
2,49,95,323.5844,276.0,0.0,10000
2,49,96,291.0678,266.0,0.0,10000
2,49,97,297.756,280.0,0.0,10000
2,49,98,281.8408,266.0,0.0,10000
2,49,99,286.3418,272.0,0.0,10000
3,0,0,591.327,598.0,0.0,10000
3,0,1,507.15731573157314,516,0.0,9999
3,0,2,587.2804,598.0,0.0,10000
3,0,3,589.8856,596.0,0.0,10000
3,0,4,590.156,604.0,0.0,10000
3,0,5,534.2436243624362,540,0.0,9999
3,0,6,496.1018203640728,586.0,0.0,9998
3,0,7,521.9582,528.0,0.0,10000
3,0,8,553.1506,588.0,0.0,10000
3,0,9,613.252450490098,626.0,0.0,9998
3,0,10,591.4510902180436,600.0,0.0,9998
3,0,11,532.0562,540.0,0.0,10000
3,0,12,618.7980798079808,638,0.0,9999
3,0,13,579.1217121712172,628,0.0,9999
3,0,14,603.960196019602,622,0.0,9999
3,0,15,600.6818,614.0,0.0,10000
3,0,16,581.2392,590.0,0.0,10000
3,0,17,562.8442,602.0,0.0,10000
3,0,18,619.8719871987199,632,0.0,9999
3,0,19,589.873374674935,600.0,0.0,9998
3,0,20,594.3094,604.0,0.0,10000
3,0,21,574.9142,588.0,0.0,10000
3,0,22,440.0994,420.0,0.0,10000
3,0,23,566.9116,590.0,0.0,10000
3,0,24,580.0982,594.0,0.0,10000
3,0,25,586.7470747074708,608,0.0,9999
3,0,26,419.1272,424.0,0.0,10000
3,0,27,567.057,570.0,0.0,10000
3,0,28,533.9219843968793,542.0,0.0,9998
3,0,29,528.2398,530.0,0.0,10000
3,0,30,602.1128112811281,614,0.0,9999
3,0,31,596.126,612.0,0.0,10000
3,0,32,592.3724372437243,614,0.0,9999
3,0,33,561.6373637363737,592,0.0,9999
3,0,34,512.2712271227123,524,0.0,9999
3,0,35,569.0963096309631,592,0.0,9999
3,0,36,505.8288,516.0,0.0,10000
3,0,37,452.0526,460.0,0.0,10000
3,0,38,604.5650565056505,614,0.0,9999
3,0,39,592.0366,606.0,0.0,10000
3,0,40,565.017301730173,584,0.0,9999
3,0,41,507.7084,520.0,0.0,10000
3,0,42,587.668,600.0,0.0,10000
3,0,43,510.684,518.0,0.0,10000
3,0,44,577.737947589518,592.0,0.0,9998
3,0,45,588.7498,604.0,0.0,10000
3,0,46,506.3646364636464,522,0.0,9999
3,0,47,580.3850385038504,594,0.0,9999
3,0,48,577.2616,584.0,0.0,10000
3,0,49,569.5381538153815,582,0.0,9999
3,0,50,579.5892,590.0,0.0,10000
3,0,51,595.8409840984099,616,0.0,9999
3,0,52,572.129625925185,596.0,0.0,9998
3,0,53,612.5656565656566,628,0.0,9999
3,0,54,503.4662,514.0,0.0,10000
3,0,55,502.15301530153016,512,0.0,9999
3,0,56,584.6180618061807,596,0.0,9999
3,0,57,540.0538,552.0,0.0,10000
3,0,58,508.1092109210921,522,0.0,9999
3,0,59,581.5205041008202,594.0,0.0,9998
3,0,60,539.6629662966296,548,0.0,9999
3,0,61,619.9048,636.0,0.0,10000
3,0,62,596.6386,610.0,0.0,10000
3,0,63,579.4295429542955,594,0.0,9999
3,0,64,509.2362,522.0,0.0,10000
3,0,65,591.6523652365237,608,0.0,9999
3,0,66,588.0504,602.0,0.0,10000
3,0,67,441.5688,446.0,0.0,10000
3,0,68,578.921,594.0,0.0,10000
3,0,69,567.4366,582.0,0.0,10000
3,0,70,563.021302130213,600,0.0,9999
3,0,71,602.2294,624.0,0.0,10000
3,0,72,568.8856885688568,584,0.0,9999
3,0,73,601.399,608.0,0.0,10000
3,0,74,591.532,604.0,0.0,10000
3,0,75,590.957495749575,606,0.0,9999
3,0,76,519.3738,526.0,0.0,10000
3,0,77,590.3038,612.0,0.0,10000
3,0,78,520.7210721072107,530,0.0,9999
3,0,79,559.4673467346735,608,0.0,9999
3,0,80,562.8108810881088,578,0.0,9999
3,0,81,586.5108,608.0,0.0,10000
3,0,82,536.4970497049706,544,0.0,9999
3,0,83,430.43184318431844,436,0.0,9999
3,0,84,593.1936,606.0,0.0,10000
3,0,85,531.021502150215,538,0.0,9999
3,0,86,605.1548,625.0,0.0,10000
3,0,87,599.1027102710271,610,0.0,9999
3,0,88,580.7328732873287,592,0.0,9999
3,0,89,525.5639127825565,534.0,0.0,9998
3,0,90,507.4372874574915,516.0,0.0,9998
3,0,91,609.3074,630.0,0.0,10000
3,0,92,572.2364236423642,596,0.0,9999
3,0,93,516.9304,528.0,0.0,10000
3,0,94,582.4174417441744,618,0.0,9999
3,0,95,568.797,586.0,0.0,10000
3,0,96,602.5902,624.0,0.0,10000
3,0,97,592.5344534453445,600,0.0,9999
3,0,98,532.5236523652366,548,0.0,9999
3,0,99,509.6176,526.0,0.0,10000
3,1,0,576.0994,584.0,0.0,10000
3,1,1,524.1286128612861,536,0.0,9999
3,1,2,528.6030603060306,532,0.0,9999
3,1,3,464.2594,546.0,0.0,10000
3,1,4,504.732,514.0,0.0,10000
3,1,5,610.5181036207241,620.0,0.0,9998
3,1,6,589.1415141514151,598,0.0,9999
3,1,7,580.772,586.0,0.0,10000
3,1,8,588.6552,598.0,0.0,10000
3,1,9,571.3758,596.0,0.0,10000
3,1,10,451.9618,458.0,0.0,10000
3,1,11,568.4498,582.0,0.0,10000
3,1,12,590.1496149614961,612,0.0,9999
3,1,13,577.5012,590.0,0.0,10000
3,1,14,605.9822,616.0,0.0,10000
3,1,15,530.675,546.0,0.0,10000
3,1,16,508.5438543854385,514,0.0,9999
3,1,17,555.535,574.0,0.0,10000
3,1,18,463.95659565956595,466,0.0,9999
3,1,19,577.4712,590.0,0.0,10000
3,1,20,513.5687568756875,524,0.0,9999
3,1,21,580.5879175835167,606.0,0.0,9998
3,1,22,590.5102,600.0,0.0,10000
3,1,23,566.0354,578.0,0.0,10000
3,1,24,579.0554110822164,588.0,0.0,9998
3,1,25,586.6506,594.0,0.0,10000
3,1,26,612.4976497649765,632,0.0,9999
3,1,27,513.1065106510652,524,0.0,9999
3,1,28,567.7085708570858,584,0.0,9999
3,1,29,595.2362,620.0,0.0,10000
3,1,30,597.933593359336,604,0.0,9999
3,1,31,582.5662566256626,594,0.0,9999
3,1,32,605.1986397279455,616.0,0.0,9998
3,1,33,454.6338,460.0,0.0,10000
3,1,34,506.996,516.0,0.0,10000
3,1,35,573.7481748174818,582,0.0,9999
3,1,36,591.6427285457091,604.0,0.0,9998
3,1,37,521.9596,528.0,0.0,10000
3,1,38,495.55711142228444,508.0,0.0,9998
3,1,39,498.5318,506.0,0.0,10000
3,1,40,606.6808680868087,614,0.0,9999
3,1,41,600.6328632863286,624,0.0,9999
3,1,42,588.9106910691069,598,0.0,9999
3,1,43,566.814,608.0,0.0,10000
3,1,44,543.3326,548.0,0.0,10000
3,1,45,604.6450645064507,614,0.0,9999
3,1,46,589.1336,602.0,0.0,10000
3,1,47,494.77647764776475,508,0.0,9999
3,1,48,560.8552,586.0,0.0,10000
3,1,49,493.8865659697909,502,0.0,9997
3,1,50,526.8044804480448,530,0.0,9999
3,1,51,575.4232,604.0,0.0,10000
3,1,52,593.1879187918792,610,0.0,9999
3,1,53,609.8119811981198,626,0.0,9999
3,1,54,596.4004400440044,616,0.0,9999
3,1,55,525.8831649494848,534,0.0,9997
3,1,56,592.5658,606.0,0.0,10000
3,1,57,510.6796,524.0,0.0,10000
3,1,58,521.5433086617323,532.0,0.0,9998
3,1,59,519.94,522.0,0.0,10000
3,1,60,474.2648,476.0,0.0,10000
3,1,61,573.3532,582.0,0.0,10000
3,1,62,516.3516,520.0,0.0,10000
3,1,63,536.6408,546.0,0.0,10000
3,1,64,573.1318,584.0,0.0,10000
3,1,65,593.9814,604.0,0.0,10000
3,1,66,517.7948,514.0,0.0,10000
3,1,67,587.0825082508251,600,0.0,9999
3,1,68,587.0527052705271,600,0.0,9999
3,1,69,594.3238323832384,606,0.0,9999
3,1,70,595.963389016705,608,0.0,9997
3,1,71,531.2602,534.0,0.0,10000
3,1,72,589.5683568356835,596,0.0,9999
3,1,73,529.8916,544.0,0.0,10000
3,1,74,564.4830483048305,608,0.0,9999
3,1,75,524.8199639927985,534.0,0.0,9998
3,1,76,504.78327832783276,518,0.0,9999
3,1,77,618.9440944094409,624,0.0,9999
3,1,78,519.2577257725773,532,0.0,9999
3,1,79,504.3906,514.0,0.0,10000
3,1,80,585.5231523152315,590,0.0,9999
3,1,81,528.6608,576.0,0.0,10000
3,1,82,599.8443844384439,608,0.0,9999
3,1,83,584.7908,606.0,0.0,10000
3,1,84,534.2032,536.0,0.0,10000
3,1,85,595.5436,618.0,0.0,10000
3,1,86,597.8867886788679,600,0.0,9999
3,1,87,503.7464,514.0,0.0,10000
3,1,88,588.2378,604.0,0.0,10000
3,1,89,598.3672,612.0,0.0,10000
3,1,90,593.9219843968793,606.0,0.0,9998
3,1,91,490.78427842784276,504,0.0,9999
3,1,92,530.8906890689069,540,0.0,9999
3,1,93,516.9586,518.0,0.0,10000
3,1,94,609.7324,634.0,0.0,10000
3,1,95,588.7112,606.0,0.0,10000
3,1,96,581.747,592.0,0.0,10000
3,1,97,586.2610261026102,600,0.0,9999
3,1,98,507.0346069213843,520.0,0.0,9998
3,1,99,590.4076,606.0,0.0,10000
3,2,0,605.0608,618.0,0.0,10000
3,2,1,606.6152,620.0,0.0,10000
3,2,2,599.8442,612.0,0.0,10000
3,2,3,520.2048204820481,532,0.0,9999
3,2,4,502.5286528652865,510,0.0,9999
3,2,5,600.024,618.0,0.0,10000
3,2,6,515.8861886188619,610,0.0,9999
3,2,7,529.8186,542.0,0.0,10000
3,2,8,591.0722,606.0,0.0,10000
3,2,9,529.9647894368311,544,0.0,9997
3,2,10,589.8725872587258,602,0.0,9999
3,2,11,571.5826,580.0,0.0,10000
3,2,12,582.1628,596.0,0.0,10000
3,2,13,547.033,588.0,0.0,10000
3,2,14,524.7458,530.0,0.0,10000
3,2,15,609.1259377813344,622,0.0,9997
3,2,16,584.8356835683568,602,0.0,9999
3,2,17,569.5765576557656,590,0.0,9999
3,2,18,556.066,588.0,0.0,10000
3,2,19,574.1198,580.0,0.0,10000
3,2,20,527.6113611361136,536,0.0,9999
3,2,21,550.9202920292029,588,0.0,9999
3,2,22,517.0500100020004,522.0,0.0,9998
3,2,23,577.5631563156315,596,0.0,9999
3,2,24,498.471,512.0,0.0,10000
3,2,25,576.7582758275828,590,0.0,9999
3,2,26,588.9996,598.0,0.0,10000
3,2,27,583.9518,594.0,0.0,10000
3,2,28,586.2280228022802,594,0.0,9999
3,2,29,570.3344,582.0,0.0,10000
3,2,30,563.5906,582.0,0.0,10000
3,2,31,596.201,600.0,0.0,10000
3,2,32,581.9664,588.0,0.0,10000
3,2,33,527.7132,532.0,0.0,10000
3,2,34,521.865,528.0,0.0,10000
3,2,35,579.3638,600.0,0.0,10000
3,2,36,608.7699539907982,616.0,0.0,9998
3,2,37,503.56595659565954,514,0.0,9999
3,2,38,600.4422884576916,618.0,0.0,9998
3,2,39,605.2704,612.0,0.0,10000
3,2,40,588.316,602.0,0.0,10000
3,2,41,583.7064,592.0,0.0,10000
3,2,42,590.8838883888388,600,0.0,9999
3,2,43,520.1060106010601,544,0.0,9999
3,2,44,522.5901180236048,524.0,0.0,9998
3,2,45,496.208,502.0,0.0,10000
3,2,46,598.4160832166433,614.0,0.0,9998
3,2,47,537.6177617761776,550,0.0,9999
3,2,48,605.8456,622.0,0.0,10000
3,2,49,428.7096,434.0,0.0,10000
3,2,50,512.6712,522.0,0.0,10000
3,2,51,508.76047604760475,518,0.0,9999
3,2,52,587.806,602.0,0.0,10000
3,2,53,589.7193438687738,604.0,0.0,9998
3,2,54,581.954,604.0,0.0,10000
3,2,55,575.5811581158116,590,0.0,9999
3,2,56,582.4416883376675,588.0,0.0,9998
3,2,57,600.4638927785558,616.0,0.0,9998
3,2,58,615.0594,626.0,0.0,10000
3,2,59,588.3158315831583,602,0.0,9999
3,2,60,571.2928,582.0,0.0,10000
3,2,61,514.6348634863486,520,0.0,9999
3,2,62,528.3612,534.0,0.0,10000
3,2,63,518.1668,528.0,0.0,10000
3,2,64,577.7486,594.0,0.0,10000
3,2,65,578.339,592.0,0.0,10000
3,2,66,595.567,604.0,0.0,10000
3,2,67,598.970097009701,612,0.0,9999
3,2,68,608.0740074007401,616,0.0,9999
3,2,69,586.016401640164,590,0.0,9999
3,2,70,586.7994,596.0,0.0,10000
3,2,71,574.1686,604.0,0.0,10000
3,2,72,594.2798279827982,616,0.0,9999
3,2,73,584.7968796879688,600,0.0,9999
3,2,74,517.183,522.0,0.0,10000
3,2,75,586.1594318863773,606.0,0.0,9998
3,2,76,462.1098109810981,462,0.0,9999
3,2,77,588.713,602.0,0.0,10000
3,2,78,586.7444,624.0,0.0,10000
3,2,79,595.686,610.0,0.0,10000
3,2,80,615.7014,620.0,0.0,10000
3,2,81,587.95199519952,604,0.0,9999
3,2,82,593.4074,614.0,0.0,10000
3,2,83,528.3642364236424,542,0.0,9999
3,2,84,589.7328,596.0,0.0,10000
3,2,85,596.9302930293029,618,0.0,9999
3,2,86,524.5210521052105,534,0.0,9999
3,2,87,593.2114,600.0,0.0,10000
3,2,88,586.6224,596.0,0.0,10000
3,2,89,578.8854,588.0,0.0,10000
3,2,90,505.5043504350435,514,0.0,9999
3,2,91,617.4100230069021,618,0.0,9997
3,2,92,517.8923892389239,528,0.0,9999
3,2,93,514.2880288028803,524,0.0,9999
3,2,94,587.2795279527953,618,0.0,9999
3,2,95,536.9178,592.0,0.0,10000
3,2,96,585.003100310031,594,0.0,9999
3,2,97,530.5066506650666,542,0.0,9999
3,2,98,597.8631863186318,608,0.0,9999
3,2,99,530.7912791279128,538,0.0,9999
3,3,0,548.3722,570.0,0.0,10000
3,3,1,548.6864,568.0,0.0,10000
3,3,2,489.9204,496.0,0.0,10000
3,3,3,570.2714,576.0,0.0,10000
3,3,4,497.252,504.0,0.0,10000
3,3,5,540.222,566.0,0.0,10000
3,3,6,430.2492,488.0,0.0,10000
3,3,7,565.4288,582.0,0.0,10000
3,3,8,554.4,572.0,0.0,10000
3,3,9,568.3536,572.0,0.0,10000
3,3,10,569.8866,580.0,0.0,10000
3,3,11,569.6203620362036,574,0.0,9999
3,3,12,427.5049504950495,434,0.0,9999
3,3,13,531.7839351805542,572,0.0,9997
3,3,14,485.92118423684735,488.0,0.0,9998
3,3,15,560.0454,566.0,0.0,10000
3,3,16,548.5512551255125,562,0.0,9999
3,3,17,580.6657331466293,584.0,0.0,9998
3,3,18,467.6414,472.0,0.0,10000
3,3,19,539.7534,552.0,0.0,10000
3,3,20,571.0583058305831,584,0.0,9999
3,3,21,500.5849169833967,508.0,0.0,9998
3,3,22,472.4734,492.0,0.0,10000
3,3,23,475.6648,478.0,0.0,10000
3,3,24,485.18611861186116,498,0.0,9999
3,3,25,564.375675135027,574.0,0.0,9998
3,3,26,421.9576,430.0,0.0,10000
3,3,27,555.5692,566.0,0.0,10000
3,3,28,573.5425085017004,588.0,0.0,9998
3,3,29,415.52,422.0,0.0,10000
3,3,30,481.0388,486.0,0.0,10000
3,3,31,549.2521252125213,556,0.0,9999
3,3,32,556.0916,570.0,0.0,10000
3,3,33,589.9562,600.0,0.0,10000
3,3,34,562.7316731673168,578,0.0,9999
3,3,35,568.7500750075008,582,0.0,9999
3,3,36,500.7696,512.0,0.0,10000
3,3,37,432.8898,434.0,0.0,10000
3,3,38,549.0294,560.0,0.0,10000
3,3,39,539.3445344534454,552,0.0,9999
3,3,40,564.739,586.0,0.0,10000
3,3,41,431.6436,434.0,0.0,10000
3,3,42,484.9142,486.0,0.0,10000
3,3,43,545.3574,562.0,0.0,10000
3,3,44,556.2954,564.0,0.0,10000
3,3,45,486.02700270027003,494,0.0,9999
3,3,46,549.842,558.0,0.0,10000
3,3,47,551.9011901190119,568,0.0,9999
3,3,48,568.6228,570.0,0.0,10000
3,3,49,493.4766,496.0,0.0,10000
3,3,50,553.4004,568.0,0.0,10000
3,3,51,566.6204620462046,574,0.0,9999
3,3,52,472.0882088208821,488,0.0,9999
3,3,53,537.1369136913692,554,0.0,9999
3,3,54,530.9504,538.0,0.0,10000
3,3,55,558.3816,566.0,0.0,10000
3,3,56,550.8858885888588,560,0.0,9999
3,3,57,567.5822,580.0,0.0,10000
3,3,58,486.5018,496.0,0.0,10000
3,3,59,466.40524052405243,476,0.0,9999
3,3,60,542.1788,554.0,0.0,10000
3,3,61,569.6473647364736,580,0.0,9999
3,3,62,528.1302,544.0,0.0,10000
3,3,63,575.8045804580458,586,0.0,9999
3,3,64,494.4932,502.0,0.0,10000
3,3,65,475.911,488.0,0.0,10000
3,3,66,540.0202040408082,554.0,0.0,9998
3,3,67,556.5126,564.0,0.0,10000
3,3,68,502.336,506.0,0.0,10000
3,3,69,547.3658,564.0,0.0,10000
3,3,70,466.5986,468.0,0.0,10000
3,3,71,558.5222522252225,584,0.0,9999
3,3,72,550.0872,558.0,0.0,10000
3,3,73,546.128825765153,556.0,0.0,9998
3,3,74,550.6448,564.0,0.0,10000
3,3,75,548.7802780278028,560,0.0,9999
3,3,76,552.7924,562.0,0.0,10000
3,3,77,564.7276,574.0,0.0,10000
3,3,78,546.2194,572.0,0.0,10000
3,3,79,492.46393918175454,492,0.0,9997
3,3,80,549.2308461692338,562.0,0.0,9998
3,3,81,563.1404280856171,588.0,0.0,9998
3,3,82,486.81,498.0,0.0,10000
3,3,83,502.4246424642464,512,0.0,9999
3,3,84,488.1926192619262,500,0.0,9999
3,3,85,481.089,490.0,0.0,10000
3,3,86,482.6002600260026,490,0.0,9999
3,3,87,559.2834,582.0,0.0,10000
3,3,88,555.3067306730674,576,0.0,9999
3,3,89,491.1992,490.0,0.0,10000
3,3,90,580.1230123012301,588,0.0,9999
3,3,91,544.1682168216822,574,0.0,9999
3,3,92,551.7081708170817,568,0.0,9999
3,3,93,553.7728,568.0,0.0,10000
3,3,94,479.918,484.0,0.0,10000
3,3,95,550.9084,564.0,0.0,10000
3,3,96,497.27785557111423,504.0,0.0,9998
3,3,97,546.7186718671867,558,0.0,9999
3,3,98,542.5286528652865,558,0.0,9999
3,3,99,552.2812,568.0,0.0,10000
3,4,0,550.5604,570.0,0.0,10000
3,4,1,562.1492,580.0,0.0,10000
3,4,2,552.6364636463646,570,0.0,9999
3,4,3,556.6098,570.0,0.0,10000
3,4,4,571.8289657931587,580.0,0.0,9998
3,4,5,504.5062506250625,512,0.0,9999
3,4,6,484.48144814481446,580,0.0,9999
3,4,7,510.2678,522.0,0.0,10000
3,4,8,477.203,482.0,0.0,10000
3,4,9,463.058,486.0,0.0,10000
3,4,10,560.8484,572.0,0.0,10000
3,4,11,464.586,472.0,0.0,10000
3,4,12,567.7139427885577,580.0,0.0,9998
3,4,13,460.6802680268027,486,0.0,9999
3,4,14,475.2032,490.0,0.0,10000
3,4,15,553.5330599179754,576,0.0,9997
3,4,16,558.3312331233124,572,0.0,9999
3,4,17,545.2364,564.0,0.0,10000
3,4,18,564.7042,594.0,0.0,10000
3,4,19,566.5102510251025,574,0.0,9999
3,4,20,550.7930793079308,564,0.0,9999
3,4,21,481.67133426685336,498.0,0.0,9998
3,4,22,558.9036903690369,574,0.0,9999
3,4,23,543.8289657931587,552.0,0.0,9998
3,4,24,487.329,492.0,0.0,10000
3,4,25,552.0870087008701,562,0.0,9999
3,4,26,420.2306,424.0,0.0,10000
3,4,27,568.0570171051315,578,0.0,9997
3,4,28,541.2229222922292,552,0.0,9999
3,4,29,567.6422,584.0,0.0,10000
3,4,30,551.1161116111612,564,0.0,9999
3,4,31,482.2592,492.0,0.0,10000
3,4,32,502.5322,508.0,0.0,10000
3,4,33,545.5938,564.0,0.0,10000
3,4,34,562.1218,568.0,0.0,10000
3,4,35,542.1644,552.0,0.0,10000
3,4,36,562.2386,572.0,0.0,10000
3,4,37,556.0800080008,566,0.0,9999
3,4,38,574.9638,598.0,0.0,10000
3,4,39,508.01680168016804,518,0.0,9999
3,4,40,407.3578,414.0,0.0,10000
3,4,41,536.0084016803361,548.0,0.0,9998
3,4,42,566.5970597059707,578,0.0,9999
3,4,43,556.1594,566.0,0.0,10000
3,4,44,541.5606,546.0,0.0,10000
3,4,45,477.96939387877575,484.0,0.0,9998
3,4,46,568.9396939693969,592,0.0,9999
3,4,47,581.8389838983899,594,0.0,9999
3,4,48,560.8878887888789,574,0.0,9999
3,4,49,558.7664766476647,566,0.0,9999
3,4,50,568.032,578.0,0.0,10000
3,4,51,554.03100310031,560,0.0,9999
3,4,52,572.5434543454345,582,0.0,9999
3,4,53,574.8852885288529,596,0.0,9999
3,4,54,556.015,568.0,0.0,10000
3,4,55,494.2778277827783,512,0.0,9999
3,4,56,471.7457745774577,476,0.0,9999
3,4,57,575.6752,588.0,0.0,10000
3,4,58,561.7959795979598,578,0.0,9999
3,4,59,560.6253876162849,570,0.0,9997
3,4,60,491.0586,500.0,0.0,10000
3,4,61,571.5153515351535,578,0.0,9999
3,4,62,582.4076407640764,594,0.0,9999
3,4,63,544.8192,564.0,0.0,10000
3,4,64,553.9632,558.0,0.0,10000
3,4,65,495.3444,496.0,0.0,10000
3,4,66,476.576,478.0,0.0,10000
3,4,67,479.6523652365237,494,0.0,9999
3,4,68,472.2584,480.0,0.0,10000
3,4,69,472.3838767753551,478.0,0.0,9998
3,4,70,573.0675067506751,584,0.0,9999
3,4,71,562.2846284628463,576,0.0,9999
3,4,72,490.29382938293827,496,0.0,9999
3,4,73,561.9279927992799,576,0.0,9999
3,4,74,483.3368,496.0,0.0,10000
3,4,75,523.4522,534.0,0.0,10000
3,4,76,579.8146,590.0,0.0,10000
3,4,77,533.2058,546.0,0.0,10000
3,4,78,554.6456645664566,576,0.0,9999
3,4,79,522.3184,554.0,0.0,10000
3,4,80,567.5408622586776,582,0.0,9997
3,4,81,527.2850570114023,570.0,0.0,9998
3,4,82,406.7018,410.0,0.0,10000
3,4,83,565.6516,580.0,0.0,10000
3,4,84,480.4864,486.0,0.0,10000
3,4,85,576.7951590318064,584.0,0.0,9998
3,4,86,489.968596859686,504,0.0,9999
3,4,87,561.1320264052811,578.0,0.0,9998
3,4,88,553.3923392339234,574,0.0,9999
3,4,89,482.2986,494.0,0.0,10000
3,4,90,573.2199219921993,580,0.0,9999
3,4,91,544.089808980898,576,0.0,9999
3,4,92,556.2318231823182,566,0.0,9999
3,4,93,566.2196,578.0,0.0,10000
3,4,94,477.99179753926177,498,0.0,9997
3,4,95,477.94979497949794,478,0.0,9999
3,4,96,555.9712,564.0,0.0,10000
3,4,97,552.0570114022804,564.0,0.0,9998
3,4,98,560.8578857885789,582,0.0,9999
3,4,99,568.6766,582.0,0.0,10000
3,5,0,476.2916,482.0,0.0,10000
3,5,1,569.2221222122212,574,0.0,9999
3,5,2,556.4552455245524,570,0.0,9999
3,5,3,581.4397439743974,592,0.0,9999
3,5,4,473.132,478.0,0.0,10000
3,5,5,569.8058,584.0,0.0,10000
3,5,6,480.8876,484.0,0.0,10000
3,5,7,559.3334,580.0,0.0,10000
3,5,8,553.4278855771154,568.0,0.0,9998
3,5,9,567.8195819581958,580,0.0,9999
3,5,10,498.69613922784555,506.0,0.0,9998
3,5,11,468.03500350035006,482,0.0,9999
3,5,12,559.6548,572.0,0.0,10000
3,5,13,545.2294,562.0,0.0,10000
3,5,14,554.3858,564.0,0.0,10000
3,5,15,553.9073907390739,572,0.0,9999
3,5,16,479.25652565256524,482,0.0,9999
3,5,17,561.4978,574.0,0.0,10000
3,5,18,462.46624662466246,468,0.0,9999
3,5,19,557.4064,578.0,0.0,10000
3,5,20,563.9459891978396,576.0,0.0,9998
3,5,21,478.8383676735347,508.0,0.0,9998
3,5,22,571.6351635163517,578,0.0,9999
3,5,23,573.7075707570757,590,0.0,9999
3,5,24,496.5084,500.0,0.0,10000
3,5,25,558.898,576.0,0.0,10000
3,5,26,478.8232,492.0,0.0,10000
3,5,27,586.4384,606.0,0.0,10000
3,5,28,474.9294,488.0,0.0,10000
3,5,29,510.765,514.0,0.0,10000
3,5,30,547.6188,552.0,0.0,10000
3,5,31,562.39,570.0,0.0,10000
3,5,32,553.4667466746674,566,0.0,9999
3,5,33,572.9796,586.0,0.0,10000
3,5,34,549.4783478347834,560,0.0,9999
3,5,35,565.2002,582.0,0.0,10000
3,5,36,565.5092,580.0,0.0,10000
3,5,37,475.1094,582.0,0.0,10000
3,5,38,550.7874,570.0,0.0,10000
3,5,39,424.77087708770875,430,0.0,9999
3,5,40,394.8548,400.0,0.0,10000
3,5,41,556.821,568.0,0.0,10000
3,5,42,548.6642,552.0,0.0,10000
3,5,43,561.7308,578.0,0.0,10000
3,5,44,467.55411082216443,490.0,0.0,9998
3,5,45,571.7689768976898,586,0.0,9999
3,5,46,477.045,486.0,0.0,10000
3,5,47,566.4304430443044,582,0.0,9999
3,5,48,483.51,488.0,0.0,10000
3,5,49,562.9098,574.0,0.0,10000
3,5,50,567.0805080508051,576,0.0,9999
3,5,51,566.511902380476,584.0,0.0,9998
3,5,52,570.8636,586.0,0.0,10000
3,5,53,577.6497649764976,580,0.0,9999
3,5,54,543.3777377737774,550,0.0,9999
3,5,55,541.023102310231,558,0.0,9999
3,5,56,575.4476,586.0,0.0,10000
3,5,57,558.152,576.0,0.0,10000
3,5,58,568.7122,580.0,0.0,10000
3,5,59,557.0368,564.0,0.0,10000
3,5,60,416.8556,422.0,0.0,10000
3,5,61,497.6059605960596,512,0.0,9999
3,5,62,556.9224,568.0,0.0,10000
3,5,63,556.1246124612461,562,0.0,9999
3,5,64,567.7713771377138,578,0.0,9999
3,5,65,551.3172634526906,572.0,0.0,9998
3,5,66,546.3780378037803,562,0.0,9999
3,5,67,478.6930693069307,482,0.0,9999
3,5,68,570.597,580.0,0.0,10000
3,5,69,533.878,546.0,0.0,10000
3,5,70,500.911,506.0,0.0,10000
3,5,71,558.876,578.0,0.0,10000
3,5,72,554.7122,564.0,0.0,10000
3,5,73,564.6566,578.0,0.0,10000
3,5,74,544.718,552.0,0.0,10000
3,5,75,552.4588,566.0,0.0,10000
3,5,76,554.1356,566.0,0.0,10000
3,5,77,550.1676,560.0,0.0,10000
3,5,78,472.9768,488.0,0.0,10000
3,5,79,564.3448,568.0,0.0,10000
3,5,80,489.22376713013904,496,0.0,9997
3,5,81,525.4868,566.0,0.0,10000
3,5,82,497.4348,500.0,0.0,10000
3,5,83,549.975397539754,556,0.0,9999
3,5,84,464.9476,474.0,0.0,10000
3,5,85,504.8891778355671,518.0,0.0,9998
3,5,86,553.538,564.0,0.0,10000
3,5,87,562.3774,596.0,0.0,10000
3,5,88,505.20812081208123,512,0.0,9999
3,5,89,410.8202,412.0,0.0,10000
3,5,90,490.977897789779,508,0.0,9999
3,5,91,549.9703970397039,568,0.0,9999
3,5,92,559.3430686137227,582.0,0.0,9998
3,5,93,558.2280228022802,576,0.0,9999
3,5,94,563.8858,576.0,0.0,10000
3,5,95,543.1861186118612,570,0.0,9999
3,5,96,486.66346634663466,496,0.0,9999
3,5,97,478.0606,484.0,0.0,10000
3,5,98,486.1752175217522,494,0.0,9999
3,5,99,557.2136,568.0,0.0,10000
3,6,0,467.26132613261325,476,0.0,9999
3,6,1,545.3346,560.0,0.0,10000
3,6,2,515.4672,520.0,0.0,10000
3,6,3,541.2177217721772,550,0.0,9999
3,6,4,459.4333433343334,474,0.0,9999
3,6,5,548.0932093209321,566,0.0,9999
3,6,6,461.13651365136514,556,0.0,9999
3,6,7,551.609,568.0,0.0,10000
3,6,8,484.8048804880488,488,0.0,9999
3,6,9,532.9758,536.0,0.0,10000
3,6,10,529.0278,530.0,0.0,10000
3,6,11,512.5826,518.0,0.0,10000
3,6,12,515.3969396939694,532,0.0,9999
3,6,13,523.3571357135713,556,0.0,9999
3,6,14,533.6291629162916,540,0.0,9999
3,6,15,545.3948,554.0,0.0,10000
3,6,16,450.7046,452.0,0.0,10000
3,6,17,546.4978,556.0,0.0,10000
3,6,18,521.7047704770478,550,0.0,9999
3,6,19,565.6485648564857,576,0.0,9999
3,6,20,538.1730346069214,554.0,0.0,9998
3,6,21,526.7073414682936,534.0,0.0,9998
3,6,22,523.1745174517451,532,0.0,9999
3,6,23,462.55965596559656,468,0.0,9999
3,6,24,524.7308730873087,540,0.0,9999
3,6,25,561.2007200720072,570,0.0,9999
3,6,26,475.297,482.0,0.0,10000
3,6,27,524.8824,538.0,0.0,10000
3,6,28,465.2513251325133,476,0.0,9999
3,6,29,515.0192,526.0,0.0,10000
3,6,30,471.0386,474.0,0.0,10000
3,6,31,533.981598159816,540,0.0,9999
3,6,32,523.9111911191119,530,0.0,9999
3,6,33,555.5455545554555,568,0.0,9999
3,6,34,542.4858971794359,558.0,0.0,9998
3,6,35,529.1082,534.0,0.0,10000
3,6,36,538.9268926892689,548,0.0,9999
3,6,37,488.4722,488.0,0.0,10000
3,6,38,398.2202220222022,400,0.0,9999
3,6,39,462.63506350635066,462,0.0,9999
3,6,40,529.9755951190238,548.0,0.0,9998
3,6,41,527.7535753575357,540,0.0,9999
3,6,42,530.021,540.0,0.0,10000
3,6,43,552.2376,552.0,0.0,10000
3,6,44,540.2570514102821,546.0,0.0,9998
3,6,45,547.01,562.0,0.0,10000
3,6,46,465.4061406140614,470,0.0,9999
3,6,47,450.3638,468.0,0.0,10000
3,6,48,447.13571357135714,448,0.0,9999
3,6,49,402.6204,404.0,0.0,10000
3,6,50,523.1592,534.0,0.0,10000
3,6,51,527.976597659766,540,0.0,9999
3,6,52,466.4912,476.0,0.0,10000
3,6,53,471.5172,476.0,0.0,10000
3,6,54,529.1284,540.0,0.0,10000
3,6,55,559.3016,562.0,0.0,10000
3,6,56,487.6642,494.0,0.0,10000
3,6,57,559.8626,566.0,0.0,10000
3,6,58,531.2798,536.0,0.0,10000
3,6,59,448.361,456.0,0.0,10000
3,6,60,470.402,484.0,0.0,10000
3,6,61,470.4206,474.0,0.0,10000
3,6,62,470.8688,476.0,0.0,10000
3,6,63,519.9408,530.0,0.0,10000
3,6,64,405.50830166033205,402.0,0.0,9998
3,6,65,530.6748,536.0,0.0,10000
3,6,66,457.8133813381338,464,0.0,9999
3,6,67,463.279,470.0,0.0,10000
3,6,68,522.1182,528.0,0.0,10000
3,6,69,527.439,532.0,0.0,10000
3,6,70,521.2627262726272,528,0.0,9999
3,6,71,512.5108,524.0,0.0,10000
3,6,72,528.217,546.0,0.0,10000
3,6,73,441.78,450.0,0.0,10000
3,6,74,520.3726,524.0,0.0,10000
3,6,75,514.4862486248625,536,0.0,9999
3,6,76,522.696,536.0,0.0,10000
3,6,77,393.3254,396.0,0.0,10000
3,6,78,533.3997399739974,552,0.0,9999
3,6,79,455.2734,466.0,0.0,10000
3,6,80,535.1776,542.0,0.0,10000
3,6,81,458.5474,468.0,0.0,10000
3,6,82,462.59071814362875,472.0,0.0,9998
3,6,83,525.4036807361472,540.0,0.0,9998
3,6,84,536.4,548.0,0.0,10000
3,6,85,475.2808,480.0,0.0,10000
3,6,86,460.8488,466.0,0.0,10000
3,6,87,547.5214,558.0,0.0,10000
3,6,88,537.1786357271454,544.0,0.0,9998
3,6,89,534.023402340234,550,0.0,9999
3,6,90,492.7748,498.0,0.0,10000
3,6,91,452.6754675467547,466,0.0,9999
3,6,92,521.0902,544.0,0.0,10000
3,6,93,460.43124312431246,466,0.0,9999
3,6,94,526.7914791479147,536,0.0,9999
3,6,95,448.9396,462.0,0.0,10000
3,6,96,466.7122712271227,468,0.0,9999
3,6,97,531.8757875787579,542,0.0,9999
3,6,98,523.1529152915291,550,0.0,9999
3,6,99,461.39007801560314,468.0,0.0,9998
3,7,0,539.8773877387739,546,0.0,9999
3,7,1,536.5402540254025,540,0.0,9999
3,7,2,465.4963496349635,464,0.0,9999
3,7,3,539.4625462546254,546,0.0,9999
3,7,4,463.7835783578358,476,0.0,9999
3,7,5,496.65186518651865,500,0.0,9999
3,7,6,474.4729418825648,538,0.0,9997
3,7,7,509.3002,528.0,0.0,10000
3,7,8,450.25502550255027,464,0.0,9999
3,7,9,399.5114,400.0,0.0,10000
3,7,10,537.014501450145,548,0.0,9999
3,7,11,449.4104,458.0,0.0,10000
3,7,12,473.85598559855987,476,0.0,9999
3,7,13,513.2806,552.0,0.0,10000
3,7,14,448.871,456.0,0.0,10000
3,7,15,561.3428685737148,562.0,0.0,9998
3,7,16,523.2611261126112,536,0.0,9999
3,7,17,468.628,478.0,0.0,10000
3,7,18,464.3390339033903,466,0.0,9999
3,7,19,403.5229045809162,410.0,0.0,9998
3,7,20,542.7238723872388,546,0.0,9999
3,7,21,538.981498149815,554,0.0,9999
3,7,22,448.3442,462.0,0.0,10000
3,7,23,550.2158431686337,558.0,0.0,9998
3,7,24,472.2608,478.0,0.0,10000
3,7,25,472.1584,478.0,0.0,10000
3,7,26,532.035,542.0,0.0,10000
3,7,27,477.67556755675565,482,0.0,9999
3,7,28,464.5338,474.0,0.0,10000
3,7,29,534.429,546.0,0.0,10000
3,7,30,537.2128425685137,540.0,0.0,9998
3,7,31,438.3184,440.0,0.0,10000
3,7,32,486.2948294829483,494,0.0,9999
3,7,33,531.0487048704871,534,0.0,9999
3,7,34,540.7232723272327,554,0.0,9999
3,7,35,546.7778,562.0,0.0,10000
3,7,36,378.02,380.0,0.0,10000
3,7,37,548.9475895179036,558.0,0.0,9998
3,7,38,468.012201220122,472,0.0,9999
3,7,39,536.3304330433043,552,0.0,9999
3,7,40,517.7368,522.0,0.0,10000
3,7,41,459.1712,464.0,0.0,10000
3,7,42,519.3136,532.0,0.0,10000
3,7,43,382.8888,388.0,0.0,10000
3,7,44,455.0594,460.0,0.0,10000
3,7,45,458.69186918691867,460,0.0,9999
3,7,46,474.62506250625063,486,0.0,9999
3,7,47,537.7955795579558,542,0.0,9999
3,7,48,458.36523652365236,460,0.0,9999
3,7,49,524.1554,542.0,0.0,10000
3,7,50,537.4474,544.0,0.0,10000
3,7,51,543.5426,542.0,0.0,10000
3,7,52,479.06250625062506,484,0.0,9999
3,7,53,512.8306830683068,520,0.0,9999
3,7,54,558.3836767353471,572.0,0.0,9998
3,7,55,527.7834,542.0,0.0,10000
3,7,56,530.2198219821983,542,0.0,9999
3,7,57,488.55505550555057,492,0.0,9999
3,7,58,478.8592,490.0,0.0,10000
3,7,59,413.7503750375038,420,0.0,9999
3,7,60,464.43084308430844,468,0.0,9999
3,7,61,469.6168,472.0,0.0,10000
3,7,62,547.2743274327432,556,0.0,9999
3,7,63,365.15291529152915,362,0.0,9999
3,7,64,523.4572,526.0,0.0,10000
3,7,65,539.3274,552.0,0.0,10000
3,7,66,465.4316,472.0,0.0,10000
3,7,67,532.462,548.0,0.0,10000
3,7,68,455.271,466.0,0.0,10000
3,7,69,523.8157815781578,534,0.0,9999
3,7,70,527.6326,532.0,0.0,10000
3,7,71,534.1834183418342,548,0.0,9999
3,7,72,546.5728572857286,556,0.0,9999
3,7,73,511.0038,520.0,0.0,10000
3,7,74,529.5849169833966,542.0,0.0,9998
3,7,75,463.7584,482.0,0.0,10000
3,7,76,527.1952,540.0,0.0,10000
3,7,77,478.3702,482.0,0.0,10000
3,7,78,535.859,546.0,0.0,10000
3,7,79,456.8400840084008,468,0.0,9999
3,7,80,556.02500250025,568,0.0,9999
3,7,81,527.8707870787078,536,0.0,9999
3,7,82,524.8876,544.0,0.0,10000
3,7,83,559.2702,570.0,0.0,10000
3,7,84,531.5617561756176,538,0.0,9999
3,7,85,533.3387338733874,544,0.0,9999
3,7,86,452.2686,462.0,0.0,10000
3,7,87,521.045,528.0,0.0,10000
3,7,88,450.7898,456.0,0.0,10000
3,7,89,515.4865486548655,528,0.0,9999
3,7,90,479.3579357935794,482,0.0,9999
3,7,91,478.4362,480.0,0.0,10000
3,7,92,460.40904090409043,470,0.0,9999
3,7,93,532.1592159215921,540,0.0,9999
3,7,94,463.0986,474.0,0.0,10000
3,7,95,530.9070907090709,552,0.0,9999
3,7,96,481.03080616123225,488.0,0.0,9998
3,7,97,481.3752,486.0,0.0,10000
3,7,98,554.1450290058011,562.0,0.0,9998
3,7,99,543.4242848569714,560.0,0.0,9998
3,8,0,518.7688,532.0,0.0,10000
3,8,1,546.3214321432143,556,0.0,9999
3,8,2,542.9341868373675,554.0,0.0,9998
3,8,3,479.66596659665964,486,0.0,9999
3,8,4,467.1984,478.0,0.0,10000
3,8,5,551.1804721888756,566.0,0.0,9996
3,8,6,454.91858371674334,532.0,0.0,9998
3,8,7,530.2836,544.0,0.0,10000
3,8,8,443.4568,448.0,0.0,10000
3,8,9,509.8797879787979,518,0.0,9999
3,8,10,513.6184,536.0,0.0,10000
3,8,11,542.3996,552.0,0.0,10000
3,8,12,528.6210621062106,534,0.0,9999
3,8,13,521.5563556355636,550,0.0,9999
3,8,14,530.5065013002601,546.0,0.0,9998
3,8,15,533.2764,562.0,0.0,10000
3,8,16,522.2162216221623,532,0.0,9999
3,8,17,532.5363072614523,542.0,0.0,9998
3,8,18,524.6564,532.0,0.0,10000
3,8,19,544.7244173251976,554,0.0,9997
3,8,20,473.3778,480.0,0.0,10000
3,8,21,386.623,390.0,0.0,10000
3,8,22,511.7116,544.0,0.0,10000
3,8,23,537.7617761776178,546,0.0,9999
3,8,24,519.3362,528.0,0.0,10000
3,8,25,552.272,562.0,0.0,10000
3,8,26,529.8538,544.0,0.0,10000
3,8,27,468.20522052205223,472,0.0,9999
3,8,28,465.781,472.0,0.0,10000
3,8,29,518.1130113011301,524,0.0,9999
3,8,30,529.146,536.0,0.0,10000
3,8,31,460.3674,472.0,0.0,10000
3,8,32,526.845,538.0,0.0,10000
3,8,33,553.3459345934593,562,0.0,9999
3,8,34,458.5066,464.0,0.0,10000
3,8,35,541.5285528552855,544,0.0,9999
3,8,36,532.1298,540.0,0.0,10000
3,8,37,553.614,562.0,0.0,10000
3,8,38,557.2999299929993,568,0.0,9999
3,8,39,536.4190419041904,550,0.0,9999
3,8,40,522.8986898689869,534,0.0,9999
3,8,41,546.1874,564.0,0.0,10000
3,8,42,520.9844,532.0,0.0,10000
3,8,43,498.3020302030203,500,0.0,9999
3,8,44,520.8194,530.0,0.0,10000
3,8,45,522.941,540.0,0.0,10000
3,8,46,530.09,542.0,0.0,10000
3,8,47,532.4442444244424,542,0.0,9999
3,8,48,553.0536,560.0,0.0,10000
3,8,49,576.0220044008802,582.0,0.0,9998
3,8,50,471.148,478.0,0.0,10000
3,8,51,474.4318863772755,478.0,0.0,9998
3,8,52,531.5087508750875,542,0.0,9999
3,8,53,444.67973594718944,452.0,0.0,9998
3,8,54,452.87668766876686,460,0.0,9999
3,8,55,545.2721816544963,556,0.0,9997
3,8,56,461.3078,470.0,0.0,10000
3,8,57,531.2398,532.0,0.0,10000
3,8,58,533.1690338067614,538.0,0.0,9998
3,8,59,537.3689368936894,542,0.0,9999
3,8,60,480.36223622362235,482,0.0,9999
3,8,61,452.4518,464.0,0.0,10000
3,8,62,556.8064,562.0,0.0,10000
3,8,63,550.6194,564.0,0.0,10000
3,8,64,532.7324,544.0,0.0,10000
3,8,65,551.948194819482,562,0.0,9999
3,8,66,474.50805080508053,478,0.0,9999
3,8,67,455.03310331033106,454,0.0,9999
3,8,68,511.6551655165517,526,0.0,9999
3,8,69,460.993,466.0,0.0,10000
3,8,70,464.8584,474.0,0.0,10000
3,8,71,468.22242224222424,478,0.0,9999
3,8,72,525.1999199919992,554,0.0,9999
3,8,73,469.994199419942,480,0.0,9999
3,8,74,378.1764176417642,382,0.0,9999
3,8,75,463.7884,474.0,0.0,10000
3,8,76,541.8241824182418,558,0.0,9999
3,8,77,521.7504,528.0,0.0,10000
3,8,78,420.5020502050205,424,0.0,9999
3,8,79,474.8098809880988,490,0.0,9999
3,8,80,474.3540708141628,480.0,0.0,9998
3,8,81,448.65746574657464,454,0.0,9999
3,8,82,471.6364,468.0,0.0,10000
3,8,83,468.993299329933,478,0.0,9999
3,8,84,562.7628762876287,564,0.0,9999
3,8,85,461.976397639764,468,0.0,9999
3,8,86,541.6975395079015,556.0,0.0,9998
3,8,87,535.249849969994,540.0,0.0,9998
3,8,88,529.2328,546.0,0.0,10000
3,8,89,529.4370874174836,538.0,0.0,9998
3,8,90,468.15961596159616,472,0.0,9999
3,8,91,462.6866686668667,476,0.0,9999
3,8,92,544.6482648264827,552,0.0,9999
3,8,93,506.4268,520.0,0.0,10000
3,8,94,519.2187218721872,530,0.0,9999
3,8,95,398.571,406.0,0.0,10000
3,8,96,530.956295629563,540,0.0,9999
3,8,97,458.8099619923985,464.0,0.0,9998
3,8,98,542.9150915091509,558,0.0,9999
3,8,99,384.0658,394.0,0.0,10000
3,9,0,520.0932279683905,526,0.0,9997
3,9,1,522.7447489497899,532.0,0.0,9998
3,9,2,526.6532,538.0,0.0,10000
3,9,3,439.4652,446.0,0.0,10000
3,9,4,537.2743274327432,546,0.0,9999
3,9,5,513.3033303330333,518,0.0,9999
3,9,6,519.126,532.0,0.0,10000
3,9,7,451.41768353670733,458.0,0.0,9998
3,9,8,509.3426,522.0,0.0,10000
3,9,9,532.5134,544.0,0.0,10000
3,9,10,396.6986698669867,398,0.0,9999
3,9,11,512.3880388038804,522,0.0,9999
3,9,12,520.3346,532.0,0.0,10000
3,9,13,506.3676,518.0,0.0,10000
3,9,14,519.5577115423084,528.0,0.0,9998
3,9,15,519.2123212321233,524,0.0,9999
3,9,16,471.09261852370474,472.0,0.0,9998
3,9,17,548.004800960192,552.0,0.0,9998
3,9,18,513.6759675967596,524,0.0,9999
3,9,19,460.90998199639927,468.0,0.0,9998
3,9,20,447.9452,458.0,0.0,10000
3,9,21,535.3088,542.0,0.0,10000
3,9,22,390.8752,396.0,0.0,10000
3,9,23,443.2238,454.0,0.0,10000
3,9,24,547.2138,560.0,0.0,10000
3,9,25,441.06150615061506,444,0.0,9999
3,9,26,534.4314,542.0,0.0,10000
3,9,27,546.7562,546.0,0.0,10000
3,9,28,452.67166716671665,464,0.0,9999
3,9,29,451.22924584916984,456.0,0.0,9998
3,9,30,518.7498749874987,528,0.0,9999
3,9,31,425.9682,434.0,0.0,10000
3,9,32,523.5351535153516,532,0.0,9999
3,9,33,517.7734,524.0,0.0,10000
3,9,34,536.8104810481049,542,0.0,9999
3,9,35,549.4083408340834,558,0.0,9999
3,9,36,537.2986,550.0,0.0,10000
3,9,37,534.745,538.0,0.0,10000
3,9,38,547.1311131113112,554,0.0,9999
3,9,39,463.9256,526.0,0.0,10000
3,9,40,445.7062,448.0,0.0,10000
3,9,41,526.7816,546.0,0.0,10000
3,9,42,525.187,526.0,0.0,10000
3,9,43,450.1826,454.0,0.0,10000
3,9,44,530.4518,538.0,0.0,10000
3,9,45,522.4464892978596,532.0,0.0,9998
3,9,46,386.3726,390.0,0.0,10000
3,9,47,449.984598459846,450,0.0,9999
3,9,48,519.0775077507751,538,0.0,9999
3,9,49,440.6018601860186,446,0.0,9999
3,9,50,454.382,458.0,0.0,10000
3,9,51,516.8939787957592,528.0,0.0,9998
3,9,52,503.7875787578758,514,0.0,9999
3,9,53,505.5372,524.0,0.0,10000
3,9,54,467.0733073307331,474,0.0,9999
3,9,55,511.7088,526.0,0.0,10000
3,9,56,469.155,474.0,0.0,10000
3,9,57,514.5848584858486,526,0.0,9999
3,9,58,519.103,526.0,0.0,10000
3,9,59,481.67276727672765,488,0.0,9999
3,9,60,511.7779777977798,520,0.0,9999
3,9,61,445.0677067706771,450,0.0,9999
3,9,62,531.5755575557556,536,0.0,9999
3,9,63,524.0164,536.0,0.0,10000
3,9,64,510.7494,522.0,0.0,10000
3,9,65,511.62,520.0,0.0,10000
3,9,66,520.7348734873488,530,0.0,9999
3,9,67,508.55385538553855,518,0.0,9999
3,9,68,507.04830483048306,520,0.0,9999
3,9,69,514.999099909991,520,0.0,9999
3,9,70,459.964596459646,462,0.0,9999
3,9,71,467.45834583458344,472,0.0,9999
3,9,72,494.799,512.0,0.0,10000
3,9,73,532.0754,548.0,0.0,10000
3,9,74,464.6758,470.0,0.0,10000
3,9,75,512.8449689937987,528.0,0.0,9998
3,9,76,525.4814,534.0,0.0,10000
3,9,77,459.0368,460.0,0.0,10000
3,9,78,448.46824682468247,454,0.0,9999
3,9,79,452.53470694138827,462.0,0.0,9998
3,9,80,523.4738,532.0,0.0,10000
3,9,81,526.4456,540.0,0.0,10000
3,9,82,455.3675367536754,456,0.0,9999
3,9,83,370.2312,374.0,0.0,10000
3,9,84,516.6418,526.0,0.0,10000
3,9,85,530.5858,534.0,0.0,10000
3,9,86,528.9254,536.0,0.0,10000
3,9,87,529.9886,532.0,0.0,10000
3,9,88,528.3814762952591,548.0,0.0,9998
3,9,89,530.5106,538.0,0.0,10000
3,9,90,517.0082,528.0,0.0,10000
3,9,91,444.7644,444.0,0.0,10000
3,9,92,538.7268,546.0,0.0,10000
3,9,93,517.2586,534.0,0.0,10000
3,9,94,511.5696,512.0,0.0,10000
3,9,95,520.2034610383115,524,0.0,9997
3,9,96,510.999,550.0,0.0,10000
3,9,97,524.8672867286729,548,0.0,9999
3,9,98,455.1248,462.0,0.0,10000
3,9,99,536.49,540.0,0.0,10000
3,10,0,444.532,450.0,0.0,10000
3,10,1,447.96418925677705,452,0.0,9997
3,10,2,453.6942,470.0,0.0,10000
3,10,3,518.3096,530.0,0.0,10000
3,10,4,546.3836,550.0,0.0,10000
3,10,5,530.8794,534.0,0.0,10000
3,10,6,466.2102,548.0,0.0,10000
3,10,7,542.856,550.0,0.0,10000
3,10,8,393.2003200320032,400,0.0,9999
3,10,9,537.13,544.0,0.0,10000
3,10,10,503.4326,518.0,0.0,10000
3,10,11,457.0428,462.0,0.0,10000
3,10,12,518.5722572257225,536,0.0,9999
3,10,13,503.2714,546.0,0.0,10000
3,10,14,509.916,524.0,0.0,10000
3,10,15,461.1206,464.0,0.0,10000
3,10,16,536.3944,546.0,0.0,10000
3,10,17,510.2676,536.0,0.0,10000
3,10,18,517.0989098909891,532,0.0,9999
3,10,19,532.0406,544.0,0.0,10000
3,10,20,535.4544,542.0,0.0,10000
3,10,21,461.1267126712671,468,0.0,9999
3,10,22,518.4818,530.0,0.0,10000
3,10,23,517.1854,532.0,0.0,10000
3,10,24,440.3982,448.0,0.0,10000
3,10,25,523.8767876787679,536,0.0,9999
3,10,26,463.209,468.0,0.0,10000
3,10,27,460.4952,468.0,0.0,10000
3,10,28,454.8942,466.0,0.0,10000
3,10,29,455.9188,470.0,0.0,10000
3,10,30,444.9258,448.0,0.0,10000
3,10,31,547.045904590459,550,0.0,9999
3,10,32,454.2828,456.0,0.0,10000
3,10,33,495.16451645164517,502,0.0,9999
3,10,34,542.6498,548.0,0.0,10000
3,10,35,455.7442,474.0,0.0,10000
3,10,36,523.785,542.0,0.0,10000
3,10,37,543.5875587558755,550,0.0,9999
3,10,38,522.3914391439143,534,0.0,9999
3,10,39,441.93459345934593,450,0.0,9999
3,10,40,506.14461446144617,516,0.0,9999
3,10,41,451.9632,460.0,0.0,10000
3,10,42,533.121024204841,542.0,0.0,9998
3,10,43,447.8306,454.0,0.0,10000
3,10,44,453.2133213321332,464,0.0,9999
3,10,45,456.98029802980295,466,0.0,9999
3,10,46,515.0548,522.0,0.0,10000
3,10,47,531.7419741974197,540,0.0,9999
3,10,48,541.0237023702371,556,0.0,9999
3,10,49,429.263,442.0,0.0,10000
3,10,50,440.1392,444.0,0.0,10000
3,10,51,450.8514851485148,450,0.0,9999
3,10,52,455.6238,458.0,0.0,10000
3,10,53,434.43304330433045,438,0.0,9999
3,10,54,489.0146,500.0,0.0,10000
3,10,55,433.3558,440.0,0.0,10000
3,10,56,525.8423842384238,534,0.0,9999
3,10,57,469.36153615361536,472,0.0,9999
3,10,58,456.5367610283085,466,0.0,9997
3,10,59,515.3234,520.0,0.0,10000
3,10,60,529.033903390339,540,0.0,9999
3,10,61,522.3362,528.0,0.0,10000
3,10,62,525.2066,532.0,0.0,10000
3,10,63,532.8480848084808,544,0.0,9999
3,10,64,515.5881588158816,522,0.0,9999
3,10,65,525.4455445544554,532,0.0,9999
3,10,66,440.1702,444.0,0.0,10000
3,10,67,512.089,524.0,0.0,10000
3,10,68,528.2662,536.0,0.0,10000
3,10,69,512.9844,518.0,0.0,10000
3,10,70,533.0318063612723,544.0,0.0,9998
3,10,71,436.7378,438.0,0.0,10000
3,10,72,424.1766,424.0,0.0,10000
3,10,73,532.7848,546.0,0.0,10000
3,10,74,440.7588758875888,444,0.0,9999
3,10,75,388.4692,392.0,0.0,10000
3,10,76,536.3618723744748,552.0,0.0,9998
3,10,77,449.8532,458.0,0.0,10000
3,10,78,533.7708,544.0,0.0,10000
3,10,79,531.8846,536.0,0.0,10000
3,10,80,509.24032403240324,530,0.0,9999
3,10,81,529.8162,538.0,0.0,10000
3,10,82,525.0322,542.0,0.0,10000
3,10,83,534.405921776533,550,0.0,9997
3,10,84,520.4978497849785,528,0.0,9999
3,10,85,521.3310662132426,528.0,0.0,9998
3,10,86,513.1936387277456,522.0,0.0,9998
3,10,87,447.3244,456.0,0.0,10000
3,10,88,514.0328,522.0,0.0,10000
3,10,89,435.85118511851186,438,0.0,9999
3,10,90,519.4472,532.0,0.0,10000
3,10,91,527.6219243848769,538.0,0.0,9998
3,10,92,385.43934393439343,384,0.0,9999
3,10,93,499.4084,518.0,0.0,10000
3,10,94,509.5404,520.0,0.0,10000
3,10,95,506.404,510.0,0.0,10000
3,10,96,463.3207320732073,468,0.0,9999
3,10,97,467.8069806980698,470,0.0,9999
3,10,98,549.1174,558.0,0.0,10000
3,10,99,497.1542,502.0,0.0,10000
3,11,0,446.2778277827783,448,0.0,9999
3,11,1,444.5776,448.0,0.0,10000
3,11,2,515.3618085425628,528,0.0,9997
3,11,3,514.8920892089209,514,0.0,9999
3,11,4,520.4994,536.0,0.0,10000
3,11,5,528.2214221422142,536,0.0,9999
3,11,6,414.1728,454.0,0.0,10000
3,11,7,529.472,546.0,0.0,10000
3,11,8,449.7084,456.0,0.0,10000
3,11,9,519.0764152830566,538.0,0.0,9998
3,11,10,500.9248924892489,514,0.0,9999
3,11,11,478.9501900380076,486.0,0.0,9998
3,11,12,518.991,534.0,0.0,10000
3,11,13,505.9007900790079,538,0.0,9999
3,11,14,398.3102,402.0,0.0,10000
3,11,15,378.63506350635066,378,0.0,9999
3,11,16,522.8924,530.0,0.0,10000
3,11,17,536.8682868286828,544,0.0,9999
3,11,18,439.2166,442.0,0.0,10000
3,11,19,518.2586,526.0,0.0,10000
3,11,20,455.7364,466.0,0.0,10000
3,11,21,541.1897189718972,550,0.0,9999
3,11,22,534.188,546.0,0.0,10000
3,11,23,516.6164616461646,528,0.0,9999
3,11,24,536.2240448089618,546.0,0.0,9998
3,11,25,375.72794558911784,380.0,0.0,9998
3,11,26,546.4832483248325,554,0.0,9999
3,11,27,512.3368,522.0,0.0,10000
3,11,28,543.7977797779778,552,0.0,9999
3,11,29,497.235,514.0,0.0,10000
3,11,30,525.6824,532.0,0.0,10000
3,11,31,434.7422,444.0,0.0,10000
3,11,32,521.3046,538.0,0.0,10000
3,11,33,518.978497849785,524,0.0,9999
3,11,34,529.1017101710171,538,0.0,9999
3,11,35,455.7442,462.0,0.0,10000
3,11,36,533.5979597959796,544,0.0,9999
3,11,37,531.0628,540.0,0.0,10000
3,11,38,365.0612,368.0,0.0,10000
3,11,39,378.6502,376.0,0.0,10000
3,11,40,518.8334833483349,530,0.0,9999
3,11,41,515.5547554755476,524,0.0,9999
3,11,42,450.1962196219622,464,0.0,9999
3,11,43,531.25125025005,540.0,0.0,9998
3,11,44,453.449,462.0,0.0,10000
3,11,45,420.1866,424.0,0.0,10000
3,11,46,520.3100310031003,530,0.0,9999
3,11,47,518.817,530.0,0.0,10000
3,11,48,436.874374874975,440.0,0.0,9998
3,11,49,498.4188,506.0,0.0,10000
3,11,50,521.9096,536.0,0.0,10000
3,11,51,517.5462638791638,530,0.0,9997
3,11,52,499.206,514.0,0.0,10000
3,11,53,460.7754,464.0,0.0,10000
3,11,54,465.97899789979,466,0.0,9999
3,11,55,533.5344,540.0,0.0,10000
3,11,56,457.3522,456.0,0.0,10000
3,11,57,530.6654665466547,552,0.0,9999
3,11,58,556.2922292229223,550,0.0,9999
3,11,59,528.6112,536.0,0.0,10000
3,11,60,530.6134613461346,546,0.0,9999
3,11,61,545.5731573157316,546,0.0,9999
3,11,62,521.5928,530.0,0.0,10000
3,11,63,527.236,540.0,0.0,10000
3,11,64,516.9420942094209,522,0.0,9999
3,11,65,523.2616,532.0,0.0,10000
3,11,66,438.329,440.0,0.0,10000
3,11,67,523.8507850785079,532,0.0,9999
3,11,68,436.1662,436.0,0.0,10000
3,11,69,534.5258,552.0,0.0,10000
3,11,70,505.7712,508.0,0.0,10000
3,11,71,530.4782,534.0,0.0,10000
3,11,72,504.1916,510.0,0.0,10000
3,11,73,431.6718,444.0,0.0,10000
3,11,74,456.49269853970793,460.0,0.0,9998
3,11,75,448.564,454.0,0.0,10000
3,11,76,526.4038807761552,536.0,0.0,9998
3,11,77,526.3086,532.0,0.0,10000
3,11,78,376.7642,380.0,0.0,10000
3,11,79,529.2323232323232,536,0.0,9999
3,11,80,511.6801680168017,532,0.0,9999
3,11,81,364.868973794759,364.0,0.0,9998
3,11,82,536.4382438243824,546,0.0,9999
3,11,83,521.6188,532.0,0.0,10000
3,11,84,510.2816,518.0,0.0,10000
3,11,85,513.5754,524.0,0.0,10000
3,11,86,517.3733373337334,526,0.0,9999
3,11,87,447.15071507150714,460,0.0,9999
3,11,88,512.5204520452045,518,0.0,9999
3,11,89,501.214,510.0,0.0,10000
3,11,90,531.975397539754,542,0.0,9999
3,11,91,516.4681404421326,524,0.0,9997
3,11,92,519.1825182518252,528,0.0,9999
3,11,93,524.1092,536.0,0.0,10000
3,11,94,502.23082308230823,518,0.0,9999
3,11,95,539.7432,542.0,0.0,10000
3,11,96,461.5266,464.0,0.0,10000
3,11,97,439.3556,444.0,0.0,10000
3,11,98,536.018,542.0,0.0,10000
3,11,99,519.1242,528.0,0.0,10000
3,12,0,500.5486,510.0,0.0,10000
3,12,1,510.416,518.0,0.0,10000
3,12,2,441.2993299329933,438,0.0,9999
3,12,3,523.6614,534.0,0.0,10000
3,12,4,513.2501250125013,526,0.0,9999
3,12,5,500.1342,510.0,0.0,10000
3,12,6,432.6458,492.0,0.0,10000
3,12,7,446.3086,454.0,0.0,10000
3,12,8,439.4526,440.0,0.0,10000
3,12,9,451.16731673167317,456,0.0,9999
3,12,10,507.911,516.0,0.0,10000
3,12,11,487.4049404940494,496,0.0,9999
3,12,12,506.1806180618062,514,0.0,9999
3,12,13,480.7987597519504,508.0,0.0,9998
3,12,14,500.50525052505253,514,0.0,9999
3,12,15,511.8915891589159,518,0.0,9999
3,12,16,478.02800560112024,500.0,0.0,9998
3,12,17,501.686,508.0,0.0,10000
3,12,18,505.9249924992499,516,0.0,9999
3,12,19,434.07660766076606,440,0.0,9999
3,12,20,504.6102610261026,530,0.0,9999
3,12,21,432.3798,436.0,0.0,10000
3,12,22,494.31383138313834,520,0.0,9999
3,12,23,522.986,530.0,0.0,10000
3,12,24,489.1358,498.0,0.0,10000
3,12,25,500.948,512.0,0.0,10000
3,12,26,511.4399439943994,518,0.0,9999
3,12,27,510.9594,514.0,0.0,10000
3,12,28,441.37473747374736,446,0.0,9999
3,12,29,504.8676867686769,510,0.0,9999
3,12,30,513.2937293729373,522,0.0,9999
3,12,31,424.0982,434.0,0.0,10000
3,12,32,526.1188118811881,532,0.0,9999
3,12,33,491.63736373637363,496,0.0,9999
3,12,34,498.6242,508.0,0.0,10000
3,12,35,534.7012,538.0,0.0,10000
3,12,36,505.23452345234523,522,0.0,9999
3,12,37,418.83648364836483,424,0.0,9999
3,12,38,530.3994399439944,536,0.0,9999
3,12,39,497.0426085217043,506.0,0.0,9998
3,12,40,518.2982,528.0,0.0,10000
3,12,41,538.906,538.0,0.0,10000
3,12,42,438.01560156015603,440,0.0,9999
3,12,43,445.4016,456.0,0.0,10000
3,12,44,370.8482,372.0,0.0,10000
3,12,45,512.0656065606561,524,0.0,9999
3,12,46,504.8926,510.0,0.0,10000
3,12,47,417.9257925792579,424,0.0,9999
3,12,48,433.51655165516553,436,0.0,9999
3,12,49,508.9852,518.0,0.0,10000
3,12,50,509.3967396739674,516,0.0,9999
3,12,51,512.5886,518.0,0.0,10000
3,12,52,415.1838,414.0,0.0,10000
3,12,53,507.0447044704471,512,0.0,9999
3,12,54,512.2332,518.0,0.0,10000
3,12,55,495.3248,502.0,0.0,10000
3,12,56,433.17291729172916,436,0.0,9999
3,12,57,418.6732,420.0,0.0,10000
3,12,58,509.0612,514.0,0.0,10000
3,12,59,417.4735473547355,424,0.0,9999
3,12,60,430.4010802160432,438.0,0.0,9998
3,12,61,514.108,518.0,0.0,10000
3,12,62,516.5682,520.0,0.0,10000
3,12,63,484.5006,494.0,0.0,10000
3,12,64,495.3346,504.0,0.0,10000
3,12,65,501.8888,516.0,0.0,10000
3,12,66,492.4398,496.0,0.0,10000
3,12,67,510.839,512.0,0.0,10000
3,12,68,510.45164516451644,518,0.0,9999
3,12,69,343.961796179618,352,0.0,9999
3,12,70,501.6934,510.0,0.0,10000
3,12,71,439.4422,444.0,0.0,10000
3,12,72,437.07270727072705,438,0.0,9999
3,12,73,424.9504,428.0,0.0,10000
3,12,74,494.4644,502.0,0.0,10000
3,12,75,490.42064206420645,498,0.0,9999
3,12,76,497.26112611261124,512,0.0,9999
3,12,77,505.376,516.0,0.0,10000
3,12,78,498.1746,510.0,0.0,10000
3,12,79,482.5168,492.0,0.0,10000
3,12,80,367.2619261926193,370,0.0,9999
3,12,81,521.8241824182418,536,0.0,9999
3,12,82,465.08230823082306,478,0.0,9999
3,12,83,494.6674,508.0,0.0,10000
3,12,84,439.5328,440.0,0.0,10000
3,12,85,487.0016,494.0,0.0,10000
3,12,86,509.07370737073705,518,0.0,9999
3,12,87,515.3237323732374,522,0.0,9999
3,12,88,410.9654,418.0,0.0,10000
3,12,89,434.819,428.0,0.0,10000
3,12,90,435.1878,438.0,0.0,10000
3,12,91,505.7579757975798,520,0.0,9999
3,12,92,499.8885888588859,508,0.0,9999
3,12,93,359.44168833766753,360.0,0.0,9998
3,12,94,513.1534,528.0,0.0,10000
3,12,95,443.6117611761176,448,0.0,9999
3,12,96,486.2694269426943,498,0.0,9999
3,12,97,484.8818881888189,494,0.0,9999
3,12,98,439.4468,444.0,0.0,10000
3,12,99,420.96899379875975,426.0,0.0,9998
3,13,0,501.7968,510.0,0.0,10000
3,13,1,447.1049104910491,452,0.0,9999
3,13,2,435.8103620724145,438.0,0.0,9998
3,13,3,434.6346,438.0,0.0,10000
3,13,4,499.68473694738947,508.0,0.0,9998
3,13,5,519.657,526.0,0.0,10000
3,13,6,446.2968,518.0,0.0,10000
3,13,7,424.0486,426.0,0.0,10000
3,13,8,528.3224,534.0,0.0,10000
3,13,9,514.286,522.0,0.0,10000
3,13,10,440.9938,444.0,0.0,10000
3,13,11,504.6944694469447,514,0.0,9999
3,13,12,441.57115711571157,446,0.0,9999
3,13,13,495.28365673134624,522.0,0.0,9998
3,13,14,512.7782778277827,520,0.0,9999
3,13,15,500.969,510.0,0.0,10000
3,13,16,503.30713071307133,516,0.0,9999
3,13,17,433.95799579958,442,0.0,9999
3,13,18,425.3087308730873,426,0.0,9999
3,13,19,501.3751375137514,508,0.0,9999
3,13,20,494.0708,502.0,0.0,10000
3,13,21,484.358,492.0,0.0,10000
3,13,22,498.0308,506.0,0.0,10000
3,13,23,509.5386,522.0,0.0,10000
3,13,24,487.8856,502.0,0.0,10000
3,13,25,433.4476,436.0,0.0,10000
3,13,26,437.98419841984196,444,0.0,9999
3,13,27,509.7658,524.0,0.0,10000
3,13,28,443.4464,450.0,0.0,10000
3,13,29,488.554966489947,500,0.0,9997
3,13,30,527.1248,530.0,0.0,10000
3,13,31,426.3746,428.0,0.0,10000
3,13,32,355.5216,358.0,0.0,10000
3,13,33,436.4386,444.0,0.0,10000
3,13,34,445.8218,450.0,0.0,10000
3,13,35,521.282,528.0,0.0,10000
3,13,36,497.6864,500.0,0.0,10000
3,13,37,430.3556,436.0,0.0,10000
3,13,38,499.1862,504.0,0.0,10000
3,13,39,516.1600160016002,526,0.0,9999
3,13,40,414.01660332066416,424.0,0.0,9998
3,13,41,438.09481896379276,442.0,0.0,9998
3,13,42,512.1056,516.0,0.0,10000
3,13,43,521.7799559911982,532.0,0.0,9998
3,13,44,514.1018,524.0,0.0,10000
3,13,45,500.2322232223222,508,0.0,9999
3,13,46,531.1048209641929,538.0,0.0,9998
3,13,47,452.29425885177034,458.0,0.0,9998
3,13,48,495.6402,502.0,0.0,10000
3,13,49,517.067,524.0,0.0,10000
3,13,50,489.8685868586859,500,0.0,9999
3,13,51,425.3665466186475,430.0,0.0,9996
3,13,52,428.35723572357233,432,0.0,9999
3,13,53,495.4599459945995,498,0.0,9999
3,13,54,486.65366536653664,496,0.0,9999
3,13,55,523.0488,532.0,0.0,10000
3,13,56,525.421,530.0,0.0,10000
3,13,57,439.58515851585156,444,0.0,9999
3,13,58,511.5879587958796,520,0.0,9999
3,13,59,511.3714,520.0,0.0,10000
3,13,60,523.6447644764477,534,0.0,9999
3,13,61,439.2135213521352,438,0.0,9999
3,13,62,491.534,500.0,0.0,10000
3,13,63,512.9010901090109,522,0.0,9999
3,13,64,512.964,526.0,0.0,10000
3,13,65,433.488,432.0,0.0,10000
3,13,66,433.0332,442.0,0.0,10000
3,13,67,490.3392339233923,498,0.0,9999
3,13,68,491.1997199719972,502,0.0,9999
3,13,69,503.2179653896169,508,0.0,9997
3,13,70,498.64126412641264,506,0.0,9999
3,13,71,511.36433643364336,516,0.0,9999
3,13,72,452.84888488848884,456,0.0,9999
3,13,73,498.14662932586515,500.0,0.0,9998
3,13,74,440.35263526352634,448,0.0,9999
3,13,75,505.37293729372936,520,0.0,9999
3,13,76,488.933,498.0,0.0,10000
3,13,77,425.8424,430.0,0.0,10000
3,13,78,509.2639263926393,520,0.0,9999
3,13,79,440.6016,442.0,0.0,10000
3,13,80,512.2726545309062,520.0,0.0,9998
3,13,81,353.0724144828966,352.0,0.0,9998
3,13,82,497.0496,506.0,0.0,10000
3,13,83,509.8561856185619,516,0.0,9999
3,13,84,418.8858,424.0,0.0,10000
3,13,85,513.8717871787179,516,0.0,9999
3,13,86,509.4814,514.0,0.0,10000
3,13,87,482.22802280228024,492,0.0,9999
3,13,88,428.12,434.0,0.0,10000
3,13,89,329.4353435343534,336,0.0,9999
3,13,90,501.4381438143814,508,0.0,9999
3,13,91,432.3194,438.0,0.0,10000
3,13,92,363.95779577957796,368,0.0,9999
3,13,93,532.2612261226122,552,0.0,9999
3,13,94,355.47029405881176,352.0,0.0,9998
3,13,95,509.7426,514.0,0.0,10000
3,13,96,507.9866,512.0,0.0,10000
3,13,97,447.9383876775355,454.0,0.0,9998
3,13,98,494.1196,508.0,0.0,10000
3,13,99,508.6238,518.0,0.0,10000
3,14,0,513.2743274327432,518,0.0,9999
3,14,1,514.5434,524.0,0.0,10000
3,14,2,495.36513651365135,502,0.0,9999
3,14,3,441.29125825165033,442.0,0.0,9998
3,14,4,423.7143714371437,430,0.0,9999
3,14,5,517.4513451345134,526,0.0,9999
3,14,6,431.24324864972994,500.0,0.0,9998
3,14,7,504.33463346334634,512,0.0,9999
3,14,8,492.17681768176817,500,0.0,9999
3,14,9,507.92539253925395,522,0.0,9999
3,14,10,429.6684,434.0,0.0,10000
3,14,11,502.2598259825983,506,0.0,9999
3,14,12,517.7663532706541,526.0,0.0,9998
3,14,13,493.791,514.0,0.0,10000
3,14,14,440.1276,442.0,0.0,10000
3,14,15,497.1338267653531,502.0,0.0,9998
3,14,16,508.1428142814281,510,0.0,9999
3,14,17,359.64,352.0,0.0,10000
3,14,18,504.3924,518.0,0.0,10000
3,14,19,490.9018,502.0,0.0,10000
3,14,20,495.34373437343737,502,0.0,9999
3,14,21,444.21382138213824,452,0.0,9999
3,14,22,493.2875287528753,508,0.0,9999
3,14,23,502.4396,510.0,0.0,10000
3,14,24,504.8328,512.0,0.0,10000
3,14,25,448.5276,450.0,0.0,10000
3,14,26,442.1946,442.0,0.0,10000
3,14,27,503.6907690769077,504,0.0,9999
3,14,28,428.9134,436.0,0.0,10000
3,14,29,502.1116,514.0,0.0,10000
3,14,30,514.306,524.0,0.0,10000
3,14,31,498.895,504.0,0.0,10000
3,14,32,511.4854,522.0,0.0,10000
3,14,33,522.3368,532.0,0.0,10000
3,14,34,490.06700670067005,492,0.0,9999
3,14,35,528.0880088008801,536,0.0,9999
3,14,36,428.5916591659166,434,0.0,9999
3,14,37,510.2502,520.0,0.0,10000
3,14,38,431.423,436.0,0.0,10000
3,14,39,497.55455545554554,506,0.0,9999
3,14,40,361.0694,368.0,0.0,10000
3,14,41,494.7639527905581,502.0,0.0,9998
3,14,42,438.2124,442.0,0.0,10000
3,14,43,519.0882176435287,522.0,0.0,9998
3,14,44,478.5948594859486,486,0.0,9999
3,14,45,486.6036,492.0,0.0,10000
3,14,46,521.1198,526.0,0.0,10000
3,14,47,419.7538,426.0,0.0,10000
3,14,48,497.1789178917892,510,0.0,9999
3,14,49,508.4236423642364,518,0.0,9999
3,14,50,421.7551755175518,426,0.0,9999
3,14,51,431.16971697169714,432,0.0,9999
3,14,52,429.3811381138114,436,0.0,9999
3,14,53,432.312,438.0,0.0,10000
3,14,54,419.509,424.0,0.0,10000
3,14,55,422.6216621662166,426,0.0,9999
3,14,56,428.19123824764955,432.0,0.0,9998
3,14,57,513.053705370537,524,0.0,9999
3,14,58,503.3941394139414,506,0.0,9999
3,14,59,517.7457745774577,532,0.0,9999
3,14,60,490.7802780278028,500,0.0,9999
3,14,61,427.901,432.0,0.0,10000
3,14,62,438.4000400040004,448,0.0,9999
3,14,63,512.758,520.0,0.0,10000
3,14,64,520.3192319231923,532,0.0,9999
3,14,65,424.1752,430.0,0.0,10000
3,14,66,515.4219421942195,512,0.0,9999
3,14,67,440.4794,444.0,0.0,10000
3,14,68,489.44694469446944,498,0.0,9999
3,14,69,491.549,496.0,0.0,10000
3,14,70,507.3934,516.0,0.0,10000
3,14,71,496.014201420142,506,0.0,9999
3,14,72,446.07740774077405,440,0.0,9999
3,14,73,509.9672,516.0,0.0,10000
3,14,74,527.0148,538.0,0.0,10000
3,14,75,510.9428942894289,520,0.0,9999
3,14,76,407.5318,412.0,0.0,10000
3,14,77,505.12831283128315,512,0.0,9999
3,14,78,480.994899489949,492,0.0,9999
3,14,79,397.0976,400.0,0.0,10000
3,14,80,421.5518,422.0,0.0,10000
3,14,81,510.4238,528.0,0.0,10000
3,14,82,435.6834,444.0,0.0,10000
3,14,83,429.1845184518452,434,0.0,9999
3,14,84,423.48414841484146,432,0.0,9999
3,14,85,529.0294,534.0,0.0,10000
3,14,86,512.2748,520.0,0.0,10000
3,14,87,533.8034,536.0,0.0,10000
3,14,88,503.8436,510.0,0.0,10000
3,14,89,501.03090309030904,514,0.0,9999
3,14,90,505.80618061806183,508,0.0,9999
3,14,91,516.488,524.0,0.0,10000
3,14,92,504.27182718271825,506,0.0,9999
3,14,93,512.699,518.0,0.0,10000
3,14,94,507.73197319731975,516,0.0,9999
3,14,95,478.8442,492.0,0.0,10000
3,14,96,506.0656065606561,516,0.0,9999
3,14,97,424.3778377837784,430,0.0,9999
3,14,98,509.3298,526.0,0.0,10000
3,14,99,525.2642,530.0,0.0,10000
3,15,0,480.0586,484.0,0.0,10000
3,15,1,486.1338,496.0,0.0,10000
3,15,2,490.289,500.0,0.0,10000
3,15,3,499.5059505950595,502,0.0,9999
3,15,4,489.1857185718572,504,0.0,9999
3,15,5,477.7972,488.0,0.0,10000
3,15,6,390.0250050010002,417.0,0.0,9998
3,15,7,509.53295329532955,516,0.0,9999
3,15,8,429.7779555911182,432.0,0.0,9998
3,15,9,510.76347634763476,512,0.0,9999
3,15,10,486.2008200820082,504,0.0,9999
3,15,11,493.7801780178018,502,0.0,9999
3,15,12,504.21182118211823,514,0.0,9999
3,15,13,402.8422,416.0,0.0,10000
3,15,14,424.2646,432.0,0.0,10000
3,15,15,473.2146,482.0,0.0,10000
3,15,16,501.3274,506.0,0.0,10000
3,15,17,354.5496,352.0,0.0,10000
3,15,18,498.9006,506.0,0.0,10000
3,15,19,434.9594,432.0,0.0,10000
3,15,20,416.2314231423142,418,0.0,9999
3,15,21,437.3432,436.0,0.0,10000
3,15,22,481.37953795379536,490,0.0,9999
3,15,23,504.9444,514.0,0.0,10000
3,15,24,465.5286,480.0,0.0,10000
3,15,25,492.4810481048105,506,0.0,9999
3,15,26,472.2964296429643,472,0.0,9999
3,15,27,490.52225222522253,502,0.0,9999
3,15,28,474.001,482.0,0.0,10000
3,15,29,401.12711271127114,410,0.0,9999
3,15,30,402.63766376637665,404,0.0,9999
3,15,31,410.5764,410.0,0.0,10000
3,15,32,473.84598459845984,478,0.0,9999
3,15,33,438.8774,446.0,0.0,10000
3,15,34,493.6754,494.0,0.0,10000
3,15,35,409.281,416.0,0.0,10000
3,15,36,487.4358,492.0,0.0,10000
3,15,37,421.1335133513351,430,0.0,9999
3,15,38,418.020202020202,424,0.0,9999
3,15,39,494.4514,506.0,0.0,10000
3,15,40,455.9077907790779,460,0.0,9999
3,15,41,472.26302630263024,482,0.0,9999
3,15,42,419.7754,420.0,0.0,10000
3,15,43,488.4422,492.0,0.0,10000
3,15,44,496.5916,508.0,0.0,10000
3,15,45,421.009,422.0,0.0,10000
3,15,46,497.3026,504.0,0.0,10000
3,15,47,477.3602,482.0,0.0,10000
3,15,48,418.1826,424.0,0.0,10000
3,15,49,465.1372,474.0,0.0,10000
3,15,50,479.0204,486.0,0.0,10000
3,15,51,421.23412341234126,426,0.0,9999
3,15,52,420.1142114211421,424,0.0,9999
3,15,53,503.6088,506.0,0.0,10000
3,15,54,492.9096,510.0,0.0,10000
3,15,55,482.0514051405141,492,0.0,9999
3,15,56,427.2768,430.0,0.0,10000
3,15,57,417.1275127512751,418,0.0,9999
3,15,58,472.5336,474.0,0.0,10000
3,15,59,401.74277427742777,406,0.0,9999
3,15,60,489.6748,496.0,0.0,10000
3,15,61,496.0562056205621,500,0.0,9999
3,15,62,486.216,496.0,0.0,10000
3,15,63,406.8358,408.0,0.0,10000
3,15,64,474.9398,486.0,0.0,10000
3,15,65,481.3306,490.0,0.0,10000
3,15,66,478.7382738273827,486,0.0,9999
3,15,67,496.93589358935895,504,0.0,9999
3,15,68,477.1922,482.0,0.0,10000
3,15,69,476.3074307430743,488,0.0,9999
3,15,70,494.5782,500.0,0.0,10000
3,15,71,464.7464,470.0,0.0,10000
3,15,72,488.82116423284657,498.0,0.0,9998
3,15,73,419.055305530553,416,0.0,9999
3,15,74,412.0004,408.0,0.0,10000
3,15,75,462.1108,474.0,0.0,10000
3,15,76,471.951,478.0,0.0,10000
3,15,77,490.876,494.0,0.0,10000
3,15,78,491.5558,498.0,0.0,10000
3,15,79,482.1646,490.0,0.0,10000
3,15,80,424.18383676735345,432.0,0.0,9998
3,15,81,484.0858,490.0,0.0,10000
3,15,82,479.5382,490.0,0.0,10000
3,15,83,488.52225222522253,492,0.0,9999
3,15,84,411.941,412.0,0.0,10000
3,15,85,410.5522,416.0,0.0,10000
3,15,86,413.8758,414.0,0.0,10000
3,15,87,427.424,430.0,0.0,10000
3,15,88,393.7693769376938,398,0.0,9999
3,15,89,508.4998499849985,518,0.0,9999
3,15,90,494.9536,494.0,0.0,10000
3,15,91,452.6997399479896,466.0,0.0,9998
3,15,92,479.8136,488.0,0.0,10000
3,15,93,463.0616,472.0,0.0,10000
3,15,94,493.344,502.0,0.0,10000
3,15,95,420.65873174634925,422.0,0.0,9998
3,15,96,521.7503750375038,518,0.0,9999
3,15,97,499.975397539754,516,0.0,9999
3,15,98,509.5854,514.0,0.0,10000
3,15,99,428.8226,440.0,0.0,10000
3,16,0,409.7042,420.0,0.0,10000
3,16,1,481.68336833683367,492,0.0,9999
3,16,2,494.661,502.0,0.0,10000
3,16,3,499.1476,502.0,0.0,10000
3,16,4,479.2452,484.0,0.0,10000
3,16,5,497.5602,504.0,0.0,10000
3,16,6,380.24082408240827,404,0.0,9999
3,16,7,482.4586,486.0,0.0,10000
3,16,8,517.5531553155315,518,0.0,9999
3,16,9,479.0194,486.0,0.0,10000
3,16,10,489.924,494.0,0.0,10000
3,16,11,416.2228445689138,418.0,0.0,9998
3,16,12,502.0802,510.0,0.0,10000
3,16,13,461.34426885377076,506.0,0.0,9998
3,16,14,496.9098909890989,502,0.0,9999
3,16,15,486.7382738273827,494,0.0,9999
3,16,16,477.489,476.0,0.0,10000
3,16,17,483.4108,490.0,0.0,10000
3,16,18,479.0538,492.0,0.0,10000
3,16,19,413.04410441044104,420,0.0,9999
3,16,20,420.62246224622464,424,0.0,9999
3,16,21,468.9878,480.0,0.0,10000
3,16,22,475.74537453745376,490,0.0,9999
3,16,23,489.9504,502.0,0.0,10000
3,16,24,334.0404,334.0,0.0,10000
3,16,25,417.4372,424.0,0.0,10000
3,16,26,431.38993899389936,432,0.0,9999
3,16,27,482.753,490.0,0.0,10000
3,16,28,496.3908390839084,502,0.0,9999
3,16,29,487.5704,500.0,0.0,10000
3,16,30,481.8099619923985,488.0,0.0,9998
3,16,31,493.23372337233724,496,0.0,9999
3,16,32,410.5836583658366,416,0.0,9999
3,16,33,490.1936193619362,498,0.0,9999
3,16,34,472.587,482.0,0.0,10000
3,16,35,483.4762,490.0,0.0,10000
3,16,36,415.3702,416.0,0.0,10000
3,16,37,473.7906,474.0,0.0,10000
3,16,38,490.8419683936787,498.0,0.0,9998
3,16,39,479.8043804380438,486,0.0,9999
3,16,40,498.074,506.0,0.0,10000
3,16,41,488.7006,500.0,0.0,10000
3,16,42,416.975297529753,420,0.0,9999
3,16,43,408.84508450845084,412,0.0,9999
3,16,44,328.2118,326.0,0.0,10000
3,16,45,492.4168,504.0,0.0,10000
3,16,46,329.47654765476545,330,0.0,9999
3,16,47,471.7021702170217,478,0.0,9999
3,16,48,481.7208,488.0,0.0,10000
3,16,49,398.3962,406.0,0.0,10000
3,16,50,466.8142,476.0,0.0,10000
3,16,51,476.84428442844285,484,0.0,9999
3,16,52,506.5834,510.0,0.0,10000
3,16,53,470.0998199639928,478.0,0.0,9998
3,16,54,405.4948,406.0,0.0,10000
3,16,55,420.98149814981497,424,0.0,9999
3,16,56,416.0204,418.0,0.0,10000
3,16,57,472.3902,480.0,0.0,10000
3,16,58,482.0552,494.0,0.0,10000
3,16,59,482.271,490.0,0.0,10000
3,16,60,414.6998,414.0,0.0,10000
3,16,61,478.85508550855087,486,0.0,9999
3,16,62,483.92138427685535,484.0,0.0,9998
3,16,63,502.4686,506.0,0.0,10000
3,16,64,478.5292,482.0,0.0,10000
3,16,65,492.05760576057605,500,0.0,9999
3,16,66,481.5097019403881,484.0,0.0,9998
3,16,67,504.3124312431243,512,0.0,9999
3,16,68,469.7012,478.0,0.0,10000
3,16,69,415.319,424.0,0.0,10000
3,16,70,423.06690669066904,428,0.0,9999
3,16,71,470.1074,482.0,0.0,10000
3,16,72,494.3482696539308,498.0,0.0,9998
3,16,73,484.4062,492.0,0.0,10000
3,16,74,491.0322,496.0,0.0,10000
3,16,75,472.7854,482.0,0.0,10000
3,16,76,414.7138,422.0,0.0,10000
3,16,77,336.2212,336.0,0.0,10000
3,16,78,497.4362872574515,506.0,0.0,9998
3,16,79,348.65406540654067,348,0.0,9999
3,16,80,476.6834683468347,480,0.0,9999
3,16,81,427.1390278055611,430.0,0.0,9998
3,16,82,478.6388,496.0,0.0,10000
3,16,83,485.28152815281527,494,0.0,9999
3,16,84,343.8504,346.0,0.0,10000
3,16,85,482.5212,494.0,0.0,10000
3,16,86,498.43124312431246,508,0.0,9999
3,16,87,500.3102310231023,510,0.0,9999
3,16,88,475.2382,482.0,0.0,10000
3,16,89,487.7901790179018,494,0.0,9999
3,16,90,490.2854,496.0,0.0,10000
3,16,91,411.2018,420.0,0.0,10000
3,16,92,395.4817481748175,394,0.0,9999
3,16,93,500.2130213021302,504,0.0,9999
3,16,94,327.6459291858372,326.0,0.0,9998
3,16,95,467.9298,472.0,0.0,10000
3,16,96,481.2682,500.0,0.0,10000
3,16,97,501.3984,504.0,0.0,10000
3,16,98,417.0523052305231,426,0.0,9999
3,16,99,490.8082808280828,498,0.0,9999
3,17,0,480.1920192019202,486,0.0,9999
3,17,1,439.653,438.0,0.0,10000
3,17,2,349.259,350.0,0.0,10000
3,17,3,489.6696,490.0,0.0,10000
3,17,4,505.8204,516.0,0.0,10000
3,17,5,402.51665166516653,410,0.0,9999
3,17,6,430.5264526452645,502,0.0,9999
3,17,7,396.0734,402.0,0.0,10000
3,17,8,397.1082,398.0,0.0,10000
3,17,9,411.0074,410.0,0.0,10000
3,17,10,420.706,427.0,0.0,10000
3,17,11,493.34373437343737,498,0.0,9999
3,17,12,348.373074614923,352.0,0.0,9998
3,17,13,460.24162416241626,478,0.0,9999
3,17,14,495.04410441044104,498,0.0,9999
3,17,15,407.099,412.0,0.0,10000
3,17,16,501.1324,502.0,0.0,10000
3,17,17,482.593,498.0,0.0,10000
3,17,18,419.707,428.0,0.0,10000
3,17,19,492.9216,496.0,0.0,10000
3,17,20,494.2504250425043,498,0.0,9999
3,17,21,409.248,412.0,0.0,10000
3,17,22,487.1754,496.0,0.0,10000
3,17,23,485.6124,488.0,0.0,10000
3,17,24,481.5917591759176,490,0.0,9999
3,17,25,415.671,426.0,0.0,10000
3,17,26,331.209,336.0,0.0,10000
3,17,27,411.3024,414.0,0.0,10000
3,17,28,494.7728,498.0,0.0,10000
3,17,29,471.47574757475746,480,0.0,9999
3,17,30,417.4905490549055,422,0.0,9999
3,17,31,483.6398,492.0,0.0,10000
3,17,32,498.65946594659465,504,0.0,9999
3,17,33,275.5842,272.0,0.0,10000
3,17,34,480.36043604360435,482,0.0,9999
3,17,35,496.419,502.0,0.0,10000
3,17,36,426.67566756675666,430,0.0,9999
3,17,37,494.5108,498.0,0.0,10000
3,17,38,479.028702870287,490,0.0,9999
3,17,39,423.8122,430.0,0.0,10000
3,17,40,491.5798,492.0,0.0,10000
3,17,41,483.038,490.0,0.0,10000
3,17,42,500.6437287457492,504.0,0.0,9998
3,17,43,407.523,412.0,0.0,10000
3,17,44,489.24372437243727,498,0.0,9999
3,17,45,482.2542,490.0,0.0,10000
3,17,46,484.6734,494.0,0.0,10000
3,17,47,498.8304830483048,506,0.0,9999
3,17,48,413.788,418.0,0.0,10000
3,17,49,405.6828,406.0,0.0,10000
3,17,50,397.9376,398.0,0.0,10000
3,17,51,498.468,504.0,0.0,10000
3,17,52,483.8897889788979,496,0.0,9999
3,17,53,412.45504550455047,414,0.0,9999
3,17,54,490.3074,494.0,0.0,10000
3,17,55,490.4556,500.0,0.0,10000
3,17,56,494.9703940788158,506.0,0.0,9998
3,17,57,505.6744,516.0,0.0,10000
3,17,58,497.7017701770177,502,0.0,9999
3,17,59,506.7934,508.0,0.0,10000
3,17,60,466.95009500950096,472,0.0,9999
3,17,61,426.789,434.0,0.0,10000
3,17,62,504.902,510.0,0.0,10000
3,17,63,342.312,346.0,0.0,10000
3,17,64,491.262,496.0,0.0,10000
3,17,65,477.2007200720072,486,0.0,9999
3,17,66,475.95499549954997,476,0.0,9999
3,17,67,416.5584,420.0,0.0,10000
3,17,68,487.5634,492.0,0.0,10000
3,17,69,475.4736,482.0,0.0,10000
3,17,70,494.35023502350236,496,0.0,9999
3,17,71,483.32053205320534,492,0.0,9999
3,17,72,489.26685337067414,498.0,0.0,9998
3,17,73,478.9066,484.0,0.0,10000
3,17,74,363.6716,370.0,0.0,10000
3,17,75,412.5666,416.0,0.0,10000
3,17,76,466.894,472.0,0.0,10000
3,17,77,473.5089508950895,480,0.0,9999
3,17,78,428.1636,428.0,0.0,10000
3,17,79,486.0744074407441,502,0.0,9999
3,17,80,422.4404,426.0,0.0,10000
3,17,81,475.3840768153631,486.0,0.0,9998
3,17,82,406.1322132213221,398,0.0,9999
3,17,83,491.1078,504.0,0.0,10000
3,17,84,414.958095809581,418,0.0,9999
3,17,85,493.45454545454544,500,0.0,9999
3,17,86,505.98399839984,518,0.0,9999
3,17,87,489.3513351335134,490,0.0,9999
3,17,88,481.3731373137314,488,0.0,9999
3,17,89,487.042904290429,490,0.0,9999
3,17,90,478.7234,484.0,0.0,10000
3,17,91,478.5216,482.0,0.0,10000
3,17,92,477.037103710371,480,0.0,9999
3,17,93,357.8264,348.0,0.0,10000
3,17,94,518.4172417241724,516,0.0,9999
3,17,95,478.4178,488.0,0.0,10000
3,17,96,403.239,410.0,0.0,10000
3,17,97,480.287,488.0,0.0,10000
3,17,98,334.85828582858284,340,0.0,9999
3,17,99,495.8826,508.0,0.0,10000
3,18,0,475.8824,484.0,0.0,10000
3,18,1,492.2412482496499,492.0,0.0,9998
3,18,2,344.222,346.0,0.0,10000
3,18,3,477.9207920792079,482,0.0,9999
3,18,4,461.4528,466.0,0.0,10000
3,18,5,406.1274,408.0,0.0,10000
3,18,6,432.2921753051831,490.0,0.0,9994
3,18,7,397.846,402.0,0.0,10000
3,18,8,479.016501650165,490,0.0,9999
3,18,9,481.97559755975595,494,0.0,9999
3,18,10,400.8906,408.0,0.0,10000
3,18,11,470.5040504050405,482,0.0,9999
3,18,12,468.346,478.0,0.0,10000
3,18,13,454.04720472047205,468,0.0,9999
3,18,14,478.9064,480.0,0.0,10000
3,18,15,484.5894,490.0,0.0,10000
3,18,16,392.8930893089309,394,0.0,9999
3,18,17,486.0398,494.0,0.0,10000
3,18,18,470.1178117811781,488,0.0,9999
3,18,19,402.47289457891577,404.0,0.0,9998
3,18,20,468.2318,478.0,0.0,10000
3,18,21,479.6482,480.0,0.0,10000
3,18,22,460.8522852285229,466,0.0,9999
3,18,23,378.6324632463246,384,0.0,9999
3,18,24,462.5002500250025,468,0.0,9999
3,18,25,481.4516,484.0,0.0,10000
3,18,26,393.7916,398.0,0.0,10000
3,18,27,406.7008,408.0,0.0,10000
3,18,28,464.02060206020604,470,0.0,9999
3,18,29,461.2608,468.0,0.0,10000
3,18,30,327.8206,330.0,0.0,10000
3,18,31,468.4192419241924,470,0.0,9999
3,18,32,381.707,382.0,0.0,10000
3,18,33,470.013,480.0,0.0,10000
3,18,34,448.34423442344234,456,0.0,9999
3,18,35,383.7668,386.0,0.0,10000
3,18,36,407.8835883588359,408,0.0,9999
3,18,37,483.7112,492.0,0.0,10000
3,18,38,479.9093909390939,490,0.0,9999
3,18,39,483.2374,490.0,0.0,10000
3,18,40,405.15931593159314,410,0.0,9999
3,18,41,399.9828,404.0,0.0,10000
3,18,42,468.3258,482.0,0.0,10000
3,18,43,478.495,486.0,0.0,10000
3,18,44,373.4526,378.0,0.0,10000
3,18,45,468.33186637327464,470.0,0.0,9998
3,18,46,481.84278427842787,488,0.0,9999
3,18,47,458.2872,466.0,0.0,10000
3,18,48,312.364,310.0,0.0,10000
3,18,49,470.8866,478.0,0.0,10000
3,18,50,402.7566,410.0,0.0,10000
3,18,51,468.8174,470.0,0.0,10000
3,18,52,452.6882688268827,460,0.0,9999
3,18,53,325.6044,326.0,0.0,10000
3,18,54,470.38007601520303,476.0,0.0,9998
3,18,55,407.5564,410.0,0.0,10000
3,18,56,401.5017501750175,408,0.0,9999
3,18,57,387.8396,390.0,0.0,10000
3,18,58,454.999,464.0,0.0,10000
3,18,59,483.1227122712271,488,0.0,9999
3,18,60,338.4488,338.0,0.0,10000
3,18,61,490.53185318531854,496,0.0,9999
3,18,62,476.169,484.0,0.0,10000
3,18,63,474.602,480.0,0.0,10000
3,18,64,380.73667366736674,378,0.0,9999
3,18,65,454.3418,458.0,0.0,10000
3,18,66,459.794,462.0,0.0,10000
3,18,67,447.5853585358536,456,0.0,9999
3,18,68,475.7458,486.0,0.0,10000
3,18,69,483.23092309230924,490,0.0,9999
3,18,70,453.8864,460.0,0.0,10000
3,18,71,266.967496749675,266,0.0,9999
3,18,72,480.1784,482.0,0.0,10000
3,18,73,476.0426,486.0,0.0,10000
3,18,74,480.3742374237424,486,0.0,9999
3,18,75,474.0992,476.0,0.0,10000
3,18,76,444.20464092818565,456.0,0.0,9998
3,18,77,455.8867886788679,458,0.0,9999
3,18,78,462.1014101410141,466,0.0,9999
3,18,79,473.2982,480.0,0.0,10000
3,18,80,414.442,416.0,0.0,10000
3,18,81,493.7039703970397,510,0.0,9999
3,18,82,292.12801280128014,284,0.0,9999
3,18,83,452.828,458.0,0.0,10000
3,18,84,470.0606,476.0,0.0,10000
3,18,85,314.1604,314.0,0.0,10000
3,18,86,406.2644,410.0,0.0,10000
3,18,87,474.4288,476.0,0.0,10000
3,18,88,466.14562912582517,478.0,0.0,9998
3,18,89,473.254850970194,474.0,0.0,9998
3,18,90,392.56225622562255,398,0.0,9999
3,18,91,389.7054,394.0,0.0,10000
3,18,92,460.551,464.0,0.0,10000
3,18,93,449.433,458.0,0.0,10000
3,18,94,476.1762352470494,480.0,0.0,9998
3,18,95,400.6308,396.0,0.0,10000
3,18,96,409.3890778155631,410.0,0.0,9998
3,18,97,402.9216,404.0,0.0,10000
3,18,98,463.4096,468.0,0.0,10000
3,18,99,466.9522,472.0,0.0,10000
3,19,0,465.88618861886187,472,0.0,9999
3,19,1,397.1834,402.0,0.0,10000
3,19,2,448.9411882376475,458.0,0.0,9998
3,19,3,411.21472147214723,416,0.0,9999
3,19,4,472.14042808561715,484.0,0.0,9998
3,19,5,408.98529852985297,412,0.0,9999
3,19,6,357.7021404280856,380.0,0.0,9998
3,19,7,463.3364,470.0,0.0,10000
3,19,8,467.491,474.0,0.0,10000
3,19,9,466.7762,472.0,0.0,10000
3,19,10,477.2982,484.0,0.0,10000
3,19,11,464.1542,474.0,0.0,10000
3,19,12,453.585,466.0,0.0,10000
3,19,13,385.2995299529953,394,0.0,9999
3,19,14,416.8846,420.0,0.0,10000
3,19,15,459.9169833966793,468.0,0.0,9998
3,19,16,496.56925692569257,498,0.0,9999
3,19,17,400.4914,408.0,0.0,10000
3,19,18,398.03700370037006,396,0.0,9999
3,19,19,483.24692469246924,484,0.0,9999
3,19,20,412.7516,418.0,0.0,10000
3,19,21,384.27,384.0,0.0,10000
3,19,22,397.7089708970897,398,0.0,9999
3,19,23,376.6042,380.0,0.0,10000
3,19,24,407.6402,410.0,0.0,10000
3,19,25,486.0754,494.0,0.0,10000
3,19,26,396.8190819081908,396,0.0,9999
3,19,27,402.9814,400.0,0.0,10000
3,19,28,479.1098,486.0,0.0,10000
3,19,29,455.5574,464.0,0.0,10000
3,19,30,457.4032,464.0,0.0,10000
3,19,31,418.01280128012803,422,0.0,9999
3,19,32,469.11902380476096,472.0,0.0,9998
3,19,33,387.95179517951794,392,0.0,9999
3,19,34,384.6736,386.0,0.0,10000
3,19,35,462.7712,468.0,0.0,10000
3,19,36,452.9204,462.0,0.0,10000
3,19,37,477.68996899689967,486,0.0,9999
3,19,38,396.3702,402.0,0.0,10000
3,19,39,338.8335667133427,338.0,0.0,9998
3,19,40,403.3118,410.0,0.0,10000
3,19,41,395.1101110111011,398,0.0,9999
3,19,42,485.3758,482.0,0.0,10000
3,19,43,477.5501100220044,482.0,0.0,9998
3,19,44,389.8692,392.0,0.0,10000
3,19,45,386.4896,392.0,0.0,10000
3,19,46,403.59475947594757,408,0.0,9999
3,19,47,447.5384,470.0,0.0,10000
3,19,48,493.98279655931185,494.0,0.0,9998
3,19,49,391.9694,392.0,0.0,10000
3,19,50,380.5544,388.0,0.0,10000
3,19,51,463.842,466.0,0.0,10000
3,19,52,446.7064706470647,454,0.0,9999
3,19,53,385.5666,388.0,0.0,10000
3,19,54,407.2353235323532,408,0.0,9999
3,19,55,471.1088,480.0,0.0,10000
3,19,56,342.8738,340.0,0.0,10000
3,19,57,459.3822,464.0,0.0,10000
3,19,58,467.2008,474.0,0.0,10000
3,19,59,454.1382,458.0,0.0,10000
3,19,60,479.773,482.0,0.0,10000
3,19,61,387.8272,392.0,0.0,10000
3,19,62,413.25752575257525,412,0.0,9999
3,19,63,469.1217121712171,482,0.0,9999
3,19,64,454.1406,462.0,0.0,10000
3,19,65,391.001100110011,390,0.0,9999
3,19,66,471.0210042008402,478.0,0.0,9998
3,19,67,309.48434843484347,312,0.0,9999
3,19,68,452.3892,456.0,0.0,10000
3,19,69,409.211,414.0,0.0,10000
3,19,70,454.5730573057306,458,0.0,9999
3,19,71,465.0845253576073,470,0.0,9997
3,19,72,472.4970497049705,480,0.0,9999
3,19,73,380.8518,380.0,0.0,10000
3,19,74,472.9474,480.0,0.0,10000
3,19,75,298.4312,298.0,0.0,10000
3,19,76,483.2995299529953,494,0.0,9999
3,19,77,455.872174434887,460.0,0.0,9998
3,19,78,322.9302,326.0,0.0,10000
3,19,79,477.024,490.0,0.0,10000
3,19,80,470.4964496449645,478,0.0,9999
3,19,81,461.6304,466.0,0.0,10000
3,19,82,452.8938,462.0,0.0,10000
3,19,83,467.77757775777576,474,0.0,9999
3,19,84,447.1401140114011,458,0.0,9999
3,19,85,474.6098,482.0,0.0,10000
3,19,86,379.3801380138014,384,0.0,9999
3,19,87,393.6817681768177,396,0.0,9999
3,19,88,393.7256,396.0,0.0,10000
3,19,89,474.71567156715673,476,0.0,9999
3,19,90,456.4446,466.0,0.0,10000
3,19,91,462.9546,468.0,0.0,10000
3,19,92,393.0876,398.0,0.0,10000
3,19,93,460.3866,476.0,0.0,10000
3,19,94,464.45384538453845,468,0.0,9999
3,19,95,409.4797479747975,412,0.0,9999
3,19,96,316.51570314062815,316.0,0.0,9998
3,19,97,446.036,450.0,0.0,10000
3,19,98,462.6998,470.0,0.0,10000
3,19,99,482.36623662366236,486,0.0,9999
3,20,0,485.8758,492.0,0.0,10000
3,20,1,470.8368,468.0,0.0,10000
3,20,2,481.43934393439343,482,0.0,9999
3,20,3,473.8982,478.0,0.0,10000
3,20,4,392.7152,396.0,0.0,10000
3,20,5,481.9495949594959,488,0.0,9999
3,20,6,372.6424,400.0,0.0,10000
3,20,7,455.16151615161516,468,0.0,9999
3,20,8,412.1078,418.0,0.0,10000
3,20,9,394.8235647129426,394.0,0.0,9998
3,20,10,474.3636,480.0,0.0,10000
3,20,11,455.6504,474.0,0.0,10000
3,20,12,394.13281328132814,402,0.0,9999
3,20,13,397.8628,406.0,0.0,10000
3,20,14,457.44168833766753,474.0,0.0,9998
3,20,15,458.970297029703,464,0.0,9999
3,20,16,452.9466,456.0,0.0,10000
3,20,17,464.0948,474.0,0.0,10000
3,20,18,471.7568,478.0,0.0,10000
3,20,19,328.1694,332.0,0.0,10000
3,20,20,483.1262,498.0,0.0,10000
3,20,21,446.9082,454.0,0.0,10000
3,20,22,485.60652130426087,492.0,0.0,9998
3,20,23,477.4288857771554,484.0,0.0,9998
3,20,24,483.8657865786579,498,0.0,9999
3,20,25,469.1494,472.0,0.0,10000
3,20,26,475.990599059906,482,0.0,9999
3,20,27,470.32906581316263,484.0,0.0,9998
3,20,28,378.4116,380.0,0.0,10000
3,20,29,481.5202,492.0,0.0,10000
3,20,30,471.4478,478.0,0.0,10000
3,20,31,491.181,496.0,0.0,10000
3,20,32,450.2714271427143,458,0.0,9999
3,20,33,411.6898,414.0,0.0,10000
3,20,34,395.2526,400.0,0.0,10000
3,20,35,323.9189918991899,324,0.0,9999
3,20,36,477.14831483148316,490,0.0,9999
3,20,37,329.4105410541054,326,0.0,9999
3,20,38,321.26252625262526,324,0.0,9999
3,20,39,334.0644128825765,332.0,0.0,9998
3,20,40,394.3248,398.0,0.0,10000
3,20,41,462.7452,470.0,0.0,10000
3,20,42,402.243,402.0,0.0,10000
3,20,43,353.4269426942694,358,0.0,9999
3,20,44,409.3774,410.0,0.0,10000
3,20,45,483.3382,492.0,0.0,10000
3,20,46,477.3763376337634,484,0.0,9999
3,20,47,377.4738,376.0,0.0,10000
3,20,48,461.84376875375074,472.0,0.0,9998
3,20,49,447.6364,454.0,0.0,10000
3,20,50,402.347,406.0,0.0,10000
3,20,51,453.2818,458.0,0.0,10000
3,20,52,397.461,402.0,0.0,10000
3,20,53,480.1580158015802,488,0.0,9999
3,20,54,468.000800080008,478,0.0,9999
3,20,55,477.4478,478.0,0.0,10000
3,20,56,400.67386738673866,404,0.0,9999
3,20,57,378.79195839167835,382.0,0.0,9998
3,20,58,467.7724,476.0,0.0,10000
3,20,59,392.13,396.0,0.0,10000
3,20,60,406.268,412.0,0.0,10000
3,20,61,402.4684,400.0,0.0,10000
3,20,62,404.4692,408.0,0.0,10000
3,20,63,456.5622,458.0,0.0,10000
3,20,64,491.9792,502.0,0.0,10000
3,20,65,455.2158,464.0,0.0,10000
3,20,66,470.2968,472.0,0.0,10000
3,20,67,466.122,466.0,0.0,10000
3,20,68,463.442,468.0,0.0,10000
3,20,69,382.95469546954695,388,0.0,9999
3,20,70,384.2036,384.0,0.0,10000
3,20,71,334.162,338.0,0.0,10000
3,20,72,476.4116,480.0,0.0,10000
3,20,73,393.567,396.0,0.0,10000
3,20,74,467.3053305330533,468,0.0,9999
3,20,75,395.6037603760376,398,0.0,9999
3,20,76,402.808,404.0,0.0,10000
3,20,77,458.0610061006101,470,0.0,9999
3,20,78,468.2702,470.0,0.0,10000
3,20,79,397.5145029005801,400.0,0.0,9998
3,20,80,390.6556,390.0,0.0,10000
3,20,81,382.0826,388.0,0.0,10000
3,20,82,453.7166,464.0,0.0,10000
3,20,83,468.8936893689369,476,0.0,9999
3,20,84,464.7896,474.0,0.0,10000
3,20,85,484.25722572257223,490,0.0,9999
3,20,86,447.04340868173637,450.0,0.0,9998
3,20,87,402.079,404.0,0.0,10000
3,20,88,455.0308,462.0,0.0,10000
3,20,89,401.0334,402.0,0.0,10000
3,20,90,460.60512102420483,464.0,0.0,9998
3,20,91,469.35113511351136,478,0.0,9999
3,20,92,456.6128,458.0,0.0,10000
3,20,93,479.1025102510251,486,0.0,9999
3,20,94,469.2482,480.0,0.0,10000
3,20,95,329.6794,332.0,0.0,10000
3,20,96,401.029702970297,404,0.0,9999
3,20,97,475.2876575315063,496.0,0.0,9998
3,20,98,486.8272,494.0,0.0,10000
3,20,99,470.5562,478.0,0.0,10000
3,21,0,467.338,470.0,0.0,10000
3,21,1,445.81578157815784,448,0.0,9999
3,21,2,472.3328,484.0,0.0,10000
3,21,3,386.3482,386.0,0.0,10000
3,21,4,386.341,388.0,0.0,10000
3,21,5,452.528,456.0,0.0,10000
3,21,6,409.5864,454.0,0.0,10000
3,21,7,439.846,444.0,0.0,10000
3,21,8,452.1122,458.0,0.0,10000
3,21,9,382.23562356235624,380,0.0,9999
3,21,10,460.3458,464.0,0.0,10000
3,21,11,394.9358,394.0,0.0,10000
3,21,12,362.7768776877688,358,0.0,9999
3,21,13,436.34823482348236,448,0.0,9999
3,21,14,461.95759575957595,466,0.0,9999
3,21,15,389.5257051410282,394.0,0.0,9998
3,21,16,432.1150115011501,436,0.0,9999
3,21,17,457.8692,464.0,0.0,10000
3,21,18,462.415,476.0,0.0,10000
3,21,19,444.6030603060306,452,0.0,9999
3,21,20,437.6295629562956,442,0.0,9999
3,21,21,457.0745074507451,458,0.0,9999
3,21,22,382.15361536153614,382,0.0,9999
3,21,23,447.7963796379638,452,0.0,9999
3,21,24,377.08610861086106,382,0.0,9999
3,21,25,450.3288,458.0,0.0,10000
3,21,26,471.16711671167116,474,0.0,9999
3,21,27,445.23872387238725,454,0.0,9999
3,21,28,442.86228622862285,444,0.0,9999
3,21,29,306.6504,308.0,0.0,10000
3,21,30,372.2156,378.0,0.0,10000
3,21,31,374.6704,382.0,0.0,10000
3,21,32,456.4842,464.0,0.0,10000
3,21,33,453.64996499649965,458,0.0,9999
3,21,34,440.4798,444.0,0.0,10000
3,21,35,383.15371537153715,380,0.0,9999
3,21,36,461.0705070507051,466,0.0,9999
3,21,37,454.0912,460.0,0.0,10000
3,21,38,456.6132613261326,462,0.0,9999
3,21,39,451.6232,454.0,0.0,10000
3,21,40,384.48999599839937,390.0,0.0,9996
3,21,41,424.295,428.0,0.0,10000
3,21,42,365.3168,366.0,0.0,10000
3,21,43,457.55571114222846,458.0,0.0,9998
3,21,44,452.7362736273627,462,0.0,9999
3,21,45,362.6076607660766,360,0.0,9999
3,21,46,411.95459545954594,430,0.0,9999
3,21,47,303.0164,300.0,0.0,10000
3,21,48,458.1732173217322,462,0.0,9999
3,21,49,452.9086908690869,458,0.0,9999
3,21,50,458.7408,464.0,0.0,10000
3,21,51,386.15261526152614,388,0.0,9999
3,21,52,438.8328,448.0,0.0,10000
3,21,53,454.16301630163014,466,0.0,9999
3,21,54,456.4774,458.0,0.0,10000
3,21,55,467.5637563756376,468,0.0,9999
3,21,56,384.5024,388.0,0.0,10000
3,21,57,460.7017403480696,466.0,0.0,9998
3,21,58,437.1264,442.0,0.0,10000
3,21,59,437.1363136313631,442,0.0,9999
3,21,60,380.7714,386.0,0.0,10000
3,21,61,467.7484,476.0,0.0,10000
3,21,62,470.9728,476.0,0.0,10000
3,21,63,379.6512,382.0,0.0,10000
3,21,64,379.3318,384.0,0.0,10000
3,21,65,383.3906781356271,382.0,0.0,9998
3,21,66,452.6938693869387,450,0.0,9999
3,21,67,375.126,376.0,0.0,10000
3,21,68,354.875,360.0,0.0,10000
3,21,69,366.618,370.0,0.0,10000
3,21,70,417.90978195639127,414.0,0.0,9998
3,21,71,378.02500250025,380,0.0,9999
3,21,72,451.2257225722572,454,0.0,9999
3,21,73,450.9974,452.0,0.0,10000
3,21,74,306.0648,312.0,0.0,10000
3,21,75,359.4018,364.0,0.0,10000
3,21,76,449.24212421242123,454,0.0,9999
3,21,77,442.5218521852185,450,0.0,9999
3,21,78,466.0494,466.0,0.0,10000
3,21,79,454.724,460.0,0.0,10000
3,21,80,433.0802,442.0,0.0,10000
3,21,81,351.347,352.0,0.0,10000
3,21,82,450.9914,460.0,0.0,10000
3,21,83,444.7474,448.0,0.0,10000
3,21,84,431.2492,436.0,0.0,10000
3,21,85,430.7717543508702,440.0,0.0,9998
3,21,86,371.5098,376.0,0.0,10000
3,21,87,452.514,464.0,0.0,10000
3,21,88,375.2398,372.0,0.0,10000
3,21,89,438.5849169833967,440.0,0.0,9998
3,21,90,290.5214,290.0,0.0,10000
3,21,91,457.2515251525152,460,0.0,9999
3,21,92,466.488,468.0,0.0,10000
3,21,93,444.9628,450.0,0.0,10000
3,21,94,442.4514,452.0,0.0,10000
3,21,95,375.4647464746475,376,0.0,9999
3,21,96,467.039103910391,474,0.0,9999
3,21,97,442.3840384038404,452,0.0,9999
3,21,98,447.4067406740674,458,0.0,9999
3,21,99,362.1662,360.0,0.0,10000
3,22,0,418.9842,426.0,0.0,10000
3,22,1,394.1972,390.0,0.0,10000
3,22,2,390.6986698669867,392,0.0,9999
3,22,3,372.386,374.0,0.0,10000
3,22,4,384.7484748474848,388,0.0,9999
3,22,5,460.4112,462.0,0.0,10000
3,22,6,367.14171417141716,390,0.0,9999
3,22,7,448.28222822282225,460,0.0,9999
3,22,8,378.03220322032206,382,0.0,9999
3,22,9,441.3864,444.0,0.0,10000
3,22,10,380.7918,384.0,0.0,10000
3,22,11,454.8388,460.0,0.0,10000
3,22,12,369.4933493349335,368,0.0,9999
3,22,13,451.03850385038504,466,0.0,9999
3,22,14,452.2104,462.0,0.0,10000
3,22,15,289.36993699369935,288,0.0,9999
3,22,16,378.1644,378.0,0.0,10000
3,22,17,373.1048209641928,380.0,0.0,9998
3,22,18,432.4438,430.0,0.0,10000
3,22,19,446.3306,450.0,0.0,10000
3,22,20,465.2173217321732,474,0.0,9999
3,22,21,462.8944894489449,466,0.0,9999
3,22,22,456.4472,464.0,0.0,10000
3,22,23,442.5968,448.0,0.0,10000
3,22,24,474.5986598659866,476,0.0,9999
3,22,25,462.5980598059806,468,0.0,9999
3,22,26,367.9744,366.0,0.0,10000
3,22,27,436.412,444.0,0.0,10000
3,22,28,459.8009800980098,464,0.0,9999
3,22,29,370.5284528452845,372,0.0,9999
3,22,30,449.0778,450.0,0.0,10000
3,22,31,456.1558,460.0,0.0,10000
3,22,32,426.7016,440.0,0.0,10000
3,22,33,445.99899969991,450,0.0,9997
3,22,34,377.3122,382.0,0.0,10000
3,22,35,463.7313731373137,470,0.0,9999
3,22,36,448.13461346134613,452,0.0,9999
3,22,37,378.64446444644466,384,0.0,9999
3,22,38,453.7062,458.0,0.0,10000
3,22,39,371.6742,372.0,0.0,10000
3,22,40,444.6966,452.0,0.0,10000
3,22,41,455.6019601960196,454,0.0,9999
3,22,42,392.6138,398.0,0.0,10000
3,22,43,450.4902490249025,452,0.0,9999
3,22,44,447.15931593159314,450,0.0,9999
3,22,45,374.36343634363436,376,0.0,9999
3,22,46,448.284,454.0,0.0,10000
3,22,47,385.8067806780678,388,0.0,9999
3,22,48,311.2096,314.0,0.0,10000
3,22,49,455.019301930193,456,0.0,9999
3,22,50,457.8188,464.0,0.0,10000
3,22,51,430.5288,432.0,0.0,10000
3,22,52,385.3464,388.0,0.0,10000
3,22,53,431.96779677967794,436,0.0,9999
3,22,54,390.9206920692069,394,0.0,9999
3,22,55,452.53105310531055,456,0.0,9999
3,22,56,358.2786,360.0,0.0,10000
3,22,57,431.7409740974097,434,0.0,9999
3,22,58,429.449,438.0,0.0,10000
3,22,59,448.8582,454.0,0.0,10000
3,22,60,358.0134,358.0,0.0,10000
3,22,61,457.3406,462.0,0.0,10000
3,22,62,446.5106510651065,452,0.0,9999
3,22,63,386.5375612683805,386,0.0,9997
3,22,64,355.8514,356.0,0.0,10000
3,22,65,348.24,350.0,0.0,10000
3,22,66,440.21282128212823,448,0.0,9999
3,22,67,383.8338,388.0,0.0,10000
3,22,68,444.496,452.0,0.0,10000
3,22,69,437.9396,450.0,0.0,10000
3,22,70,381.68616861686166,378,0.0,9999
3,22,71,435.65573114622924,444.0,0.0,9998
3,22,72,437.7038,438.0,0.0,10000
3,22,73,433.297,436.0,0.0,10000
3,22,74,324.84256851370276,324.0,0.0,9998
3,22,75,279.9084,274.0,0.0,10000
3,22,76,438.97089708970896,442,0.0,9999
3,22,77,367.218,368.0,0.0,10000
3,22,78,462.0562056205621,468,0.0,9999
3,22,79,447.49194919491947,450,0.0,9999
3,22,80,442.732,450.0,0.0,10000
3,22,81,468.0922092209221,480,0.0,9999
3,22,82,462.3868386838684,472,0.0,9999
3,22,83,451.542,464.0,0.0,10000
3,22,84,465.36493649364934,474,0.0,9999
3,22,85,441.95699569957,452,0.0,9999
3,22,86,436.75207520752076,444,0.0,9999
3,22,87,430.51845184518453,436,0.0,9999
3,22,88,442.446,450.0,0.0,10000
3,22,89,301.03310331033106,300,0.0,9999
3,22,90,444.2388,454.0,0.0,10000
3,22,91,439.311,438.0,0.0,10000
3,22,92,461.18103620724145,470.0,0.0,9998
3,22,93,455.75077507750774,462,0.0,9999
3,22,94,440.65086508650865,448,0.0,9999
3,22,95,369.4394,370.0,0.0,10000
3,22,96,372.04100410041,376,0.0,9999
3,22,97,444.7944794479448,458,0.0,9999
3,22,98,463.5652,470.0,0.0,10000
3,22,99,385.8295829582958,392,0.0,9999
3,23,0,440.2016201620162,458,0.0,9999
3,23,1,448.3596,454.0,0.0,10000
3,23,2,442.6814,452.0,0.0,10000
3,23,3,466.4426,470.0,0.0,10000
3,23,4,390.3064,396.0,0.0,10000
3,23,5,460.7586,462.0,0.0,10000
3,23,6,357.8607721544309,380.0,0.0,9998
3,23,7,450.5352,454.0,0.0,10000
3,23,8,471.6617661766177,476,0.0,9999
3,23,9,372.2508,378.0,0.0,10000
3,23,10,468.83648364836483,476,0.0,9999
3,23,11,471.81758175817583,476,0.0,9999
3,23,12,389.2806,390.0,0.0,10000
3,23,13,444.5892,464.0,0.0,10000
3,23,14,445.1664,446.0,0.0,10000
3,23,15,458.7232,464.0,0.0,10000
3,23,16,473.8473694738948,482.0,0.0,9998
3,23,17,467.6764,476.0,0.0,10000
3,23,18,374.613,376.0,0.0,10000
3,23,19,445.2306,450.0,0.0,10000
3,23,20,458.57485748574857,464,0.0,9999
3,23,21,460.6272,468.0,0.0,10000
3,23,22,368.0248,374.0,0.0,10000
3,23,23,435.3946,450.0,0.0,10000
3,23,24,448.1702,456.0,0.0,10000
3,23,25,449.0224,460.0,0.0,10000
3,23,26,458.8996,470.0,0.0,10000
3,23,27,466.1896189618962,472,0.0,9999
3,23,28,452.8704,448.0,0.0,10000
3,23,29,439.6262,444.0,0.0,10000
3,23,30,377.974,380.0,0.0,10000
3,23,31,457.9778,462.0,0.0,10000
3,23,32,447.1134,448.0,0.0,10000
3,23,33,446.8932,448.0,0.0,10000
3,23,34,369.3396,372.0,0.0,10000
3,23,35,377.017,382.0,0.0,10000
3,23,36,463.917,474.0,0.0,10000
3,23,37,367.5419541954195,370,0.0,9999
3,23,38,383.6971697169717,382,0.0,9999
3,23,39,287.9361872374475,286.0,0.0,9998
3,23,40,464.8,472.0,0.0,10000
3,23,41,461.8894,466.0,0.0,10000
3,23,42,432.7314,440.0,0.0,10000
3,23,43,435.7561756175618,442,0.0,9999
3,23,44,440.42424242424244,446,0.0,9999
3,23,45,467.3115311531153,474,0.0,9999
3,23,46,443.0768,448.0,0.0,10000
3,23,47,442.3498,450.0,0.0,10000
3,23,48,450.6792679267927,462,0.0,9999
3,23,49,434.86,442.0,0.0,10000
3,23,50,444.5908590859086,452,0.0,9999
3,23,51,444.6544,448.0,0.0,10000
3,23,52,440.4206,444.0,0.0,10000
3,23,53,449.2554,460.0,0.0,10000
3,23,54,456.4418441844184,464,0.0,9999
3,23,55,453.3832,456.0,0.0,10000
3,23,56,456.9210921092109,460,0.0,9999
3,23,57,446.3564,458.0,0.0,10000
3,23,58,452.7882788278828,458,0.0,9999
3,23,59,392.2096,392.0,0.0,10000
3,23,60,450.1844184418442,462,0.0,9999
3,23,61,376.7776,378.0,0.0,10000
3,23,62,455.9986,458.0,0.0,10000
3,23,63,453.005300530053,462,0.0,9999
3,23,64,428.3736,426.0,0.0,10000
3,23,65,290.2708,290.0,0.0,10000
3,23,66,458.8064806480648,468,0.0,9999
3,23,67,359.7513751375138,358,0.0,9999
3,23,68,382.9286928692869,388,0.0,9999
3,23,69,282.847,284.0,0.0,10000
3,23,70,457.5182,466.0,0.0,10000
3,23,71,376.5596,380.0,0.0,10000
3,23,72,390.5518,396.0,0.0,10000
3,23,73,432.11402280456093,442.0,0.0,9998
3,23,74,358.4798,358.0,0.0,10000
3,23,75,447.9892,452.0,0.0,10000
3,23,76,373.1256,378.0,0.0,10000
3,23,77,462.5772,470.0,0.0,10000
3,23,78,377.1939193919392,380,0.0,9999
3,23,79,458.4142414241424,464,0.0,9999
3,23,80,323.9126,324.0,0.0,10000
3,23,81,445.3685368536854,454,0.0,9999
3,23,82,449.32,458.0,0.0,10000
3,23,83,438.982698269827,454,0.0,9999
3,23,84,442.0922092209221,448,0.0,9999
3,23,85,452.72814562912583,452.0,0.0,9998
3,23,86,444.6410641064106,460,0.0,9999
3,23,87,445.1665166516652,444,0.0,9999
3,23,88,444.74427442744275,450,0.0,9999
3,23,89,443.1524,452.0,0.0,10000
3,23,90,361.75357535753574,366,0.0,9999
3,23,91,357.9116,362.0,0.0,10000
3,23,92,366.4854485448545,370,0.0,9999
3,23,93,448.6362636263626,456,0.0,9999
3,23,94,445.6794,446.0,0.0,10000
3,23,95,391.1562,396.0,0.0,10000
3,23,96,445.7007700770077,448,0.0,9999
3,23,97,456.6590659065907,464,0.0,9999
3,23,98,460.0638063806381,466,0.0,9999
3,23,99,385.03930393039303,382,0.0,9999
3,24,0,428.314,434.0,0.0,10000
3,24,1,441.7135713571357,446,0.0,9999
3,24,2,353.2724,352.0,0.0,10000
3,24,3,279.3646,272.0,0.0,10000
3,24,4,357.9239923992399,356,0.0,9999
3,24,5,419.4628,422.0,0.0,10000
3,24,6,285.96619661966196,274,0.0,9999
3,24,7,349.487,348.0,0.0,10000
3,24,8,448.4564,458.0,0.0,10000
3,24,9,429.6619661966197,434,0.0,9999
3,24,10,366.7762776277628,368,0.0,9999
3,24,11,428.9486948694869,434,0.0,9999
3,24,12,414.1764176417642,414,0.0,9999
3,24,13,353.3052,358.0,0.0,10000
3,24,14,416.6108610861086,416,0.0,9999
3,24,15,430.3674,434.0,0.0,10000
3,24,16,352.8824,354.0,0.0,10000
3,24,17,347.98299829983,352,0.0,9999
3,24,18,434.5953190638128,440.0,0.0,9998
3,24,19,426.6054605460546,434,0.0,9999
3,24,20,359.96139613961395,358,0.0,9999
3,24,21,364.314,366.0,0.0,10000
3,24,22,427.1856,436.0,0.0,10000
3,24,23,429.5955595559556,436,0.0,9999
3,24,24,362.7296,364.0,0.0,10000
3,24,25,350.36343634363436,352,0.0,9999
3,24,26,351.23472347234724,358,0.0,9999
3,24,27,288.5646,286.0,0.0,10000
3,24,28,410.0074,416.0,0.0,10000
3,24,29,357.779,358.0,0.0,10000
3,24,30,351.93579357935795,352,0.0,9999
3,24,31,424.77087708770875,432,0.0,9999
3,24,32,432.8600860086009,434,0.0,9999
3,24,33,437.1702,444.0,0.0,10000
3,24,34,428.6278,430.0,0.0,10000
3,24,35,434.3718,434.0,0.0,10000
3,24,36,450.7532753275328,450,0.0,9999
3,24,37,360.527,364.0,0.0,10000
3,24,38,439.1596,442.0,0.0,10000
3,24,39,293.878,294.0,0.0,10000
3,24,40,450.2094209420942,450,0.0,9999
3,24,41,367.28085617123423,368.0,0.0,9998
3,24,42,456.2044,462.0,0.0,10000
3,24,43,351.3655365536554,356,0.0,9999
3,24,44,437.8816,442.0,0.0,10000
3,24,45,413.1534,416.0,0.0,10000
3,24,46,443.12791279127913,450,0.0,9999
3,24,47,443.4874,450.0,0.0,10000
3,24,48,357.2458,356.0,0.0,10000
3,24,49,437.7242,440.0,0.0,10000
3,24,50,436.6018601860186,440,0.0,9999
3,24,51,440.8526,444.0,0.0,10000
3,24,52,347.498,352.0,0.0,10000
3,24,53,345.29192919291927,348,0.0,9999
3,24,54,432.987698769877,438,0.0,9999
3,24,55,446.9064,450.0,0.0,10000
3,24,56,390.4102820564113,404.0,0.0,9998
3,24,57,436.871374274855,444.0,0.0,9998
3,24,58,429.553,436.0,0.0,10000
3,24,59,368.9254,370.0,0.0,10000
3,24,60,418.1792,426.0,0.0,10000
3,24,61,424.6850685068507,430,0.0,9999
3,24,62,402.7408,402.0,0.0,10000
3,24,63,364.5218521852185,370,0.0,9999
3,24,64,339.8126,340.0,0.0,10000
3,24,65,354.0912,356.0,0.0,10000
3,24,66,422.3750375037504,434,0.0,9999
3,24,67,439.6579657965797,434,0.0,9999
3,24,68,373.6344,374.0,0.0,10000
3,24,69,440.3108310831083,446,0.0,9999
3,24,70,352.8468,358.0,0.0,10000
3,24,71,425.94019401940193,432,0.0,9999
3,24,72,358.1148,360.0,0.0,10000
3,24,73,440.87948794879486,446,0.0,9999
3,24,74,456.1686168616862,460,0.0,9999
3,24,75,347.8467846784678,348,0.0,9999
3,24,76,411.8222,422.0,0.0,10000
3,24,77,424.5982,432.0,0.0,10000
3,24,78,360.5960596059606,364,0.0,9999
3,24,79,429.6131613161316,434,0.0,9999
3,24,80,433.3816,438.0,0.0,10000
3,24,81,430.6576,434.0,0.0,10000
3,24,82,268.8768,266.0,0.0,10000
3,24,83,421.1018,426.0,0.0,10000
3,24,84,421.1748,434.0,0.0,10000
3,24,85,456.52825282528255,458,0.0,9999
3,24,86,377.8686,380.0,0.0,10000
3,24,87,342.0514,310.0,0.0,10000
3,24,88,283.2544,280.0,0.0,10000
3,24,89,365.6094,366.0,0.0,10000
3,24,90,425.604,422.0,0.0,10000
3,24,91,433.903,432.0,0.0,10000
3,24,92,422.0438,424.0,0.0,10000
3,24,93,362.5876587658766,364,0.0,9999
3,24,94,427.35533553355333,432,0.0,9999
3,24,95,363.7764,368.0,0.0,10000
3,24,96,445.63076307630763,456,0.0,9999
3,24,97,298.4818,298.0,0.0,10000
3,24,98,444.107,450.0,0.0,10000
3,24,99,433.3017301730173,442,0.0,9999
3,25,0,365.7228,368.0,0.0,10000
3,25,1,435.1438,436.0,0.0,10000
3,25,2,356.2960296029603,356,0.0,9999
3,25,3,365.2457245724572,366,0.0,9999
3,25,4,442.5638,448.0,0.0,10000
3,25,5,427.99499849954987,434,0.0,9997
3,25,6,349.36847369473895,358.0,0.0,9998
3,25,7,431.4744,436.0,0.0,10000
3,25,8,446.8855771154231,450.0,0.0,9998
3,25,9,362.6046,364.0,0.0,10000
3,25,10,424.3806380638064,426,0.0,9999
3,25,11,287.42316926770707,274.0,0.0,9996
3,25,12,450.4262,456.0,0.0,10000
3,25,13,419.09261852370474,436.0,0.0,9998
3,25,14,376.34,376.0,0.0,10000
3,25,15,434.3894,438.0,0.0,10000
3,25,16,401.8256,408.0,0.0,10000
3,25,17,432.5934,440.0,0.0,10000
3,25,18,430.2294229422942,434,0.0,9999
3,25,19,436.05660566056605,440,0.0,9999
3,25,20,374.12541254125415,376,0.0,9999
3,25,21,450.1846369273855,450.0,0.0,9998
3,25,22,444.1716171617162,444,0.0,9999
3,25,23,346.8930893089309,348,0.0,9999
3,25,24,427.8999899989999,436,0.0,9999
3,25,25,357.32,362.0,0.0,10000
3,25,26,412.1372,418.0,0.0,10000
3,25,27,357.096,358.0,0.0,10000
3,25,28,296.1716343268654,298.0,0.0,9998
3,25,29,429.9005900590059,438,0.0,9999
3,25,30,350.2478,352.0,0.0,10000
3,25,31,424.1906,424.0,0.0,10000
3,25,32,446.75,454.0,0.0,10000
3,25,33,417.5401540154015,426,0.0,9999
3,25,34,427.0302,434.0,0.0,10000
3,25,35,352.5964596459646,354,0.0,9999
3,25,36,439.2872574514903,442.0,0.0,9998
3,25,37,421.1804,424.0,0.0,10000
3,25,38,355.7837783778378,360,0.0,9999
3,25,39,436.6186,440.0,0.0,10000
3,25,40,429.3992,440.0,0.0,10000
3,25,41,285.56155615561556,282,0.0,9999
3,25,42,362.92729272927295,362,0.0,9999
3,25,43,435.9107910791079,442,0.0,9999
3,25,44,285.1926,276.0,0.0,10000
3,25,45,432.7872,442.0,0.0,10000
3,25,46,439.05630563056303,438,0.0,9999
3,25,47,439.63176317631763,446,0.0,9999
3,25,48,362.4442,366.0,0.0,10000
3,25,49,419.2189218921892,422,0.0,9999
3,25,50,432.653,436.0,0.0,10000
3,25,51,450.5888,454.0,0.0,10000
3,25,52,379.56431286257254,382.0,0.0,9998
3,25,53,365.0842,368.0,0.0,10000
3,25,54,432.1504,436.0,0.0,10000
3,25,55,437.0908,438.0,0.0,10000
3,25,56,441.4124,448.0,0.0,10000
3,25,57,450.6444,454.0,0.0,10000
3,25,58,411.2528,418.0,0.0,10000
3,25,59,415.2201220122012,424,0.0,9999
3,25,60,431.5253050610122,438.0,0.0,9998
3,25,61,349.3662,352.0,0.0,10000
3,25,62,385.9391939193919,390,0.0,9999
3,25,63,442.0216,454.0,0.0,10000
3,25,64,359.2786,362.0,0.0,10000
3,25,65,418.5022502250225,422,0.0,9999
3,25,66,404.812,408.0,0.0,10000
3,25,67,418.7616,426.0,0.0,10000
3,25,68,348.27462746274625,354,0.0,9999
3,25,69,426.9024,432.0,0.0,10000
3,25,70,410.7922792279228,416,0.0,9999
3,25,71,432.7314,434.0,0.0,10000
3,25,72,442.9256925692569,444,0.0,9999
3,25,73,427.8616,436.0,0.0,10000
3,25,74,421.5838,424.0,0.0,10000
3,25,75,370.9504,368.0,0.0,10000
3,25,76,440.6092609260926,446,0.0,9999
3,25,77,417.7648,422.0,0.0,10000
3,25,78,432.7964796479648,432,0.0,9999
3,25,79,443.90619061906193,448,0.0,9999
3,25,80,356.3784,358.0,0.0,10000
3,25,81,430.7580758075808,438,0.0,9999
3,25,82,436.7851570314063,440.0,0.0,9998
3,25,83,423.9136,434.0,0.0,10000
3,25,84,448.7192719271927,452,0.0,9999
3,25,85,375.3442,374.0,0.0,10000
3,25,86,437.3896,442.0,0.0,10000
3,25,87,438.4334433443344,446,0.0,9999
3,25,88,355.0875087508751,358,0.0,9999
3,25,89,358.94809480948095,362,0.0,9999
3,25,90,362.3336,364.0,0.0,10000
3,25,91,419.2598,424.0,0.0,10000
3,25,92,425.2662,432.0,0.0,10000
3,25,93,422.8152,432.0,0.0,10000
3,25,94,322.3934393439344,318,0.0,9999
3,25,95,428.7318,432.0,0.0,10000
3,25,96,364.479,368.0,0.0,10000
3,25,97,415.13,428.0,0.0,10000
3,25,98,359.5822,360.0,0.0,10000
3,25,99,434.3888,444.0,0.0,10000
3,26,0,353.914,354.0,0.0,10000
3,26,1,446.13561356135614,450,0.0,9999
3,26,2,417.15771577157716,426,0.0,9999
3,26,3,432.3264,434.0,0.0,10000
3,26,4,411.5139513951395,416,0.0,9999
3,26,5,359.3324,354.0,0.0,10000
3,26,6,396.3600360036004,424,0.0,9999
3,26,7,283.1144,274.0,0.0,10000
3,26,8,453.0898,462.0,0.0,10000
3,26,9,357.8252,358.0,0.0,10000
3,26,10,354.44444444444446,356,0.0,9999
3,26,11,371.5393078615723,368.0,0.0,9998
3,26,12,349.596,352.0,0.0,10000
3,26,13,361.7212,372.0,0.0,10000
3,26,14,278.6526,274.0,0.0,10000
3,26,15,426.5534,430.0,0.0,10000
3,26,16,419.46154615461546,430,0.0,9999
3,26,17,367.38133813381336,370,0.0,9999
3,26,18,429.0178,438.0,0.0,10000
3,26,19,419.8171817181718,418,0.0,9999
3,26,20,302.66586658665864,300,0.0,9999
3,26,21,422.970297029703,428,0.0,9999
3,26,22,353.0506,358.0,0.0,10000
3,26,23,368.421,370.0,0.0,10000
3,26,24,373.7174,378.0,0.0,10000
3,26,25,438.37863786378637,450,0.0,9999
3,26,26,350.885,354.0,0.0,10000
3,26,27,285.1076,280.0,0.0,10000
3,26,28,435.7103710371037,436,0.0,9999
3,26,29,429.5788,430.0,0.0,10000
3,26,30,433.4332,440.0,0.0,10000
3,26,31,436.7964,444.0,0.0,10000
3,26,32,352.43204320432045,350,0.0,9999
3,26,33,361.5967596759676,364,0.0,9999
3,26,34,433.26512651265125,436,0.0,9999
3,26,35,446.5914591459146,452,0.0,9999
3,26,36,449.375275055011,454.0,0.0,9998
3,26,37,440.07360736073605,446,0.0,9999
3,26,38,428.0794,432.0,0.0,10000
3,26,39,412.4368,412.0,0.0,10000
3,26,40,441.2248,448.0,0.0,10000
3,26,41,363.3394678935787,364.0,0.0,9998
3,26,42,419.7084,420.0,0.0,10000
3,26,43,440.7271454290858,448.0,0.0,9998
3,26,44,450.18967587034814,448.0,0.0,9996
3,26,45,445.3096,448.0,0.0,10000
3,26,46,436.0634,434.0,0.0,10000
3,26,47,439.1708,444.0,0.0,10000
3,26,48,342.9044,344.0,0.0,10000
3,26,49,403.1756,408.0,0.0,10000
3,26,50,421.3725372537254,426,0.0,9999
3,26,51,433.71857185718574,440,0.0,9999
3,26,52,416.6705341068214,420.0,0.0,9998
3,26,53,278.19381938193817,268,0.0,9999
3,26,54,370.6294,374.0,0.0,10000
3,26,55,348.7516,352.0,0.0,10000
3,26,56,418.002800280028,420,0.0,9999
3,26,57,435.7828,440.0,0.0,10000
3,26,58,359.1008,364.0,0.0,10000
3,26,59,428.5288,434.0,0.0,10000
3,26,60,413.18403680736145,410.0,0.0,9998
3,26,61,429.321,440.0,0.0,10000
3,26,62,418.9048,426.0,0.0,10000
3,26,63,430.9614,434.0,0.0,10000
3,26,64,423.58415841584156,430,0.0,9999
3,26,65,431.73477347734774,442,0.0,9999
3,26,66,431.2041204120412,432,0.0,9999
3,26,67,356.4686,360.0,0.0,10000
3,26,68,364.7496,370.0,0.0,10000
3,26,69,423.0807080708071,428,0.0,9999
3,26,70,348.86608660866085,342,0.0,9999
3,26,71,356.2494,354.0,0.0,10000
3,26,72,422.893,424.0,0.0,10000
3,26,73,434.2702,436.0,0.0,10000
3,26,74,420.7298,424.0,0.0,10000
3,26,75,442.3522,446.0,0.0,10000
3,26,76,353.4836,358.0,0.0,10000
3,26,77,425.6571657165717,434,0.0,9999
3,26,78,441.8067806780678,446,0.0,9999
3,26,79,410.5846,418.0,0.0,10000
3,26,80,311.1624,302.0,0.0,10000
3,26,81,350.3838,354.0,0.0,10000
3,26,82,347.4296,350.0,0.0,10000
3,26,83,353.707,356.0,0.0,10000
3,26,84,364.5934593459346,366,0.0,9999
3,26,85,445.999199919992,452,0.0,9999
3,26,86,446.9166,452.0,0.0,10000
3,26,87,434.67893578715746,448.0,0.0,9998
3,26,88,357.5348,360.0,0.0,10000
3,26,89,343.008,340.0,0.0,10000
3,26,90,424.6528,428.0,0.0,10000
3,26,91,274.8134,266.0,0.0,10000
3,26,92,349.5169516951695,352,0.0,9999
3,26,93,424.9958,432.0,0.0,10000
3,26,94,452.7622,464.0,0.0,10000
3,26,95,436.54225422542254,446,0.0,9999
3,26,96,433.9682,436.0,0.0,10000
3,26,97,413.4154,426.0,0.0,10000
3,26,98,434.1676,438.0,0.0,10000
3,26,99,351.9072,354.0,0.0,10000
3,27,0,338.1254,336.0,0.0,10000
3,27,1,406.2240224022402,412,0.0,9999
3,27,2,410.3760376037604,420,0.0,9999
3,27,3,411.1076,414.0,0.0,10000
3,27,4,340.458,344.0,0.0,10000
3,27,5,341.1258,342.0,0.0,10000
3,27,6,330.1464,332.0,0.0,10000
3,27,7,352.6,356.0,0.0,10000
3,27,8,355.306,354.0,0.0,10000
3,27,9,425.3696,426.0,0.0,10000
3,27,10,326.383,324.0,0.0,10000
3,27,11,355.2212,360.0,0.0,10000
3,27,12,345.0422,346.0,0.0,10000
3,27,13,351.78317831783176,356,0.0,9999
3,27,14,396.8936,406.0,0.0,10000
3,27,15,340.332,338.0,0.0,10000
3,27,16,357.0152,358.0,0.0,10000
3,27,17,269.0772,266.0,0.0,10000
3,27,18,316.3808380838084,320,0.0,9999
3,27,19,416.4968496849685,420,0.0,9999
3,27,20,439.7863359007702,444,0.0,9997
3,27,21,426.45024502450246,436,0.0,9999
3,27,22,399.43,406.0,0.0,10000
3,27,23,418.8888,418.0,0.0,10000
3,27,24,387.0698,392.0,0.0,10000
3,27,25,425.8088,428.0,0.0,10000
3,27,26,398.41764176417644,400,0.0,9999
3,27,27,410.4388,418.0,0.0,10000
3,27,28,406.7160716071607,406,0.0,9999
3,27,29,407.6945694569457,410,0.0,9999
3,27,30,335.1994,344.0,0.0,10000
3,27,31,418.35343534353433,416,0.0,9999
3,27,32,425.6044,432.0,0.0,10000
3,27,33,437.459,444.0,0.0,10000
3,27,34,274.9858,272.0,0.0,10000
3,27,35,343.5064,342.0,0.0,10000
3,27,36,425.0098,428.0,0.0,10000
3,27,37,404.3834,412.0,0.0,10000
3,27,38,424.705,432.0,0.0,10000
3,27,39,410.39607921584314,418.0,0.0,9998
3,27,40,343.739,342.0,0.0,10000
3,27,41,405.2270454090818,408.0,0.0,9998
3,27,42,406.8722,412.0,0.0,10000
3,27,43,343.0894,340.0,0.0,10000
3,27,44,428.92,436.0,0.0,10000
3,27,45,397.411,402.0,0.0,10000
3,27,46,402.578,408.0,0.0,10000
3,27,47,341.15871587158716,342,0.0,9999
3,27,48,347.9143914391439,352,0.0,9999
3,27,49,421.25592559255927,426,0.0,9999
3,27,50,389.3174,394.0,0.0,10000
3,27,51,424.0676,426.0,0.0,10000
3,27,52,405.2963296329633,408,0.0,9999
3,27,53,417.3127312731273,420,0.0,9999
3,27,54,357.4492,356.0,0.0,10000
3,27,55,350.7976797679768,348,0.0,9999
3,27,56,412.8772877287729,418,0.0,9999
3,27,57,421.386,422.0,0.0,10000
3,27,58,407.257,412.0,0.0,10000
3,27,59,351.7116,352.0,0.0,10000
3,27,60,399.6939693969397,406,0.0,9999
3,27,61,422.27262726272625,428,0.0,9999
3,27,62,409.7696,420.0,0.0,10000
3,27,63,340.3896,340.0,0.0,10000
3,27,64,392.0128,390.0,0.0,10000
3,27,65,403.978797879788,410,0.0,9999
3,27,66,407.1691507452236,414,0.0,9997
3,27,67,424.1480296059212,428.0,0.0,9998
3,27,68,327.7368,328.0,0.0,10000
3,27,69,408.198,410.0,0.0,10000
3,27,70,332.8558,330.0,0.0,10000
3,27,71,425.4046,432.0,0.0,10000
3,27,72,419.176,420.0,0.0,10000
3,27,73,412.6192619261926,418,0.0,9999
3,27,74,404.0954095409541,408,0.0,9999
3,27,75,431.3064,436.0,0.0,10000
3,27,76,393.6506,398.0,0.0,10000
3,27,77,424.1124,432.0,0.0,10000
3,27,78,323.296,318.0,0.0,10000
3,27,79,352.7146,350.0,0.0,10000
3,27,80,337.5761576157616,342,0.0,9999
3,27,81,406.9792,412.0,0.0,10000
3,27,82,398.2902,402.0,0.0,10000
3,27,83,344.6534,352.0,0.0,10000
3,27,84,269.0168,266.0,0.0,10000
3,27,85,409.8318,414.0,0.0,10000
3,27,86,278.64826482648266,272,0.0,9999
3,27,87,414.8778,420.0,0.0,10000
3,27,88,277.0286,272.0,0.0,10000
3,27,89,335.109,330.0,0.0,10000
3,27,90,346.8872,348.0,0.0,10000
3,27,91,403.5394,402.0,0.0,10000
3,27,92,333.227,336.0,0.0,10000
3,27,93,420.092,422.0,0.0,10000
3,27,94,385.14271427142717,388,0.0,9999
3,27,95,398.8566,400.0,0.0,10000
3,27,96,359.0522,358.0,0.0,10000
3,27,97,318.662,320.0,0.0,10000
3,27,98,340.6029205841168,342.0,0.0,9998
3,27,99,419.53835383538353,422,0.0,9999
3,28,0,340.6056,340.0,0.0,10000
3,28,1,414.3336,418.0,0.0,10000
3,28,2,424.9764,426.0,0.0,10000
3,28,3,356.86688668866884,360,0.0,9999
3,28,4,316.4444,334.0,0.0,10000
3,28,5,412.2940294029403,430,0.0,9999
3,28,6,370.2908290829083,390,0.0,9999
3,28,7,401.3155315531553,408,0.0,9999
3,28,8,402.9526,420.0,0.0,10000
3,28,9,339.96259625962597,338,0.0,9999
3,28,10,337.2113211321132,334,0.0,9999
3,28,11,393.4096,392.0,0.0,10000
3,28,12,366.999699969997,368,0.0,9999
3,28,13,405.41148229645927,416.0,0.0,9998
3,28,14,403.753,410.0,0.0,10000
3,28,15,328.1018,330.0,0.0,10000
3,28,16,421.74177417741777,426,0.0,9999
3,28,17,428.13401340134016,430,0.0,9999
3,28,18,409.7514,416.0,0.0,10000
3,28,19,419.7136,424.0,0.0,10000
3,28,20,406.8856885688569,412,0.0,9999
3,28,21,407.8257825782578,408,0.0,9999
3,28,22,419.3904,422.0,0.0,10000
3,28,23,425.36453645364537,440,0.0,9999
3,28,24,403.14611461146114,406,0.0,9999
3,28,25,342.988498849885,340,0.0,9999
3,28,26,402.7858785878588,400,0.0,9999
3,28,27,410.068,418.0,0.0,10000
3,28,28,421.9049904990499,422,0.0,9999
3,28,29,406.4932493249325,406,0.0,9999
3,28,30,341.9389938993899,348,0.0,9999
3,28,31,284.0042,274.0,0.0,10000
3,28,32,416.0756,418.0,0.0,10000
3,28,33,401.66416641664165,402,0.0,9999
3,28,34,424.0912091209121,428,0.0,9999
3,28,35,416.5714,418.0,0.0,10000
3,28,36,270.8472,266.0,0.0,10000
3,28,37,412.85348534853483,420,0.0,9999
3,28,38,401.743,414.0,0.0,10000
3,28,39,347.5112,348.0,0.0,10000
3,28,40,330.989698969897,332,0.0,9999
3,28,41,436.29065813162634,438.0,0.0,9998
3,28,42,352.2382238223822,356,0.0,9999
3,28,43,401.84178417841787,408,0.0,9999
3,28,44,419.7128,424.0,0.0,10000
3,28,45,399.9083908390839,408,0.0,9999
3,28,46,396.2468,402.0,0.0,10000
3,28,47,422.8158,428.0,0.0,10000
3,28,48,323.43834383438343,326,0.0,9999
3,28,49,339.5315531553155,344,0.0,9999
3,28,50,409.6183618361836,412,0.0,9999
3,28,51,337.0326,338.0,0.0,10000
3,28,52,419.4216,428.0,0.0,10000
3,28,53,422.2002,424.0,0.0,10000
3,28,54,348.3752,350.0,0.0,10000
3,28,55,415.1748349669934,416.0,0.0,9998
3,28,56,402.5764,406.0,0.0,10000
3,28,57,338.2084,334.0,0.0,10000
3,28,58,417.2674,422.0,0.0,10000
3,28,59,362.7168,390.0,0.0,10000
3,28,60,338.30786157231444,336.0,0.0,9998
3,28,61,414.32143214321434,418,0.0,9999
3,28,62,412.7004700470047,420,0.0,9999
3,28,63,398.52605260526053,406,0.0,9999
3,28,64,394.718,396.0,0.0,10000
3,28,65,408.46344634463446,412,0.0,9999
3,28,66,407.9255925592559,414,0.0,9999
3,28,67,415.905,420.0,0.0,10000
3,28,68,419.38487697539506,418.0,0.0,9998
3,28,69,418.8532853285329,420,0.0,9999
3,28,70,341.56355635563557,342,0.0,9999
3,28,71,325.7506,324.0,0.0,10000
3,28,72,338.5388,336.0,0.0,10000
3,28,73,422.1168,428.0,0.0,10000
3,28,74,414.2698,418.0,0.0,10000
3,28,75,436.7184,438.0,0.0,10000
3,28,76,422.732,428.0,0.0,10000
3,28,77,336.6512,336.0,0.0,10000
3,28,78,416.0542054205421,422,0.0,9999
3,28,79,410.813,416.0,0.0,10000
3,28,80,344.633,344.0,0.0,10000
3,28,81,276.783,272.0,0.0,10000
3,28,82,432.2296,434.0,0.0,10000
3,28,83,329.3609360936094,328,0.0,9999
3,28,84,432.56725672567256,446,0.0,9999
3,28,85,355.4207420742074,358,0.0,9999
3,28,86,272.349,266.0,0.0,10000
3,28,87,416.44884488448844,424,0.0,9999
3,28,88,328.2538,328.0,0.0,10000
3,28,89,282.774,280.0,0.0,10000
3,28,90,409.0488097619524,416.0,0.0,9998
3,28,91,406.4614,408.0,0.0,10000
3,28,92,324.9762,326.0,0.0,10000
3,28,93,338.986898689869,338,0.0,9999
3,28,94,406.52905290529054,410,0.0,9999
3,28,95,406.5884,410.0,0.0,10000
3,28,96,395.1584,396.0,0.0,10000
3,28,97,418.0570057005701,416,0.0,9999
3,28,98,344.0782234670401,346,0.0,9997
3,28,99,407.9655931186237,420.0,0.0,9998
3,29,0,283.9774,272.0,0.0,10000
3,29,1,424.988698869887,432,0.0,9999
3,29,2,421.3622,422.0,0.0,10000
3,29,3,351.57455745574555,352,0.0,9999
3,29,4,349.362,350.0,0.0,10000
3,29,5,412.7121424284857,422.0,0.0,9998
3,29,6,388.6798679867987,426,0.0,9999
3,29,7,320.1638,318.0,0.0,10000
3,29,8,411.88518851885186,414,0.0,9999
3,29,9,352.3714371437144,356,0.0,9999
3,29,10,397.95839583958394,402,0.0,9999
3,29,11,417.9143914391439,426,0.0,9999
3,29,12,408.12601260126013,414,0.0,9999
3,29,13,322.44568913782757,322.0,0.0,9998
3,29,14,410.3562356235624,416,0.0,9999
3,29,15,427.12431243124314,428,0.0,9999
3,29,16,351.0847084708471,348,0.0,9999
3,29,17,337.1087087087087,340.0,0.0,9990
3,29,18,431.4193419341934,438,0.0,9999
3,29,19,329.6582,328.0,0.0,10000
3,29,20,332.1198119811981,326,0.0,9999
3,29,21,418.24316474712066,422,0.0,9985
3,29,22,339.69493898779757,338.0,0.0,9998
3,29,23,322.14187093546775,324,0.0,9995
3,29,24,425.0188037607522,424.0,0.0,9998
3,29,25,340.8023604720944,338.0,0.0,9998
3,29,26,400.66873374674935,406.0,0.0,9998
3,29,27,273.8553710742148,272.0,0.0,9998
3,29,28,400.8104810481048,406,0.0,9999
3,29,29,399.495,400.0,0.0,10000
3,29,30,420.93189318931894,430,0.0,9999
3,29,31,326.9178,328.0,0.0,10000
3,29,32,417.7548,424.0,0.0,10000
3,29,33,413.987,424.0,0.0,10000
3,29,34,327.75877587758777,324,0.0,9999
3,29,35,413.83098309830984,414,0.0,9999
3,29,36,428.8302,438.0,0.0,10000
3,29,37,340.1286385915775,342,0.0,9997
3,29,38,355.6928,356.0,0.0,10000
3,29,39,395.33593359335936,406,0.0,9999
3,29,40,410.632,414.0,0.0,10000
3,29,41,405.9326,412.0,0.0,10000
3,29,42,406.6298,408.0,0.0,10000
3,29,43,410.194,416.0,0.0,10000
3,29,44,401.251650330066,406.0,0.0,9998
3,29,45,421.692,426.0,0.0,10000
3,29,46,415.2172,426.0,0.0,10000
3,29,47,276.1384,272.0,0.0,10000
3,29,48,342.4284428442844,342,0.0,9999
3,29,49,330.8736,332.0,0.0,10000
3,29,50,405.8756,412.0,0.0,10000
3,29,51,334.5094,338.0,0.0,10000
3,29,52,411.618,418.0,0.0,10000
3,29,53,346.9936,344.0,0.0,10000
3,29,54,420.6988698869887,422,0.0,9999
3,29,55,338.5006500650065,342,0.0,9999
3,29,56,428.4054,432.0,0.0,10000
3,29,57,339.6046,342.0,0.0,10000
3,29,58,403.383,404.0,0.0,10000
3,29,59,422.15401540154016,428,0.0,9999
3,29,60,408.2634,414.0,0.0,10000
3,29,61,346.2966296629663,346,0.0,9999
3,29,62,274.3548,272.0,0.0,10000
3,29,63,420.5422,426.0,0.0,10000
3,29,64,424.61486148614864,426,0.0,9999
3,29,65,404.18063612722545,408.0,0.0,9998
3,29,66,332.5816,332.0,0.0,10000
3,29,67,324.9418,324.0,0.0,10000
3,29,68,416.9166,418.0,0.0,10000
3,29,69,405.1054,408.0,0.0,10000
3,29,70,425.99,426.0,0.0,10000
3,29,71,409.6812,412.0,0.0,10000
3,29,72,420.25862586258626,428,0.0,9999
3,29,73,425.92719271927194,432,0.0,9999
3,29,74,412.1508,414.0,0.0,10000
3,29,75,274.8644,272.0,0.0,10000
3,29,76,399.0838,404.0,0.0,10000
3,29,77,276.196,266.0,0.0,10000
3,29,78,342.03740374037403,342,0.0,9999
3,29,79,416.5844,422.0,0.0,10000
3,29,80,423.7272,422.0,0.0,10000
3,29,81,407.0495049504951,410,0.0,9999
3,29,82,405.1394,408.0,0.0,10000
3,29,83,400.8404,412.0,0.0,10000
3,29,84,424.6464,432.0,0.0,10000
3,29,85,416.73,422.0,0.0,10000
3,29,86,429.8288,430.0,0.0,10000
3,29,87,351.23852385238524,352,0.0,9999
3,29,88,428.85688568856887,430,0.0,9999
3,29,89,408.2908290829083,408,0.0,9999
3,29,90,342.1520304060812,344.0,0.0,9998
3,29,91,402.05740574057404,406,0.0,9999
3,29,92,418.969,424.0,0.0,10000
3,29,93,285.7145714571457,268,0.0,9999
3,29,94,345.8452,346.0,0.0,10000
3,29,95,323.128,318.0,0.0,10000
3,29,96,397.2867286728673,398,0.0,9999
3,29,97,399.0162,406.0,0.0,10000
3,29,98,354.49449889977996,364.0,0.0,9998
3,29,99,428.5892589258926,436,0.0,9999
3,30,0,328.2116423284657,330.0,0.0,9998
3,30,1,274.9186,272.0,0.0,10000
3,30,2,304.93009300930095,300,0.0,9999
3,30,3,332.0100020004001,332.0,0.0,9998
3,30,4,401.0726,402.0,0.0,10000
3,30,5,398.7366,408.0,0.0,10000
3,30,6,383.2484,412.0,0.0,10000
3,30,7,297.65556555655564,292,0.0,9999
3,30,8,400.997,404.0,0.0,10000
3,30,9,395.76977697769775,402,0.0,9999
3,30,10,384.4682,384.0,0.0,10000
3,30,11,413.4216,416.0,0.0,10000
3,30,12,390.7944794479448,398,0.0,9999
3,30,13,387.42134213421343,392,0.0,9999
3,30,14,395.1088,398.0,0.0,10000
3,30,15,323.0504,322.0,0.0,10000
3,30,16,328.8686868686869,328,0.0,9999
3,30,17,328.7382,332.0,0.0,10000
3,30,18,311.6696,314.0,0.0,10000
3,30,19,311.7032,310.0,0.0,10000
3,30,20,302.4852,302.0,0.0,10000
3,30,21,269.1075107510751,266,0.0,9999
3,30,22,396.93269326932693,392,0.0,9999
3,30,23,316.0438,322.0,0.0,10000
3,30,24,407.0982,408.0,0.0,10000
3,30,25,402.3414,406.0,0.0,10000
3,30,26,402.721,406.0,0.0,10000
3,30,27,412.0724,412.0,0.0,10000
3,30,28,403.44114411441143,406,0.0,9999
3,30,29,304.941,302.0,0.0,10000
3,30,30,389.54075407540756,394,0.0,9999
3,30,31,412.6702670267027,408,0.0,9999
3,30,32,374.3136,378.0,0.0,10000
3,30,33,372.425,374.0,0.0,10000
3,30,34,276.8133626725345,272.0,0.0,9998
3,30,35,394.25,394.0,0.0,10000
3,30,36,401.2524,404.0,0.0,10000
3,30,37,389.073,392.0,0.0,10000
3,30,38,392.55265526552654,394,0.0,9999
3,30,39,379.7516,384.0,0.0,10000
3,30,40,284.5176,266.0,0.0,10000
3,30,41,405.8725872587259,406,0.0,9999
3,30,42,392.7798,394.0,0.0,10000
3,30,43,327.86918691869187,326,0.0,9999
3,30,44,414.8894,416.0,0.0,10000
3,30,45,412.6244,420.0,0.0,10000
3,30,46,386.2566,392.0,0.0,10000
3,30,47,403.35847169433885,404.0,0.0,9998
3,30,48,398.68606860686066,400,0.0,9999
3,30,49,381.5237523752375,384,0.0,9999
3,30,50,404.5394,414.0,0.0,10000
3,30,51,334.1618161816182,334,0.0,9999
3,30,52,405.83776755351073,408.0,0.0,9998
3,30,53,330.9747949589918,330.0,0.0,9998
3,30,54,335.0732,330.0,0.0,10000
3,30,55,317.0986,324.0,0.0,10000
3,30,56,316.8802,324.0,0.0,10000
3,30,57,319.5256,322.0,0.0,10000
3,30,58,320.6834,324.0,0.0,10000
3,30,59,372.4012,372.0,0.0,10000
3,30,60,400.1396,398.0,0.0,10000
3,30,61,385.1746,386.0,0.0,10000
3,30,62,400.241,406.0,0.0,10000
3,30,63,376.178,374.0,0.0,10000
3,30,64,407.5478,408.0,0.0,10000
3,30,65,372.6512,370.0,0.0,10000
3,30,66,398.411,402.0,0.0,10000
3,30,67,332.323,332.0,0.0,10000
3,30,68,400.3022302230223,402,0.0,9999
3,30,69,373.1107110711071,380,0.0,9999
3,30,70,405.8972,408.0,0.0,10000
3,30,71,311.3216,310.0,0.0,10000
3,30,72,305.2236,300.0,0.0,10000
3,30,73,383.1172,386.0,0.0,10000
3,30,74,414.2556,420.0,0.0,10000
3,30,75,394.4802480248025,400,0.0,9999
3,30,76,387.8013602720544,386.0,0.0,9998
3,30,77,379.2039203920392,388,0.0,9999
3,30,78,330.6326,330.0,0.0,10000
3,30,79,378.2856,380.0,0.0,10000
3,30,80,381.2005200520052,386,0.0,9999
3,30,81,416.142,420.0,0.0,10000
3,30,82,384.07860786078606,386,0.0,9999
3,30,83,384.6416,398.0,0.0,10000
3,30,84,384.858,390.0,0.0,10000
3,30,85,339.5888,336.0,0.0,10000
3,30,86,360.8549419767907,362.0,0.0,9996
3,30,87,412.15221522152217,414,0.0,9999
3,30,88,407.3222,406.0,0.0,10000
3,30,89,276.3594,272.0,0.0,10000
3,30,90,380.2866,376.0,0.0,10000
3,30,91,312.1498,312.0,0.0,10000
3,30,92,376.07860786078606,380,0.0,9999
3,30,93,412.88646593978194,414,0.0,9997
3,30,94,310.322,312.0,0.0,10000
3,30,95,383.278,384.0,0.0,10000
3,30,96,312.7946,312.0,0.0,10000
3,30,97,389.6552,400.0,0.0,10000
3,30,98,381.0734,384.0,0.0,10000
3,30,99,332.9974,332.0,0.0,10000
3,31,0,315.5522,314.0,0.0,10000
3,31,1,325.2114,326.0,0.0,10000
3,31,2,334.954,330.0,0.0,10000
3,31,3,413.855,414.0,0.0,10000
3,31,4,418.21324264852973,424.0,0.0,9998
3,31,5,391.766,394.0,0.0,10000
3,31,6,372.0854256276883,402,0.0,9997
3,31,7,403.869,406.0,0.0,10000
3,31,8,306.9052,306.0,0.0,10000
3,31,9,390.819,392.0,0.0,10000
3,31,10,387.579,394.0,0.0,10000
3,31,11,400.6924,404.0,0.0,10000
3,31,12,332.41768353670733,336.0,0.0,9998
3,31,13,380.9698,388.0,0.0,10000
3,31,14,409.8054,420.0,0.0,10000
3,31,15,422.4896489648965,426,0.0,9999
3,31,16,399.5836,402.0,0.0,10000
3,31,17,393.998,398.0,0.0,10000
3,31,18,398.8892,402.0,0.0,10000
3,31,19,402.42228445689136,406.0,0.0,9998
3,31,20,398.27,404.0,0.0,10000
3,31,21,396.3162632526505,400.0,0.0,9998
3,31,22,417.4031403140314,418,0.0,9999
3,31,23,375.0998,380.0,0.0,10000
3,31,24,329.2961296129613,328,0.0,9999
3,31,25,276.5495099019804,272.0,0.0,9998
3,31,26,373.0144,376.0,0.0,10000
3,31,27,398.5996,404.0,0.0,10000
3,31,28,391.5336,396.0,0.0,10000
3,31,29,320.1152115211521,318,0.0,9999
3,31,30,310.1988,312.0,0.0,10000
3,31,31,286.0668,280.0,0.0,10000
3,31,32,326.0620062006201,326,0.0,9999
3,31,33,332.96979395879174,334.0,0.0,9998
3,31,34,339.6331266253251,342.0,0.0,9998
3,31,35,398.8664,402.0,0.0,10000
3,31,36,397.6332,400.0,0.0,10000
3,31,37,304.5332,312.0,0.0,10000
3,31,38,333.1716,332.0,0.0,10000
3,31,39,393.7924,400.0,0.0,10000
3,31,40,313.017,312.0,0.0,10000
3,31,41,306.2706,304.0,0.0,10000
3,31,42,412.2580258025803,414,0.0,9999
3,31,43,388.9144,394.0,0.0,10000
3,31,44,401.0602,408.0,0.0,10000
3,31,45,387.0578,388.0,0.0,10000
3,31,46,404.6498,412.0,0.0,10000
3,31,47,408.12721272127214,414,0.0,9999
3,31,48,389.9568,390.0,0.0,10000
3,31,49,308.27,304.0,0.0,10000
3,31,50,395.6426,392.0,0.0,10000
3,31,51,398.237,402.0,0.0,10000
3,31,52,323.9434,324.0,0.0,10000
3,31,53,336.9142,336.0,0.0,10000
3,31,54,276.5942594259426,272,0.0,9999
3,31,55,384.5574,386.0,0.0,10000
3,31,56,408.74247424742475,410,0.0,9999
3,31,57,384.83868386838685,388,0.0,9999
3,31,58,393.79715943188637,400.0,0.0,9998
3,31,59,367.5676,374.0,0.0,10000
3,31,60,393.12831283128315,400,0.0,9999
3,31,61,286.225,280.0,0.0,10000
3,31,62,384.4102820564113,386.0,0.0,9998
3,31,63,318.0158,314.0,0.0,10000
3,31,64,316.4536,312.0,0.0,10000
3,31,65,292.3954,294.0,0.0,10000
3,31,66,310.8495699139828,310.0,0.0,9998
3,31,67,368.241,372.0,0.0,10000
3,31,68,388.0416,392.0,0.0,10000
3,31,69,327.6424,326.0,0.0,10000
3,31,70,390.9608,392.0,0.0,10000
3,31,71,309.6776,312.0,0.0,10000
3,31,72,415.6859685968597,418,0.0,9999
3,31,73,319.0994,318.0,0.0,10000
3,31,74,373.4116,374.0,0.0,10000
3,31,75,357.2736,358.0,0.0,10000
3,31,76,389.0674,390.0,0.0,10000
3,31,77,320.8072807280728,322,0.0,9999
3,31,78,401.689,408.0,0.0,10000
3,31,79,412.9686,418.0,0.0,10000
3,31,80,379.2684,382.0,0.0,10000
3,31,81,326.5104,328.0,0.0,10000
3,31,82,375.7386,378.0,0.0,10000
3,31,83,389.4277427742774,398,0.0,9999
3,31,84,384.16641664166417,386,0.0,9999
3,31,85,390.3846,394.0,0.0,10000
3,31,86,403.1647164716472,408,0.0,9999
3,31,87,396.8486,402.0,0.0,10000
3,31,88,391.5234,394.0,0.0,10000
3,31,89,392.666,392.0,0.0,10000
3,31,90,326.8424,326.0,0.0,10000
3,31,91,395.59071814362875,400.0,0.0,9998
3,31,92,277.3986,272.0,0.0,10000
3,31,93,391.6005600560056,398,0.0,9999
3,31,94,394.635,402.0,0.0,10000
3,31,95,308.6346,308.0,0.0,10000
3,31,96,395.35633563356333,398,0.0,9999
3,31,97,369.5335533553355,372,0.0,9999
3,31,98,400.954,406.0,0.0,10000
3,31,99,391.6386,394.0,0.0,10000
3,32,0,318.0688,320.0,0.0,10000
3,32,1,332.995,334.0,0.0,10000
3,32,2,393.3035303530353,394,0.0,9999
3,32,3,328.4024804960992,332.0,0.0,9998
3,32,4,412.0646064606461,414,0.0,9999
3,32,5,405.3304,410.0,0.0,10000
3,32,6,358.76627662766276,366,0.0,9999
3,32,7,357.5812,356.0,0.0,10000
3,32,8,384.03,386.0,0.0,10000
3,32,9,394.19761976197617,400,0.0,9999
3,32,10,404.05180518051804,404,0.0,9999
3,32,11,324.6360636063606,324,0.0,9999
3,32,12,327.776,330.0,0.0,10000
3,32,13,306.0084,306.0,0.0,10000
3,32,14,394.8978,398.0,0.0,10000
3,32,15,387.84296859371875,396.0,0.0,9998
3,32,16,391.9524,394.0,0.0,10000
3,32,17,322.6518,322.0,0.0,10000
3,32,18,385.5242,390.0,0.0,10000
3,32,19,392.0186,392.0,0.0,10000
3,32,20,300.8235647129426,300.0,0.0,9998
3,32,21,400.50470094018806,404.0,0.0,9998
3,32,22,378.2482,378.0,0.0,10000
3,32,23,393.3001300130013,402,0.0,9999
3,32,24,306.028,304.0,0.0,10000
3,32,25,392.8546,396.0,0.0,10000
3,32,26,402.94778955791156,408.0,0.0,9998
3,32,27,418.55485548554856,420,0.0,9999
3,32,28,410.1534,416.0,0.0,10000
3,32,29,391.521,398.0,0.0,10000
3,32,30,321.3056611322264,320.0,0.0,9998
3,32,31,401.0914,404.0,0.0,10000
3,32,32,327.5498,330.0,0.0,10000
3,32,33,390.385,396.0,0.0,10000
3,32,34,384.5692,388.0,0.0,10000
3,32,35,395.7922,404.0,0.0,10000
3,32,36,408.56325632563255,408,0.0,9999
3,32,37,268.975897589759,266,0.0,9999
3,32,38,387.7222,388.0,0.0,10000
3,32,39,388.7494749474948,390,0.0,9999
3,32,40,407.6629662966297,412,0.0,9999
3,32,41,309.553,310.0,0.0,10000
3,32,42,393.979,398.0,0.0,10000
3,32,43,394.74,398.0,0.0,10000
3,32,44,384.016,386.0,0.0,10000
3,32,45,391.53875387538756,392,0.0,9999
3,32,46,388.2032,394.0,0.0,10000
3,32,47,377.3838,380.0,0.0,10000
3,32,48,286.04340868173637,280.0,0.0,9998
3,32,49,393.2422,396.0,0.0,10000
3,32,50,306.3522,306.0,0.0,10000
3,32,51,400.05920592059203,404,0.0,9999
3,32,52,407.702,414.0,0.0,10000
3,32,53,371.1952,374.0,0.0,10000
3,32,54,317.8849884988499,318,0.0,9999
3,32,55,277.85398539853986,272,0.0,9999
3,32,56,401.8034,404.0,0.0,10000
3,32,57,384.01960196019604,388,0.0,9999
3,32,58,269.6171617161716,266,0.0,9999
3,32,59,346.96449644964497,344,0.0,9999
3,32,60,399.9862,406.0,0.0,10000
3,32,61,317.1343134313431,316,0.0,9999
3,32,62,411.64116411641163,408,0.0,9999
3,32,63,328.4818,332.0,0.0,10000
3,32,64,369.2632,368.0,0.0,10000
3,32,65,374.0668,374.0,0.0,10000
3,32,66,379.4208,384.0,0.0,10000
3,32,67,379.8052,378.0,0.0,10000
3,32,68,392.395,398.0,0.0,10000
3,32,69,393.2992,394.0,0.0,10000
3,32,70,285.6714,280.0,0.0,10000
3,32,71,388.9111822364473,394.0,0.0,9998
3,32,72,305.1368,296.0,0.0,10000
3,32,73,400.5601120224045,400.0,0.0,9998
3,32,74,391.5827582758276,398,0.0,9999
3,32,75,405.759,410.0,0.0,10000
3,32,76,315.5682,316.0,0.0,10000
3,32,77,383.007,382.0,0.0,10000
3,32,78,377.04660932186437,384.0,0.0,9998
3,32,79,390.278,394.0,0.0,10000
3,32,80,399.56975697569754,402,0.0,9999
3,32,81,394.2294229422942,404,0.0,9999
3,32,82,392.35063506350633,404,0.0,9999
3,32,83,371.5084,372.0,0.0,10000
3,32,84,302.4684468446845,306,0.0,9999
3,32,85,396.965496549655,402,0.0,9999
3,32,86,401.6714,412.0,0.0,10000
3,32,87,392.7984,398.0,0.0,10000
3,32,88,402.4886488648865,402,0.0,9999
3,32,89,304.3378,302.0,0.0,10000
3,32,90,381.7133713371337,382,0.0,9999
3,32,91,386.5552,388.0,0.0,10000
3,32,92,384.192,386.0,0.0,10000
3,32,93,307.93279327932794,312,0.0,9999
3,32,94,329.0771077107711,332,0.0,9999
3,32,95,307.9816,304.0,0.0,10000
3,32,96,385.55395539553956,392,0.0,9999
3,32,97,409.6912,414.0,0.0,10000
3,32,98,328.446,330.0,0.0,10000
3,32,99,309.7199719971997,312,0.0,9999
3,33,0,280.5522,274.0,0.0,10000
3,33,1,383.8087808780878,384,0.0,9999
3,33,2,298.4882,296.0,0.0,10000
3,33,3,371.5782,376.0,0.0,10000
3,33,4,368.2502,374.0,0.0,10000
3,33,5,276.969296929693,272,0.0,9999
3,33,6,307.4077407740774,308,0.0,9999
3,33,7,293.919,290.0,0.0,10000
3,33,8,302.9130913091309,306,0.0,9999
3,33,9,316.4056405640564,318,0.0,9999
3,33,10,406.3870774154831,414.0,0.0,9998
3,33,11,364.3074307430743,370,0.0,9999
3,33,12,377.1914,376.0,0.0,10000
3,33,13,377.8578,384.0,0.0,10000
3,33,14,370.5884,370.0,0.0,10000
3,33,15,288.042,288.0,0.0,10000
3,33,16,359.466,358.0,0.0,10000
3,33,17,315.0758,316.0,0.0,10000
3,33,18,366.44144414441445,368,0.0,9999
3,33,19,298.9394,302.0,0.0,10000
3,33,20,360.564,366.0,0.0,10000
3,33,21,385.0822,386.0,0.0,10000
3,33,22,374.2226445289058,380.0,0.0,9998
3,33,23,309.3364,308.0,0.0,10000
3,33,24,299.4268,300.0,0.0,10000
3,33,25,383.2408,388.0,0.0,10000
3,33,26,395.11722344468893,398.0,0.0,9998
3,33,27,381.3886,382.0,0.0,10000
3,33,28,376.595,374.0,0.0,10000
3,33,29,360.2262,358.0,0.0,10000
3,33,30,375.46914691469146,382,0.0,9999
3,33,31,293.6286,296.0,0.0,10000
3,33,32,380.7248,384.0,0.0,10000
3,33,33,374.1366,378.0,0.0,10000
3,33,34,387.997799779978,392,0.0,9999
3,33,35,381.84398439843983,386,0.0,9999
3,33,36,390.2082208220822,390,0.0,9999
3,33,37,378.68806880688066,384,0.0,9999
3,33,38,318.7988798879888,318,0.0,9999
3,33,39,370.3744,372.0,0.0,10000
3,33,40,370.7686768676868,376,0.0,9999
3,33,41,380.66226622662265,386,0.0,9999
3,33,42,284.1246,282.0,0.0,10000
3,33,43,368.6048,374.0,0.0,10000
3,33,44,399.0644,396.0,0.0,10000
3,33,45,293.4384,290.0,0.0,10000
3,33,46,291.4376,290.0,0.0,10000
3,33,47,354.9742,354.0,0.0,10000
3,33,48,277.935,272.0,0.0,10000
3,33,49,289.64116411641163,288,0.0,9999
3,33,50,374.80596119223844,376.0,0.0,9998
3,33,51,372.283,378.0,0.0,10000
3,33,52,378.7892,380.0,0.0,10000
3,33,53,393.9015803160632,398.0,0.0,9998
3,33,54,377.85358535853584,384,0.0,9999
3,33,55,379.98319831983196,384,0.0,9999
3,33,56,384.97189718971896,386,0.0,9999
3,33,57,390.0386077215443,394.0,0.0,9998
3,33,58,384.43124312431246,386,0.0,9999
3,33,59,308.96449644964497,308,0.0,9999
3,33,60,398.6461292258452,398.0,0.0,9998
3,33,61,381.9114,380.0,0.0,10000
3,33,62,384.9466946694669,390,0.0,9999
3,33,63,374.5352535253525,378,0.0,9999
3,33,64,374.0438,376.0,0.0,10000
3,33,65,368.4258,368.0,0.0,10000
3,33,66,362.43484348434845,368,0.0,9999
3,33,67,382.3256,386.0,0.0,10000
3,33,68,380.3788,382.0,0.0,10000
3,33,69,358.909,360.0,0.0,10000
3,33,70,292.3668,272.0,0.0,10000
3,33,71,371.24492449244923,374,0.0,9999
3,33,72,308.4328,306.0,0.0,10000
3,33,73,305.051,304.0,0.0,10000
3,33,74,288.448,280.0,0.0,10000
3,33,75,363.52,362.0,0.0,10000
3,33,76,284.8900890089009,272,0.0,9999
3,33,77,387.8223644728946,392.0,0.0,9998
3,33,78,349.0832,352.0,0.0,10000
3,33,79,380.881,388.0,0.0,10000
3,33,80,306.044,306.0,0.0,10000
3,33,81,270.1136113611361,266,0.0,9999
3,33,82,375.561,380.0,0.0,10000
3,33,83,302.2918,304.0,0.0,10000
3,33,84,291.3294,292.0,0.0,10000
3,33,85,395.8694,402.0,0.0,10000
3,33,86,380.64926492649266,382,0.0,9999
3,33,87,295.7444,292.0,0.0,10000
3,33,88,379.8206,384.0,0.0,10000
3,33,89,278.5934,272.0,0.0,10000
3,33,90,367.9285928592859,368,0.0,9999
3,33,91,372.7020702070207,376,0.0,9999
3,33,92,374.8312831283128,382,0.0,9999
3,33,93,353.6891689168917,358,0.0,9999
3,33,94,366.6652,366.0,0.0,10000
3,33,95,289.32513251325133,286,0.0,9999
3,33,96,289.2964,290.0,0.0,10000
3,33,97,283.0596,284.0,0.0,10000
3,33,98,363.7942,372.0,0.0,10000
3,33,99,301.57275727572755,304,0.0,9999
3,34,0,390.7142,388.0,0.0,10000
3,34,1,312.6388,304.0,0.0,10000
3,34,2,376.89117823564715,382.0,0.0,9998
3,34,3,406.22062206220625,402,0.0,9999
3,34,4,365.11751175117513,368,0.0,9999
3,34,5,311.5874,314.0,0.0,10000
3,34,6,293.2518,274.0,0.0,10000
3,34,7,388.13601360136016,390,0.0,9999
3,34,8,288.34166833366675,288.0,0.0,9998
3,34,9,369.0222,368.0,0.0,10000
3,34,10,398.4994499449945,404,0.0,9999
3,34,11,375.2016,376.0,0.0,10000
3,34,12,367.2326,374.0,0.0,10000
3,34,13,368.2966,374.0,0.0,10000
3,34,14,367.1142,372.0,0.0,10000
3,34,15,370.64512902580515,370.0,0.0,9998
3,34,16,378.34686937387477,380.0,0.0,9998
3,34,17,395.6809680968097,406,0.0,9999
3,34,18,378.6714671467147,382,0.0,9999
3,34,19,386.7312731273127,394,0.0,9999
3,34,20,355.382,354.0,0.0,10000
3,34,21,306.7506,308.0,0.0,10000
3,34,22,317.2008,318.0,0.0,10000
3,34,23,383.673,386.0,0.0,10000
3,34,24,290.4012,290.0,0.0,10000
3,34,25,359.6022,364.0,0.0,10000
3,34,26,392.289,390.0,0.0,10000
3,34,27,372.1218,376.0,0.0,10000
3,34,28,361.7082,362.0,0.0,10000
3,34,29,368.331,370.0,0.0,10000
3,34,30,355.7014,360.0,0.0,10000
3,34,31,277.629,272.0,0.0,10000
3,34,32,374.5466,374.0,0.0,10000
3,34,33,357.9362,360.0,0.0,10000
3,34,34,310.6386,310.0,0.0,10000
3,34,35,359.5609560956096,358,0.0,9999
3,34,36,364.111,364.0,0.0,10000
3,34,37,284.4064406440644,280,0.0,9999
3,34,38,384.01680168016804,388,0.0,9999
3,34,39,364.0512,368.0,0.0,10000
3,34,40,382.027,386.0,0.0,10000
3,34,41,394.0248,394.0,0.0,10000
3,34,42,383.9904,386.0,0.0,10000
3,34,43,397.66356635663567,400,0.0,9999
3,34,44,383.040904090409,380,0.0,9999
3,34,45,278.48,272.0,0.0,10000
3,34,46,373.9424,376.0,0.0,10000
3,34,47,309.4466,308.0,0.0,10000
3,34,48,297.41874187418745,296,0.0,9999
3,34,49,373.7293729372937,376,0.0,9999
3,34,50,283.6248,276.0,0.0,10000
3,34,51,310.889,308.0,0.0,10000
3,34,52,322.9382,322.0,0.0,10000
3,34,53,288.9536,286.0,0.0,10000
3,34,54,299.0596,296.0,0.0,10000
3,34,55,372.1344,376.0,0.0,10000
3,34,56,303.6239623962396,300,0.0,9999
3,34,57,372.03660366036604,378,0.0,9999
3,34,58,378.145,380.0,0.0,10000
3,34,59,381.14891489148914,384,0.0,9999
3,34,60,292.41844184418443,290,0.0,9999
3,34,61,300.4,302.0,0.0,10000
3,34,62,384.8744,388.0,0.0,10000
3,34,63,384.0366,390.0,0.0,10000
3,34,64,271.0236,266.0,0.0,10000
3,34,65,362.5742,364.0,0.0,10000
3,34,66,308.13121312131216,306,0.0,9999
3,34,67,352.78147814781477,356,0.0,9999
3,34,68,354.03960396039605,358,0.0,9999
3,34,69,279.9028,272.0,0.0,10000
3,34,70,289.6564,288.0,0.0,10000
3,34,71,290.7008700870087,292,0.0,9999
3,34,72,314.0662,316.0,0.0,10000
3,34,73,301.4277427742774,300,0.0,9999
3,34,74,310.94929492949296,302,0.0,9999
3,34,75,388.8810881088109,392,0.0,9999
3,34,76,286.0446,276.0,0.0,10000
3,34,77,368.6974,368.0,0.0,10000
3,34,78,372.2882,376.0,0.0,10000
3,34,79,362.839,362.0,0.0,10000
3,34,80,380.56805680568056,382,0.0,9999
3,34,81,358.2122,360.0,0.0,10000
3,34,82,385.4495449544954,384,0.0,9999
3,34,83,382.6084,384.0,0.0,10000
3,34,84,380.9352935293529,384,0.0,9999
3,34,85,390.5156,394.0,0.0,10000
3,34,86,295.3333333333333,296,0.0,9999
3,34,87,286.732,288.0,0.0,10000
3,34,88,287.651,286.0,0.0,10000
3,34,89,388.7778,390.0,0.0,10000
3,34,90,306.2792,298.0,0.0,10000
3,34,91,385.14911491149115,384,0.0,9999
3,34,92,368.0626,370.0,0.0,10000
3,34,93,278.8672,272.0,0.0,10000
3,34,94,380.1628162816282,384,0.0,9999
3,34,95,287.7784,280.0,0.0,10000
3,34,96,363.0006,366.0,0.0,10000
3,34,97,372.7418,376.0,0.0,10000
3,34,98,298.3794,294.0,0.0,10000
3,34,99,363.0675067506751,364,0.0,9999
3,35,0,376.3062,374.0,0.0,10000
3,35,1,364.6184,366.0,0.0,10000
3,35,2,386.20142014201423,392,0.0,9999
3,35,3,300.2182,298.0,0.0,10000
3,35,4,364.3020302030203,366,0.0,9999
3,35,5,368.65613122624524,372.0,0.0,9998
3,35,6,359.542,376.0,0.0,10000
3,35,7,370.018,370.0,0.0,10000
3,35,8,399.877,400.0,0.0,10000
3,35,9,369.3476,366.0,0.0,10000
3,35,10,297.6351635163516,300,0.0,9999
3,35,11,376.909,374.0,0.0,10000
3,35,12,380.102,382.0,0.0,10000
3,35,13,379.1364272854571,388.0,0.0,9998
3,35,14,392.5576,400.0,0.0,10000
3,35,15,380.1426,378.0,0.0,10000
3,35,16,298.0376,296.0,0.0,10000
3,35,17,311.1774,314.0,0.0,10000
3,35,18,286.3776,276.0,0.0,10000
3,35,19,371.72057205720574,374,0.0,9999
3,35,20,377.4438,380.0,0.0,10000
3,35,21,369.06590659065904,368,0.0,9999
3,35,22,358.9194,362.0,0.0,10000
3,35,23,308.4242,306.0,0.0,10000
3,35,24,298.6552,300.0,0.0,10000
3,35,25,385.2630526105221,388.0,0.0,9998
3,35,26,374.06340634063406,374,0.0,9999
3,35,27,368.1058,368.0,0.0,10000
3,35,28,377.439,374.0,0.0,10000
3,35,29,382.66613322664534,386.0,0.0,9998
3,35,30,294.77587758775877,298,0.0,9999
3,35,31,298.645,302.0,0.0,10000
3,35,32,385.053,386.0,0.0,10000
3,35,33,382.8202820282028,388,0.0,9999
3,35,34,392.7174,398.0,0.0,10000
3,35,35,357.7808,356.0,0.0,10000
3,35,36,372.1466146614662,380,0.0,9999
3,35,37,392.52625262526254,394,0.0,9999
3,35,38,301.1992,300.0,0.0,10000
3,35,39,391.0984,398.0,0.0,10000
3,35,40,390.5958595859586,400,0.0,9999
3,35,41,279.568,272.0,0.0,10000
3,35,42,381.0052,384.0,0.0,10000
3,35,43,387.991799179918,390,0.0,9999
3,35,44,380.11581158115814,378,0.0,9999
3,35,45,318.2868286828683,318,0.0,9999
3,35,46,373.65633126625323,374.0,0.0,9998
3,35,47,365.8583716743349,362.0,0.0,9998
3,35,48,374.9496,376.0,0.0,10000
3,35,49,380.57185718571856,386,0.0,9999
3,35,50,378.24842484248427,384,0.0,9999
3,35,51,376.80048004800483,378,0.0,9999
3,35,52,285.6067606760676,280,0.0,9999
3,35,53,402.4210842168434,404.0,0.0,9998
3,35,54,298.25682568256826,282,0.0,9999
3,35,55,320.3154,318.0,0.0,10000
3,35,56,289.3896,288.0,0.0,10000
3,35,57,365.1572,368.0,0.0,10000
3,35,58,380.0754075407541,384,0.0,9999
3,35,59,383.5194,386.0,0.0,10000
3,35,60,382.9188918891889,388,0.0,9999
3,35,61,368.73787378737876,372,0.0,9999
3,35,62,377.5596,382.0,0.0,10000
3,35,63,367.1346,370.0,0.0,10000
3,35,64,294.7578,294.0,0.0,10000
3,35,65,314.1712,314.0,0.0,10000
3,35,66,367.3136627325465,370.0,0.0,9998
3,35,67,362.7154715471547,368,0.0,9999
3,35,68,291.5382,288.0,0.0,10000
3,35,69,357.7997799779978,360,0.0,9999
3,35,70,362.65086508650865,366,0.0,9999
3,35,71,366.4754,370.0,0.0,10000
3,35,72,379.995,382.0,0.0,10000
3,35,73,362.91489148914894,368,0.0,9999
3,35,74,299.6756,298.0,0.0,10000
3,35,75,290.3284,288.0,0.0,10000
3,35,76,364.5046,370.0,0.0,10000
3,35,77,372.7624,378.0,0.0,10000
3,35,78,283.8999899989999,280,0.0,9999
3,35,79,303.7072,306.0,0.0,10000
3,35,80,394.1858,398.0,0.0,10000
3,35,81,316.864,320.0,0.0,10000
3,35,82,379.4828,384.0,0.0,10000
3,35,83,367.3029302930293,372,0.0,9999
3,35,84,379.05841168233644,376.0,0.0,9998
3,35,85,394.2736,394.0,0.0,10000
3,35,86,299.4199419941994,300,0.0,9999
3,35,87,311.0926,306.0,0.0,10000
3,35,88,383.0528,386.0,0.0,10000
3,35,89,386.4172,390.0,0.0,10000
3,35,90,297.4514,298.0,0.0,10000
3,35,91,270.1892,266.0,0.0,10000
3,35,92,269.6244,266.0,0.0,10000
3,35,93,304.9304930493049,302,0.0,9999
3,35,94,396.18245473642094,400,0.0,9997
3,35,95,271.0968193638728,266.0,0.0,9998
3,35,96,390.5980598059806,396,0.0,9999
3,35,97,375.3426,378.0,0.0,10000
3,35,98,309.1076,312.0,0.0,10000
3,35,99,384.5742,388.0,0.0,10000
3,36,0,354.3034,356.0,0.0,10000
3,36,1,285.0797079707971,274,0.0,9999
3,36,2,372.7170717071707,378,0.0,9999
3,36,3,366.2840568113623,368.0,0.0,9998
3,36,4,277.1504,266.0,0.0,10000
3,36,5,355.83298329832985,358,0.0,9999
3,36,6,338.67113422684537,348.0,0.0,9998
3,36,7,293.4086,296.0,0.0,10000
3,36,8,273.4944,272.0,0.0,10000
3,36,9,355.34733473347336,360,0.0,9999
3,36,10,352.8068,352.0,0.0,10000
3,36,11,365.5505550555055,368,0.0,9999
3,36,12,291.8498,292.0,0.0,10000
3,36,13,365.6091609160916,374,0.0,9999
3,36,14,285.3446,276.0,0.0,10000
3,36,15,362.26642664266427,364,0.0,9999
3,36,16,297.63576357635765,300,0.0,9999
3,36,17,346.9842,354.0,0.0,10000
3,36,18,277.31,272.0,0.0,10000
3,36,19,279.8506,280.0,0.0,10000
3,36,20,350.50810162032406,350.0,0.0,9998
3,36,21,352.296,356.0,0.0,10000
3,36,22,278.1304,274.0,0.0,10000
3,36,23,355.1934,354.0,0.0,10000
3,36,24,273.3856,272.0,0.0,10000
3,36,25,360.4036,366.0,0.0,10000
3,36,26,337.1022,336.0,0.0,10000
3,36,27,278.4998499849985,274,0.0,9999
3,36,28,293.1966,290.0,0.0,10000
3,36,29,362.819,366.0,0.0,10000
3,36,30,364.1218,364.0,0.0,10000
3,36,31,296.8096809680968,296,0.0,9999
3,36,32,279.8547564269281,272,0.0,9997
3,36,33,366.3242,368.0,0.0,10000
3,36,34,328.7932,332.0,0.0,10000
3,36,35,269.5963596359636,266,0.0,9999
3,36,36,335.9912,338.0,0.0,10000
3,36,37,351.1302,358.0,0.0,10000
3,36,38,333.2896,338.0,0.0,10000
3,36,39,371.6242,374.0,0.0,10000
3,36,40,376.7666766676668,378,0.0,9999
3,36,41,278.972297229723,280,0.0,9999
3,36,42,288.972,280.0,0.0,10000
3,36,43,360.2438243824382,362,0.0,9999
3,36,44,377.1743174317432,378,0.0,9999
3,36,45,355.81778177817785,358,0.0,9999
3,36,46,355.9196,356.0,0.0,10000
3,36,47,334.989,334.0,0.0,10000
3,36,48,291.3186,288.0,0.0,10000
3,36,49,343.83298329832985,348,0.0,9999
3,36,50,355.5039503950395,358,0.0,9999
3,36,51,275.0526,272.0,0.0,10000
3,36,52,285.705,280.0,0.0,10000
3,36,53,283.8654,282.0,0.0,10000
3,36,54,347.493,352.0,0.0,10000
3,36,55,367.55,366.0,0.0,10000
3,36,56,283.36793679367935,282,0.0,9999
3,36,57,285.042,284.0,0.0,10000
3,36,58,363.4986,366.0,0.0,10000
3,36,59,342.26702670267025,346,0.0,9999
3,36,60,348.7836783678368,352,0.0,9999
3,36,61,292.863,290.0,0.0,10000
3,36,62,278.4678,278.0,0.0,10000
3,36,63,361.6801680168017,366,0.0,9999
3,36,64,343.427,344.0,0.0,10000
3,36,65,351.83698369836986,350,0.0,9999
3,36,66,368.1566,368.0,0.0,10000
3,36,67,282.4162,282.0,0.0,10000
3,36,68,290.3756,288.0,0.0,10000
3,36,69,289.74897489748975,288,0.0,9999
3,36,70,272.2702,266.0,0.0,10000
3,36,71,363.6992,366.0,0.0,10000
3,36,72,360.5456,364.0,0.0,10000
3,36,73,349.352,348.0,0.0,10000
3,36,74,317.0226,316.0,0.0,10000
3,36,75,355.047704770477,354,0.0,9999
3,36,76,338.887,344.0,0.0,10000
3,36,77,287.112,278.0,0.0,10000
3,36,78,270.1438,266.0,0.0,10000
3,36,79,361.4954,362.0,0.0,10000
3,36,80,350.3482,352.0,0.0,10000
3,36,81,348.4056,350.0,0.0,10000
3,36,82,369.8494,372.0,0.0,10000
3,36,83,362.3664,366.0,0.0,10000
3,36,84,359.5674,362.0,0.0,10000
3,36,85,360.569,366.0,0.0,10000
3,36,86,277.6086,274.0,0.0,10000
3,36,87,358.09441888377677,362.0,0.0,9998
3,36,88,343.9675935187037,342.0,0.0,9998
3,36,89,344.5726,342.0,0.0,10000
3,36,90,269.1901190119012,266,0.0,9999
3,36,91,369.3418,374.0,0.0,10000
3,36,92,361.8965896589659,362,0.0,9999
3,36,93,274.07260726072604,272,0.0,9999
3,36,94,362.5226,366.0,0.0,10000
3,36,95,361.0064,366.0,0.0,10000
3,36,96,362.7238,368.0,0.0,10000
3,36,97,351.53855385538554,352,0.0,9999
3,36,98,367.5201520152015,368,0.0,9999
3,36,99,355.9094,352.0,0.0,10000
3,37,0,278.4062,272.0,0.0,10000
3,37,1,372.6942694269427,374,0.0,9999
3,37,2,365.5285528552855,370,0.0,9999
3,37,3,337.0308,334.0,0.0,10000
3,37,4,282.246,276.0,0.0,10000
3,37,5,359.3982,366.0,0.0,10000
3,37,6,286.35430629188755,272,0.0,9997
3,37,7,279.8404,272.0,0.0,10000
3,37,8,343.98419841984196,344,0.0,9999
3,37,9,278.5954595459546,272,0.0,9999
3,37,10,343.4616,350.0,0.0,10000
3,37,11,356.9264,362.0,0.0,10000
3,37,12,279.6088,272.0,0.0,10000
3,37,13,286.8574,280.0,0.0,10000
3,37,14,358.6380638063806,362,0.0,9999
3,37,15,277.3048,274.0,0.0,10000
3,37,16,351.67376737673766,354,0.0,9999
3,37,17,334.6938693869387,338,0.0,9999
3,37,18,358.21904380876174,354.0,0.0,9998
3,37,19,283.193,284.0,0.0,10000
3,37,20,304.8092,306.0,0.0,10000
3,37,21,286.66806680668066,288,0.0,9999
3,37,22,361.9132,366.0,0.0,10000
3,37,23,282.84728472847286,280,0.0,9999
3,37,24,282.3120624124825,280.0,0.0,9998
3,37,25,351.0574,350.0,0.0,10000
3,37,26,279.1692,272.0,0.0,10000
3,37,27,347.4192,352.0,0.0,10000
3,37,28,345.0921092109211,346,0.0,9999
3,37,29,351.789,354.0,0.0,10000
3,37,30,348.4010802160432,354.0,0.0,9998
3,37,31,349.481,348.0,0.0,10000
3,37,32,359.0706,364.0,0.0,10000
3,37,33,365.4312,368.0,0.0,10000
3,37,34,373.7588,374.0,0.0,10000
3,37,35,349.4688,354.0,0.0,10000
3,37,36,294.87288728872886,290,0.0,9999
3,37,37,292.1246,284.0,0.0,10000
3,37,38,276.9282,272.0,0.0,10000
3,37,39,287.8514,290.0,0.0,10000
3,37,40,363.244,362.0,0.0,10000
3,37,41,355.9156,354.0,0.0,10000
3,37,42,283.0576,284.0,0.0,10000
3,37,43,369.8821882188219,376,0.0,9999
3,37,44,368.36883688368835,372,0.0,9999
3,37,45,285.5044,282.0,0.0,10000
3,37,46,283.002500250025,280,0.0,9999
3,37,47,368.3292,372.0,0.0,10000
3,37,48,269.974,266.0,0.0,10000
3,37,49,289.9092,290.0,0.0,10000
3,37,50,352.61966196619665,356,0.0,9999
3,37,51,275.5934,272.0,0.0,10000
3,37,52,370.001,370.0,0.0,10000
3,37,53,345.8134,346.0,0.0,10000
3,37,54,355.016,354.0,0.0,10000
3,37,55,360.43304330433045,366,0.0,9999
3,37,56,268.6646,266.0,0.0,10000
3,37,57,278.6584,274.0,0.0,10000
3,37,58,359.1866,358.0,0.0,10000
3,37,59,359.5304,360.0,0.0,10000
3,37,60,375.06790679067905,378,0.0,9999
3,37,61,363.5658,368.0,0.0,10000
3,37,62,375.8993899389939,378,0.0,9999
3,37,63,371.4326,376.0,0.0,10000
3,37,64,355.8933893389339,358,0.0,9999
3,37,65,279.4022,268.0,0.0,10000
3,37,66,340.2212,344.0,0.0,10000
3,37,67,351.3062,352.0,0.0,10000
3,37,68,282.7800780078008,280,0.0,9999
3,37,69,282.04060406040605,280,0.0,9999
3,37,70,353.101,354.0,0.0,10000
3,37,71,359.6505301060212,356.0,0.0,9998
3,37,72,358.4962,360.0,0.0,10000
3,37,73,277.0596,272.0,0.0,10000
3,37,74,384.5925185037007,384.0,0.0,9998
3,37,75,279.4072,272.0,0.0,10000
3,37,76,353.0426,350.0,0.0,10000
3,37,77,285.2054,280.0,0.0,10000
3,37,78,364.6942694269427,366,0.0,9999
3,37,79,346.9556,344.0,0.0,10000
3,37,80,340.1238,340.0,0.0,10000
3,37,81,356.5514,358.0,0.0,10000
3,37,82,283.0760152030406,280.0,0.0,9998
3,37,83,339.7828,344.0,0.0,10000
3,37,84,334.2294229422942,334,0.0,9999
3,37,85,362.03560356035604,366,0.0,9999
3,37,86,365.07070707070704,368,0.0,9999
3,37,87,350.8104810481048,356,0.0,9999
3,37,88,348.0032,348.0,0.0,10000
3,37,89,347.7731773177318,350,0.0,9999
3,37,90,342.0026,344.0,0.0,10000
3,37,91,374.6840684068407,376,0.0,9999
3,37,92,342.06920692069207,346,0.0,9999
3,37,93,290.006400640064,286,0.0,9999
3,37,94,275.3874,272.0,0.0,10000
3,37,95,336.2916291629163,342,0.0,9999
3,37,96,340.5828,340.0,0.0,10000
3,37,97,284.63206320632065,282,0.0,9999
3,37,98,279.7697539507902,272.0,0.0,9998
3,37,99,343.5284,346.0,0.0,10000
3,38,0,361.9246,366.0,0.0,10000
3,38,1,285.2708,284.0,0.0,10000
3,38,2,286.5664,286.0,0.0,10000
3,38,3,362.52295688706613,360,0.0,9997
3,38,4,294.7464,296.0,0.0,10000
3,38,5,345.4191419141914,348,0.0,9999
3,38,6,291.3989398939894,276,0.0,9999
3,38,7,368.4042,370.0,0.0,10000
3,38,8,338.7374,336.0,0.0,10000
3,38,9,365.6865686568657,362,0.0,9999
3,38,10,345.5084,350.0,0.0,10000
3,38,11,279.6097609760976,272,0.0,9999
3,38,12,377.04370437043707,378,0.0,9999
3,38,13,362.8390839083908,370,0.0,9999
3,38,14,283.1115111511151,272,0.0,9999
3,38,15,367.65176517651764,370,0.0,9999
3,38,16,280.5368,272.0,0.0,10000
3,38,17,366.3938,368.0,0.0,10000
3,38,18,270.8726,266.0,0.0,10000
3,38,19,355.7995799579958,356,0.0,9999
3,38,20,337.8145814581458,340,0.0,9999
3,38,21,330.05280528052805,328,0.0,9999
3,38,22,367.8636,366.0,0.0,10000
3,38,23,362.91669166916694,362,0.0,9999
3,38,24,360.62886288628863,362,0.0,9999
3,38,25,278.7468,274.0,0.0,10000
3,38,26,347.7618,350.0,0.0,10000
3,38,27,278.2046,274.0,0.0,10000
3,38,28,341.4812,344.0,0.0,10000
3,38,29,358.9352,362.0,0.0,10000
3,38,30,355.786,356.0,0.0,10000
3,38,31,269.8875887588759,266,0.0,9999
3,38,32,275.0842,266.0,0.0,10000
3,38,33,343.889,346.0,0.0,10000
3,38,34,271.1894,265.0,0.0,10000
3,38,35,272.0964,266.0,0.0,10000
3,38,36,341.548,340.0,0.0,10000
3,38,37,275.1662,272.0,0.0,10000
3,38,38,276.7704,272.0,0.0,10000
3,38,39,376.7844,376.0,0.0,10000
3,38,40,294.4932493249325,298,0.0,9999
3,38,41,284.74694938987795,280.0,0.0,9998
3,38,42,353.801,354.0,0.0,10000
3,38,43,354.858,358.0,0.0,10000
3,38,44,289.3015301530153,292,0.0,9999
3,38,45,354.095,352.0,0.0,10000
3,38,46,278.8432,272.0,0.0,10000
3,38,47,292.00620062006203,280,0.0,9999
3,38,48,285.9174,288.0,0.0,10000
3,38,49,350.4154415441544,354,0.0,9999
3,38,50,355.6338,356.0,0.0,10000
3,38,51,373.8496,376.0,0.0,10000
3,38,52,350.33003300330034,348,0.0,9999
3,38,53,349.8363836383638,352,0.0,9999
3,38,54,348.4938,352.0,0.0,10000
3,38,55,280.1178,272.0,0.0,10000
3,38,56,348.1184,348.0,0.0,10000
3,38,57,356.4686,358.0,0.0,10000
3,38,58,351.955,354.0,0.0,10000
3,38,59,360.937,360.0,0.0,10000
3,38,60,279.9034,272.0,0.0,10000
3,38,61,282.82128212821283,284,0.0,9999
3,38,62,351.19243848769753,354.0,0.0,9998
3,38,63,372.3524352435243,372,0.0,9999
3,38,64,291.99759975997597,290,0.0,9999
3,38,65,329.8893889388939,334,0.0,9999
3,38,66,272.5616,266.0,0.0,10000
3,38,67,293.1608,292.0,0.0,10000
3,38,68,347.7762,348.0,0.0,10000
3,38,69,278.381,272.0,0.0,10000
3,38,70,377.0895089508951,378,0.0,9999
3,38,71,273.6036,266.0,0.0,10000
3,38,72,277.5302,272.0,0.0,10000
3,38,73,354.6542,354.0,0.0,10000
3,38,74,356.4122,358.0,0.0,10000
3,38,75,348.879,344.0,0.0,10000
3,38,76,371.8768,376.0,0.0,10000
3,38,77,371.288,376.0,0.0,10000
3,38,78,335.1886377275455,338.0,0.0,9998
3,38,79,358.669,364.0,0.0,10000
3,38,80,276.2704270427043,272,0.0,9999
3,38,81,274.0794,266.0,0.0,10000
3,38,82,354.5204,358.0,0.0,10000
3,38,83,287.0498099619924,288.0,0.0,9998
3,38,84,280.2084208420842,282,0.0,9999
3,38,85,342.1620162016202,342,0.0,9999
3,38,86,289.8742,288.0,0.0,10000
3,38,87,349.2272,352.0,0.0,10000
3,38,88,275.6646,272.0,0.0,10000
3,38,89,359.1666,360.0,0.0,10000
3,38,90,271.6624,266.0,0.0,10000
3,38,91,285.1014,280.0,0.0,10000
3,38,92,358.332,364.0,0.0,10000
3,38,93,282.57945794579456,282,0.0,9999
3,38,94,364.1010202040408,362.0,0.0,9998
3,38,95,271.0348069613923,266.0,0.0,9998
3,38,96,278.1096,268.0,0.0,10000
3,38,97,274.6370637063706,272,0.0,9999
3,38,98,369.8505850585058,376,0.0,9999
3,38,99,367.2006,372.0,0.0,10000
3,39,0,353.5123512351235,350,0.0,9999
3,39,1,269.688,266.0,0.0,10000
3,39,2,350.332,350.0,0.0,10000
3,39,3,275.0543054305431,272,0.0,9999
3,39,4,268.4902490249025,266,0.0,9999
3,39,5,270.0886177235447,266.0,0.0,9998
3,39,6,289.516,280.0,0.0,10000
3,39,7,330.44904490449045,328,0.0,9999
3,39,8,333.0408,330.0,0.0,10000
3,39,9,282.94129412941294,280,0.0,9999
3,39,10,338.0262,338.0,0.0,10000
3,39,11,347.6888,348.0,0.0,10000
3,39,12,331.1878,330.0,0.0,10000
3,39,13,330.0666,332.0,0.0,10000
3,39,14,357.3896,358.0,0.0,10000
3,39,15,362.15121512151217,364,0.0,9999
3,39,16,351.8912,350.0,0.0,10000
3,39,17,357.4069406940694,358,0.0,9999
3,39,18,330.6638,330.0,0.0,10000
3,39,19,332.35707141428287,330.0,0.0,9998
3,39,20,340.5216521652165,346,0.0,9999
3,39,21,279.4718,278.0,0.0,10000
3,39,22,327.3022,326.0,0.0,10000
3,39,23,339.6825682568257,338,0.0,9999
3,39,24,337.8004,336.0,0.0,10000
3,39,25,325.0146,326.0,0.0,10000
3,39,26,342.55645564556454,346,0.0,9999
3,39,27,349.018901890189,352,0.0,9999
3,39,28,342.209,346.0,0.0,10000
3,39,29,349.5976,346.0,0.0,10000
3,39,30,269.6224,266.0,0.0,10000
3,39,31,275.0334,266.0,0.0,10000
3,39,32,333.16151615161516,330,0.0,9999
3,39,33,335.4302,332.0,0.0,10000
3,39,34,274.1688,272.0,0.0,10000
3,39,35,268.0838,266.0,0.0,10000
3,39,36,336.9294,336.0,0.0,10000
3,39,37,348.9116,352.0,0.0,10000
3,39,38,336.7074,338.0,0.0,10000
3,39,39,357.7446,360.0,0.0,10000
3,39,40,337.1332,340.0,0.0,10000
3,39,41,357.67096709670966,360,0.0,9999
3,39,42,276.009,272.0,0.0,10000
3,39,43,345.74437443744375,342,0.0,9999
3,39,44,349.42728545709144,348.0,0.0,9998
3,39,45,324.732,326.0,0.0,10000
3,39,46,325.7197719771977,326,0.0,9999
3,39,47,348.3364,348.0,0.0,10000
3,39,48,275.2292,272.0,0.0,10000
3,39,49,351.2484,356.0,0.0,10000
3,39,50,275.3708,272.0,0.0,10000
3,39,51,280.6066,274.0,0.0,10000
3,39,52,329.5351535153515,336,0.0,9999
3,39,53,276.3772,272.0,0.0,10000
3,39,54,333.6532,336.0,0.0,10000
3,39,55,345.7256,348.0,0.0,10000
3,39,56,349.5378,348.0,0.0,10000
3,39,57,340.6234,344.0,0.0,10000
3,39,58,274.5472,272.0,0.0,10000
3,39,59,329.9902,330.0,0.0,10000
3,39,60,348.3970397039704,350,0.0,9999
3,39,61,342.569,344.0,0.0,10000
3,39,62,334.0868173634727,336.0,0.0,9998
3,39,63,353.6032,348.0,0.0,10000
3,39,64,345.7179717971797,344,0.0,9999
3,39,65,352.812,354.0,0.0,10000
3,39,66,285.13271327132713,280,0.0,9999
3,39,67,281.8856,272.0,0.0,10000
3,39,68,345.8872,348.0,0.0,10000
3,39,69,338.9062906290629,338,0.0,9999
3,39,70,321.5896,320.0,0.0,10000
3,39,71,275.4039403940394,272,0.0,9999
3,39,72,328.62446244624465,326,0.0,9999
3,39,73,268.9294,266.0,0.0,10000
3,39,74,267.8,266.0,0.0,10000
3,39,75,269.6742,266.0,0.0,10000
3,39,76,349.6488,346.0,0.0,10000
3,39,77,276.0782,272.0,0.0,10000
3,39,78,345.8077807780778,346,0.0,9999
3,39,79,276.2106,266.0,0.0,10000
3,39,80,337.7556,336.0,0.0,10000
3,39,81,274.234,272.0,0.0,10000
3,39,82,351.47909581916383,352.0,0.0,9998
3,39,83,271.6836,266.0,0.0,10000
3,39,84,314.7516,312.0,0.0,10000
3,39,85,312.3922,314.0,0.0,10000
3,39,86,342.206,340.0,0.0,10000
3,39,87,326.6751350270054,328.0,0.0,9998
3,39,88,316.3210321032103,318,0.0,9999
3,39,89,338.6652,342.0,0.0,10000
3,39,90,320.1188,322.0,0.0,10000
3,39,91,343.1596,344.0,0.0,10000
3,39,92,326.3352,326.0,0.0,10000
3,39,93,332.4474,332.0,0.0,10000
3,39,94,337.03890389038907,332,0.0,9999
3,39,95,289.9252,280.0,0.0,10000
3,39,96,268.8694869486949,266,0.0,9999
3,39,97,275.87678767876787,272,0.0,9999
3,39,98,344.85308530853086,346,0.0,9999
3,39,99,276.5780578057806,272,0.0,9999
3,40,0,347.7863786378638,352,0.0,9999
3,40,1,345.5797579757976,344,0.0,9999
3,40,2,274.714,266.0,0.0,10000
3,40,3,337.67973594718944,338.0,0.0,9998
3,40,4,343.97899789979,342,0.0,9999
3,40,5,334.05280528052805,334,0.0,9999
3,40,6,278.4272,266.0,0.0,10000
3,40,7,339.3918,340.0,0.0,10000
3,40,8,347.86718671867186,348,0.0,9999
3,40,9,341.0512,344.0,0.0,10000
3,40,10,333.5352,332.0,0.0,10000
3,40,11,276.2238,272.0,0.0,10000
3,40,12,275.5342,272.0,0.0,10000
3,40,13,329.5686,328.0,0.0,10000
3,40,14,339.7926,344.0,0.0,10000
3,40,15,344.8738,348.0,0.0,10000
3,40,16,333.25572557255725,336,0.0,9999
3,40,17,274.2818281828183,272,0.0,9999
3,40,18,342.6308,346.0,0.0,10000
3,40,19,273.59095909590957,266,0.0,9999
3,40,20,287.15631563156313,280,0.0,9999
3,40,21,276.73767376737675,272,0.0,9999
3,40,22,351.3906,354.0,0.0,10000
3,40,23,338.2284,342.0,0.0,10000
3,40,24,277.208,272.0,0.0,10000
3,40,25,332.1934193419342,334,0.0,9999
3,40,26,352.8964896489649,352,0.0,9999
3,40,27,273.7353735373537,272,0.0,9999
3,40,28,332.7782,334.0,0.0,10000
3,40,29,334.0496,332.0,0.0,10000
3,40,30,347.1075107510751,346,0.0,9999
3,40,31,268.1784,266.0,0.0,10000
3,40,32,275.699,272.0,0.0,10000
3,40,33,332.5946,328.0,0.0,10000
3,40,34,361.96719671967196,364,0.0,9999
3,40,35,361.0526,362.0,0.0,10000
3,40,36,275.9426,272.0,0.0,10000
3,40,37,267.9986,266.0,0.0,10000
3,40,38,342.35223522352237,340,0.0,9999
3,40,39,348.996699669967,350,0.0,9999
3,40,40,272.9832,266.0,0.0,10000
3,40,41,349.9737947589518,354.0,0.0,9998
3,40,42,271.93459345934593,266,0.0,9999
3,40,43,341.618,344.0,0.0,10000
3,40,44,352.5958,354.0,0.0,10000
3,40,45,343.0958,348.0,0.0,10000
3,40,46,351.367,350.0,0.0,10000
3,40,47,357.83478347834784,358,0.0,9999
3,40,48,268.139,266.0,0.0,10000
3,40,49,331.005,332.0,0.0,10000
3,40,50,341.8458,340.0,0.0,10000
3,40,51,350.5376,354.0,0.0,10000
3,40,52,354.58905890589057,356,0.0,9999
3,40,53,277.2381238123812,272,0.0,9999
3,40,54,358.8570857085709,358,0.0,9999
3,40,55,271.7021404280856,266.0,0.0,9998
3,40,56,345.3682,348.0,0.0,10000
3,40,57,343.46794679467945,348,0.0,9999
3,40,58,350.04980498049804,352,0.0,9999
3,40,59,343.84038403840384,344,0.0,9999
3,40,60,269.6314,266.0,0.0,10000
3,40,61,326.5326,324.0,0.0,10000
3,40,62,273.83,266.0,0.0,10000
3,40,63,355.2492,358.0,0.0,10000
3,40,64,284.5816,280.0,0.0,10000
3,40,65,347.8466,346.0,0.0,10000
3,40,66,273.0462,266.0,0.0,10000
3,40,67,357.50470094018806,358.0,0.0,9998
3,40,68,369.457,370.0,0.0,10000
3,40,69,329.1436,334.0,0.0,10000
3,40,70,333.8214,334.0,0.0,10000
3,40,71,334.8328,332.0,0.0,10000
3,40,72,335.9638,336.0,0.0,10000
3,40,73,322.4798479847985,328,0.0,9999
3,40,74,333.4072,330.0,0.0,10000
3,40,75,338.9228922892289,340,0.0,9999
3,40,76,269.4868,266.0,0.0,10000
3,40,77,340.0438,338.0,0.0,10000
3,40,78,350.8284,348.0,0.0,10000
3,40,79,353.5159515951595,354,0.0,9999
3,40,80,334.7312,334.0,0.0,10000
3,40,81,337.1847184718472,336,0.0,9999
3,40,82,351.0108,348.0,0.0,10000
3,40,83,319.2159215921592,322,0.0,9999
3,40,84,346.4366,350.0,0.0,10000
3,40,85,276.5498,272.0,0.0,10000
3,40,86,324.4078407840784,330,0.0,9999
3,40,87,268.025,266.0,0.0,10000
3,40,88,277.2272,272.0,0.0,10000
3,40,89,307.551,310.0,0.0,10000
3,40,90,337.9848,338.0,0.0,10000
3,40,91,328.63926392639263,328,0.0,9999
3,40,92,276.68293658731744,272.0,0.0,9998
3,40,93,315.8178,318.0,0.0,10000
3,40,94,279.1394,272.0,0.0,10000
3,40,95,335.1845184518452,340,0.0,9999
3,40,96,362.7032703270327,362,0.0,9999
3,40,97,350.9984,350.0,0.0,10000
3,40,98,339.5416,340.0,0.0,10000
3,40,99,344.3094,344.0,0.0,10000
3,41,0,340.3966,338.0,0.0,10000
3,41,1,325.651,330.0,0.0,10000
3,41,2,285.2456,280.0,0.0,10000
3,41,3,337.2134,340.0,0.0,10000
3,41,4,275.3829382938294,272,0.0,9999
3,41,5,326.6094609460946,330,0.0,9999
3,41,6,324.7220722072207,322,0.0,9999
3,41,7,333.627,338.0,0.0,10000
3,41,8,344.3562,346.0,0.0,10000
3,41,9,268.8646,266.0,0.0,10000
3,41,10,269.2392,266.0,0.0,10000
3,41,11,348.0208,352.0,0.0,10000
3,41,12,275.3152576288144,272,0.0,9995
3,41,13,336.8278827882788,338,0.0,9999
3,41,14,346.509,344.0,0.0,10000
3,41,15,326.1968,330.0,0.0,10000
3,41,16,340.6954695469547,340,0.0,9999
3,41,17,334.1252,332.0,0.0,10000
3,41,18,270.95769576957696,266,0.0,9999
3,41,19,317.9569913982797,316.0,0.0,9998
3,41,20,335.78437843784377,332,0.0,9999
3,41,21,283.4732,280.0,0.0,10000
3,41,22,277.3244,272.0,0.0,10000
3,41,23,328.6816681668167,330,0.0,9999
3,41,24,267.4708,266.0,0.0,10000
3,41,25,344.0442,348.0,0.0,10000
3,41,26,337.2008,338.0,0.0,10000
3,41,27,280.8636,272.0,0.0,10000
3,41,28,348.77267726772675,344,0.0,9999
3,41,29,268.725,266.0,0.0,10000
3,41,30,348.653,350.0,0.0,10000
3,41,31,325.8076,326.0,0.0,10000
3,41,32,356.1948194819482,358,0.0,9999
3,41,33,354.636,354.0,0.0,10000
3,41,34,339.8372,338.0,0.0,10000
3,41,35,313.0894,314.0,0.0,10000
3,41,36,328.3984398439844,330,0.0,9999
3,41,37,321.4474,324.0,0.0,10000
3,41,38,335.26112611261124,338,0.0,9999
3,41,39,352.55465546554655,360,0.0,9999
3,41,40,346.04680468046803,346,0.0,9999
3,41,41,328.4374874974995,330.0,0.0,9998
3,41,42,345.9826,348.0,0.0,10000
3,41,43,336.6402,334.0,0.0,10000
3,41,44,339.0634,338.0,0.0,10000
3,41,45,349.5334,350.0,0.0,10000
3,41,46,347.033503350335,350,0.0,9999
3,41,47,341.3305330533053,346,0.0,9999
3,41,48,336.3570357035704,330,0.0,9999
3,41,49,334.3592,334.0,0.0,10000
3,41,50,358.55645564556454,362,0.0,9999
3,41,51,275.466,272.0,0.0,10000
3,41,52,348.5808,346.0,0.0,10000
3,41,53,339.52735273527355,340,0.0,9999
3,41,54,268.3636363636364,266,0.0,9999
3,41,55,285.66996699669966,284,0.0,9999
3,41,56,274.714,272.0,0.0,10000
3,41,57,325.6006,326.0,0.0,10000
3,41,58,358.3136313631363,360,0.0,9999
3,41,59,334.1838183818382,336,0.0,9999
3,41,60,271.29,266.0,0.0,10000
3,41,61,315.548,316.0,0.0,10000
3,41,62,327.4078,330.0,0.0,10000
3,41,63,332.9716,330.0,0.0,10000
3,41,64,277.54315431543154,272,0.0,9999
3,41,65,341.1654,342.0,0.0,10000
3,41,66,330.09280928092807,328,0.0,9999
3,41,67,274.83028302830286,268,0.0,9999
3,41,68,272.30623062306233,266,0.0,9999
3,41,69,276.10582116423285,272.0,0.0,9998
3,41,70,268.5137027405481,266.0,0.0,9998
3,41,71,344.585,348.0,0.0,10000
3,41,72,339.4652,338.0,0.0,10000
3,41,73,340.94269426942697,340,0.0,9999
3,41,74,275.1092,272.0,0.0,10000
3,41,75,333.5057505750575,334,0.0,9999
3,41,76,336.8034803480348,340,0.0,9999
3,41,77,279.5627125425085,274.0,0.0,9998
3,41,78,335.4688,340.0,0.0,10000
3,41,79,348.514,348.0,0.0,10000
3,41,80,309.265,306.0,0.0,10000
3,41,81,336.361,338.0,0.0,10000
3,41,82,357.6057211442288,362.0,0.0,9998
3,41,83,331.3174,332.0,0.0,10000
3,41,84,270.6602,266.0,0.0,10000
3,41,85,345.18431843184317,348,0.0,9999
3,41,86,268.6834,266.0,0.0,10000
3,41,87,355.9718,356.0,0.0,10000
3,41,88,276.893,272.0,0.0,10000
3,41,89,270.5116,266.0,0.0,10000
3,41,90,323.6512,324.0,0.0,10000
3,41,91,358.81976395279054,362.0,0.0,9998
3,41,92,330.83468346834684,330,0.0,9999
3,41,93,330.713,332.0,0.0,10000
3,41,94,329.24972497249723,332,0.0,9999
3,41,95,322.6486,328.0,0.0,10000
3,41,96,351.02000400080016,350.0,0.0,9998
3,41,97,275.209,272.0,0.0,10000
3,41,98,318.3676,314.0,0.0,10000
3,41,99,313.8214,312.0,0.0,10000
3,42,0,285.5028,280.0,0.0,10000
3,42,1,323.24652465246527,324,0.0,9999
3,42,2,317.0915091509151,316,0.0,9999
3,42,3,269.7647529505901,266.0,0.0,9998
3,42,4,268.9202,266.0,0.0,10000
3,42,5,332.3422,336.0,0.0,10000
3,42,6,296.34423442344234,280,0.0,9999
3,42,7,274.8340502150645,266,0.0,9997
3,42,8,276.4886,272.0,0.0,10000
3,42,9,268.64472894578915,266.0,0.0,9998
3,42,10,269.3704,266.0,0.0,10000
3,42,11,314.7464,316.0,0.0,10000
3,42,12,355.0322064412883,358.0,0.0,9998
3,42,13,306.9517903580716,304.0,0.0,9998
3,42,14,277.9828,272.0,0.0,10000
3,42,15,328.2026202620262,334,0.0,9999
3,42,16,329.8965896589659,330,0.0,9999
3,42,17,268.0066,266.0,0.0,10000
3,42,18,280.232,266.0,0.0,10000
3,42,19,331.1979197919792,332,0.0,9999
3,42,20,323.4877487748775,322,0.0,9999
3,42,21,304.2408,304.0,0.0,10000
3,42,22,275.477,272.0,0.0,10000
3,42,23,316.05120512051207,318,0.0,9999
3,42,24,271.98419841984196,266,0.0,9999
3,42,25,274.19703940788156,264.0,0.0,9998
3,42,26,308.0598,304.0,0.0,10000
3,42,27,318.978897889789,318,0.0,9999
3,42,28,320.479,320.0,0.0,10000
3,42,29,304.3198,306.0,0.0,10000
3,42,30,293.6732,294.0,0.0,10000
3,42,31,322.1322,322.0,0.0,10000
3,42,32,316.3702370237024,318,0.0,9999
3,42,33,291.8912,282.0,0.0,10000
3,42,34,315.2533253325333,316,0.0,9999
3,42,35,269.3172,266.0,0.0,10000
3,42,36,276.9964,272.0,0.0,10000
3,42,37,320.987298729873,324,0.0,9999
3,42,38,336.308,338.0,0.0,10000
3,42,39,270.4438,266.0,0.0,10000
3,42,40,322.2038203820382,322,0.0,9999
3,42,41,336.3812,338.0,0.0,10000
3,42,42,270.5792,266.0,0.0,10000
3,42,43,270.5156,266.0,0.0,10000
3,42,44,277.56515651565155,272,0.0,9999
3,42,45,320.3972794558912,326.0,0.0,9998
3,42,46,276.2984298429843,272,0.0,9999
3,42,47,333.95319063812764,336.0,0.0,9998
3,42,48,317.5956,318.0,0.0,10000
3,42,49,276.2104210421042,272,0.0,9999
3,42,50,280.87,274.0,0.0,10000
3,42,51,315.9594,314.0,0.0,10000
3,42,52,269.4118823764753,266.0,0.0,9998
3,42,53,268.03140628125624,266.0,0.0,9998
3,42,54,292.3876,282.0,0.0,10000
3,42,55,270.212,266.0,0.0,10000
3,42,56,339.99399879975994,340.0,0.0,9998
3,42,57,300.9756,302.0,0.0,10000
3,42,58,304.1306,304.0,0.0,10000
3,42,59,276.7698,272.0,0.0,10000
3,42,60,331.3883388338834,332,0.0,9999
3,42,61,275.9602,272.0,0.0,10000
3,42,62,276.9232,272.0,0.0,10000
3,42,63,333.3364,338.0,0.0,10000
3,42,64,332.9106910691069,336,0.0,9999
3,42,65,300.8262,302.0,0.0,10000
3,42,66,301.8209820982098,304,0.0,9999
3,42,67,314.052,314.0,0.0,10000
3,42,68,323.294,326.0,0.0,10000
3,42,69,331.0642,334.0,0.0,10000
3,42,70,325.987,324.0,0.0,10000
3,42,71,314.9958,314.0,0.0,10000
3,42,72,300.6684,296.0,0.0,10000
3,42,73,270.7464,266.0,0.0,10000
3,42,74,270.6114611461146,266,0.0,9999
3,42,75,313.75477547754775,316,0.0,9999
3,42,76,313.7912,312.0,0.0,10000
3,42,77,320.9698,322.0,0.0,10000
3,42,78,285.71654330866176,280.0,0.0,9998
3,42,79,299.8488,300.0,0.0,10000
3,42,80,285.7933793379338,280,0.0,9999
3,42,81,317.7731773177318,316,0.0,9999
3,42,82,317.6879687968797,318,0.0,9999
3,42,83,267.97019701970197,266,0.0,9999
3,42,84,316.52825282528255,318,0.0,9999
3,42,85,277.8761876187619,272,0.0,9999
3,42,86,268.9688,266.0,0.0,10000
3,42,87,276.8554,272.0,0.0,10000
3,42,88,270.7326,266.0,0.0,10000
3,42,89,299.67356735673565,298,0.0,9999
3,42,90,297.918,298.0,0.0,10000
3,42,91,286.9816,266.0,0.0,10000
3,42,92,311.6016,310.0,0.0,10000
3,42,93,276.37843784378435,272,0.0,9999
3,42,94,311.703,310.0,0.0,10000
3,42,95,277.37393739373937,272,0.0,9999
3,42,96,319.7766,320.0,0.0,10000
3,42,97,317.5884,316.0,0.0,10000
3,42,98,270.4364,266.0,0.0,10000
3,42,99,267.5884,266.0,0.0,10000
3,43,0,321.481644493348,324,0.0,9997
3,43,1,325.816,328.0,0.0,10000
3,43,2,316.6688,318.0,0.0,10000
3,43,3,280.5654,274.0,0.0,10000
3,43,4,322.982698269827,324,0.0,9999
3,43,5,315.8046,318.0,0.0,10000
3,43,6,317.3589358935894,318,0.0,9999
3,43,7,303.1975197519752,300,0.0,9999
3,43,8,276.4058,272.0,0.0,10000
3,43,9,270.1308,266.0,0.0,10000
3,43,10,325.5429542954295,326,0.0,9999
3,43,11,284.07101420284056,272.0,0.0,9998
3,43,12,277.644,272.0,0.0,10000
3,43,13,308.997599519904,306.0,0.0,9998
3,43,14,322.9642,320.0,0.0,10000
3,43,15,335.9352,338.0,0.0,10000
3,43,16,305.7796,310.0,0.0,10000
3,43,17,313.3025302530253,314,0.0,9999
3,43,18,333.9105910591059,336,0.0,9999
3,43,19,320.0578,322.0,0.0,10000
3,43,20,325.3817381738174,326,0.0,9999
3,43,21,302.7934793479348,302,0.0,9999
3,43,22,267.6012,266.0,0.0,10000
3,43,23,334.6088,338.0,0.0,10000
3,43,24,283.2162,276.0,0.0,10000
3,43,25,306.5864586458646,310,0.0,9999
3,43,26,269.6516,266.0,0.0,10000
3,43,27,319.97259725972594,322,0.0,9999
3,43,28,318.6164,320.0,0.0,10000
3,43,29,321.82738273827385,322,0.0,9999
3,43,30,270.1994,266.0,0.0,10000
3,43,31,277.2297229722972,272,0.0,9999
3,43,32,294.9136,296.0,0.0,10000
3,43,33,304.4922,304.0,0.0,10000
3,43,34,315.1384,318.0,0.0,10000
3,43,35,270.8416,266.0,0.0,10000
3,43,36,335.0706,336.0,0.0,10000
3,43,37,277.6711671167117,272,0.0,9999
3,43,38,311.01850185018503,310,0.0,9999
3,43,39,275.669,272.0,0.0,10000
3,43,40,304.248849769954,306.0,0.0,9998
3,43,41,339.8855885588559,340,0.0,9999
3,43,42,276.2034,272.0,0.0,10000
3,43,43,313.6458,316.0,0.0,10000
3,43,44,278.27462746274625,272,0.0,9999
3,43,45,293.2464,280.0,0.0,10000
3,43,46,291.8058,290.0,0.0,10000
3,43,47,296.1236,294.0,0.0,10000
3,43,48,277.5542,272.0,0.0,10000
3,43,49,327.1324,330.0,0.0,10000
3,43,50,286.2258,280.0,0.0,10000
3,43,51,290.2596,290.0,0.0,10000
3,43,52,325.0188,326.0,0.0,10000
3,43,53,320.3204,318.0,0.0,10000
3,43,54,333.5508,336.0,0.0,10000
3,43,55,325.6201620162016,328,0.0,9999
3,43,56,276.62706270627064,266,0.0,9999
3,43,57,270.1184,266.0,0.0,10000
3,43,58,270.3608360836084,266,0.0,9999
3,43,59,314.171,312.0,0.0,10000
3,43,60,278.1958,272.0,0.0,10000
3,43,61,279.13211321132115,274,0.0,9999
3,43,62,267.8774,266.0,0.0,10000
3,43,63,311.1528,312.0,0.0,10000
3,43,64,276.1342,272.0,0.0,10000
3,43,65,287.1764,280.0,0.0,10000
3,43,66,332.1238,332.0,0.0,10000
3,43,67,269.2894,266.0,0.0,10000
3,43,68,321.2639263926393,320,0.0,9999
3,43,69,312.4428,312.0,0.0,10000
3,43,70,287.0905090509051,280,0.0,9999
3,43,71,326.56905690569056,330,0.0,9999
3,43,72,327.1012,326.0,0.0,10000
3,43,73,276.3876,272.0,0.0,10000
3,43,74,322.3160632126425,324.0,0.0,9998
3,43,75,317.4042,314.0,0.0,10000
3,43,76,289.0612,290.0,0.0,10000
3,43,77,300.5976,300.0,0.0,10000
3,43,78,285.808,280.0,0.0,10000
3,43,79,278.1072,272.0,0.0,10000
3,43,80,275.8956,272.0,0.0,10000
3,43,81,296.2038,296.0,0.0,10000
3,43,82,268.717,266.0,0.0,10000
3,43,83,268.0466,266.0,0.0,10000
3,43,84,320.154,322.0,0.0,10000
3,43,85,323.62536253625365,326,0.0,9999
3,43,86,313.65216521652167,314,0.0,9999
3,43,87,327.38713871387137,326,0.0,9999
3,43,88,274.04520452045205,272,0.0,9999
3,43,89,295.3654,292.0,0.0,10000
3,43,90,306.1864,304.0,0.0,10000
3,43,91,277.71868747499,272.0,0.0,9996
3,43,92,301.144,302.0,0.0,10000
3,43,93,322.07661532306463,324.0,0.0,9998
3,43,94,294.4408,292.0,0.0,10000
3,43,95,294.2860286028603,296,0.0,9999
3,43,96,269.5038,266.0,0.0,10000
3,43,97,310.1892,308.0,0.0,10000
3,43,98,316.8694869486949,316,0.0,9999
3,43,99,278.0474,272.0,0.0,10000
3,44,0,269.0472,266.0,0.0,10000
3,44,1,281.0914,272.0,0.0,10000
3,44,2,319.6721672167217,320,0.0,9999
3,44,3,270.8826,266.0,0.0,10000
3,44,4,336.684,338.0,0.0,10000
3,44,5,332.32903290329034,330,0.0,9999
3,44,6,332.997299729973,334,0.0,9999
3,44,7,323.2031203120312,328,0.0,9999
3,44,8,270.76427642764276,266,0.0,9999
3,44,9,299.4462,302.0,0.0,10000
3,44,10,328.4754475447545,334,0.0,9999
3,44,11,324.14161416141616,326,0.0,9999
3,44,12,307.934,308.0,0.0,10000
3,44,13,278.9786,272.0,0.0,10000
3,44,14,334.942,332.0,0.0,10000
3,44,15,304.3354335433543,302,0.0,9999
3,44,16,316.6278,320.0,0.0,10000
3,44,17,334.7132713271327,338,0.0,9999
3,44,18,304.1204,306.0,0.0,10000
3,44,19,287.1474,280.0,0.0,10000
3,44,20,317.4260852170434,318.0,0.0,9998
3,44,21,349.26532653265326,348,0.0,9999
3,44,22,313.6822,314.0,0.0,10000
3,44,23,321.9764,320.0,0.0,10000
3,44,24,317.4787478747875,320,0.0,9999
3,44,25,323.4905490549055,322,0.0,9999
3,44,26,318.04840484048407,318,0.0,9999
3,44,27,304.0522,306.0,0.0,10000
3,44,28,268.5634,266.0,0.0,10000
3,44,29,281.131226245249,272.0,0.0,9998
3,44,30,268.815,266.0,0.0,10000
3,44,31,325.0734,324.0,0.0,10000
3,44,32,312.7312,316.0,0.0,10000
3,44,33,332.2686268626863,334,0.0,9999
3,44,34,318.0002,320.0,0.0,10000
3,44,35,311.6127612761276,310,0.0,9999
3,44,36,289.2434,280.0,0.0,10000
3,44,37,330.5704,338.0,0.0,10000
3,44,38,319.5174,320.0,0.0,10000
3,44,39,318.7528,314.0,0.0,10000
3,44,40,298.23,296.0,0.0,10000
3,44,41,328.9348,332.0,0.0,10000
3,44,42,277.8648,272.0,0.0,10000
3,44,43,309.9222,308.0,0.0,10000
3,44,44,329.2986,328.0,0.0,10000
3,44,45,276.2064206420642,272,0.0,9999
3,44,46,277.002900290029,272,0.0,9999
3,44,47,327.0705070507051,322,0.0,9999
3,44,48,310.028,314.0,0.0,10000
3,44,49,314.7276727672767,314,0.0,9999
3,44,50,270.496,266.0,0.0,10000
3,44,51,319.68136813681366,322,0.0,9999
3,44,52,278.5992599259926,272,0.0,9999
3,44,53,299.3884,298.0,0.0,10000
3,44,54,296.8324,296.0,0.0,10000
3,44,55,337.1326,338.0,0.0,10000
3,44,56,340.2944294429443,340,0.0,9999
3,44,57,276.2008,272.0,0.0,10000
3,44,58,296.3476,300.0,0.0,10000
3,44,59,285.9277927792779,280,0.0,9999
3,44,60,272.0486,266.0,0.0,10000
3,44,61,329.4156,332.0,0.0,10000
3,44,62,286.916,280.0,0.0,10000
3,44,63,334.93509350935096,330,0.0,9999
3,44,64,275.83698369836986,266,0.0,9999
3,44,65,276.72707270727074,266,0.0,9999
3,44,66,304.6216621662166,306,0.0,9999
3,44,67,317.8485848584858,318,0.0,9999
3,44,68,335.9229922992299,338,0.0,9999
3,44,69,324.9784,324.0,0.0,10000
3,44,70,329.0488,324.0,0.0,10000
3,44,71,275.6782,272.0,0.0,10000
3,44,72,321.8873887388739,326,0.0,9999
3,44,73,288.55585558555856,282,0.0,9999
3,44,74,326.907,332.0,0.0,10000
3,44,75,269.5032,266.0,0.0,10000
3,44,76,306.8934,308.0,0.0,10000
3,44,77,275.7209720972097,272,0.0,9999
3,44,78,315.3943394339434,316,0.0,9999
3,44,79,299.5268,298.0,0.0,10000
3,44,80,302.1548,304.0,0.0,10000
3,44,81,300.1188118811881,298,0.0,9999
3,44,82,277.8466,272.0,0.0,10000
3,44,83,284.1234493797519,272.0,0.0,9996
3,44,84,314.8416,318.0,0.0,10000
3,44,85,322.149,326.0,0.0,10000
3,44,86,270.4754475447545,266,0.0,9999
3,44,87,333.804,336.0,0.0,10000
3,44,88,312.3448344834483,312,0.0,9999
3,44,89,295.87478747874786,296,0.0,9999
3,44,90,305.0044,306.0,0.0,10000
3,44,91,315.248,312.0,0.0,10000
3,44,92,324.0488097619524,324.0,0.0,9998
3,44,93,268.9788,264.0,0.0,10000
3,44,94,299.5896,298.0,0.0,10000
3,44,95,276.8476,272.0,0.0,10000
3,44,96,301.9101910191019,302,0.0,9999
3,44,97,306.7722,306.0,0.0,10000
3,44,98,320.84808480848085,320,0.0,9999
3,44,99,284.5716,272.0,0.0,10000
3,45,0,286.4030403040304,272,0.0,9999
3,45,1,297.4764,292.0,0.0,10000
3,45,2,276.9623924784957,272.0,0.0,9998
3,45,3,314.71387138713874,316,0.0,9999
3,45,4,301.9494,300.0,0.0,10000
3,45,5,303.824,306.0,0.0,10000
3,45,6,278.9946,266.0,0.0,10000
3,45,7,305.1001100110011,308,0.0,9999
3,45,8,320.01680168016804,324,0.0,9999
3,45,9,308.83568356835684,310,0.0,9999
3,45,10,309.1229122912291,312,0.0,9999
3,45,11,312.3174,314.0,0.0,10000
3,45,12,293.56915691569156,290,0.0,9999
3,45,13,311.4226,308.0,0.0,10000
3,45,14,287.9572,288.0,0.0,10000
3,45,15,304.8054,306.0,0.0,10000
3,45,16,299.653,296.0,0.0,10000
3,45,17,315.1864,318.0,0.0,10000
3,45,18,278.8712871287129,274,0.0,9999
3,45,19,310.74367436743677,312,0.0,9999
3,45,20,275.7409740974097,272,0.0,9999
3,45,21,303.6136,306.0,0.0,10000
3,45,22,277.1898,272.0,0.0,10000
3,45,23,278.1210121012101,272,0.0,9999
3,45,24,277.8908,274.0,0.0,10000
3,45,25,327.6566,328.0,0.0,10000
3,45,26,278.5442,272.0,0.0,10000
3,45,27,279.84118411841183,272,0.0,9999
3,45,28,302.95629562956293,304,0.0,9999
3,45,29,317.55555555555554,318,0.0,9999
3,45,30,295.35,294.0,0.0,10000
3,45,31,287.9142,288.0,0.0,10000
3,45,32,281.6438,274.0,0.0,10000
3,45,33,278.5362,266.0,0.0,10000
3,45,34,284.9388,282.0,0.0,10000
3,45,35,297.522,294.0,0.0,10000
3,45,36,302.6186,300.0,0.0,10000
3,45,37,297.4576,296.0,0.0,10000
3,45,38,299.6191619161916,292,0.0,9999
3,45,39,305.07750775077506,298,0.0,9999
3,45,40,278.029,272.0,0.0,10000
3,45,41,311.000700070007,312,0.0,9999
3,45,42,288.1062,288.0,0.0,10000
3,45,43,271.7252,266.0,0.0,10000
3,45,44,301.7246,304.0,0.0,10000
3,45,45,276.4374,266.0,0.0,10000
3,45,46,286.18421842184216,280,0.0,9999
3,45,47,270.5488,266.0,0.0,10000
3,45,48,277.0144,272.0,0.0,10000
3,45,49,298.474,304.0,0.0,10000
3,45,50,287.9992,290.0,0.0,10000
3,45,51,288.4254,288.0,0.0,10000
3,45,52,303.0846,300.0,0.0,10000
3,45,53,270.7654,266.0,0.0,10000
3,45,54,270.424,266.0,0.0,10000
3,45,55,281.8968,282.0,0.0,10000
3,45,56,292.55445544554453,292,0.0,9999
3,45,57,303.8229822982298,300,0.0,9999
3,45,58,290.6364,284.0,0.0,10000
3,45,59,277.6888,274.0,0.0,10000
3,45,60,271.2164,266.0,0.0,10000
3,45,61,276.298,272.0,0.0,10000
3,45,62,303.998,302.0,0.0,10000
3,45,63,308.97979595919185,310.0,0.0,9998
3,45,64,277.2644,272.0,0.0,10000
3,45,65,278.78807880788077,272,0.0,9999
3,45,66,304.352,300.0,0.0,10000
3,45,67,272.0626,266.0,0.0,10000
3,45,68,308.788,310.0,0.0,10000
3,45,69,296.0872,298.0,0.0,10000
3,45,70,270.093,266.0,0.0,10000
3,45,71,271.3092,266.0,0.0,10000
3,45,72,296.105,294.0,0.0,10000
3,45,73,294.3456345634564,292,0.0,9999
3,45,74,288.9878,280.0,0.0,10000
3,45,75,314.9826,316.0,0.0,10000
3,45,76,270.54121648659464,266.0,0.0,9996
3,45,77,271.6728,266.0,0.0,10000
3,45,78,285.3343334333433,284,0.0,9999
3,45,79,276.9262,272.0,0.0,10000
3,45,80,304.24422442244224,304,0.0,9999
3,45,81,302.8150815081508,300,0.0,9999
3,45,82,296.815,296.0,0.0,10000
3,45,83,275.93359335933593,268,0.0,9999
3,45,84,283.447,274.0,0.0,10000
3,45,85,288.0714071407141,280,0.0,9999
3,45,86,284.27462746274625,280,0.0,9999
3,45,87,295.28305661132225,292.0,0.0,9998
3,45,88,293.2048,290.0,0.0,10000
3,45,89,282.6628662866287,274,0.0,9999
3,45,90,293.9588,296.0,0.0,10000
3,45,91,295.5181518151815,294,0.0,9999
3,45,92,277.2239223922392,272,0.0,9999
3,45,93,301.5627562756276,302,0.0,9999
3,45,94,284.8314,284.0,0.0,10000
3,45,95,272.3684,266.0,0.0,10000
3,45,96,301.36433643364336,304,0.0,9999
3,45,97,301.778,298.0,0.0,10000
3,45,98,295.8853885388539,296,0.0,9999
3,45,99,269.96339633963396,266,0.0,9999
3,46,0,272.4952,266.0,0.0,10000
3,46,1,277.25225045009,272.0,0.0,9998
3,46,2,319.467,316.0,0.0,10000
3,46,3,294.3336,294.0,0.0,10000
3,46,4,307.54215421542153,310,0.0,9999
3,46,5,301.758,302.0,0.0,10000
3,46,6,315.29445889177833,316.0,0.0,9998
3,46,7,299.5462,294.0,0.0,10000
3,46,8,309.5248,312.0,0.0,10000
3,46,9,307.7105710571057,306,0.0,9999
3,46,10,280.6044,274.0,0.0,10000
3,46,11,287.33139941982597,274,0.0,9997
3,46,12,271.1194,266.0,0.0,10000
3,46,13,302.8546,304.0,0.0,10000
3,46,14,316.33383338333834,316,0.0,9999
3,46,15,283.15271527152714,280,0.0,9999
3,46,16,280.0204,274.0,0.0,10000
3,46,17,291.4608,282.0,0.0,10000
3,46,18,277.6322,264.0,0.0,10000
3,46,19,300.2866,300.0,0.0,10000
3,46,20,283.2736,286.0,0.0,10000
3,46,21,287.2988,280.0,0.0,10000
3,46,22,294.1908,292.0,0.0,10000
3,46,23,302.8628,306.0,0.0,10000
3,46,24,271.3064,266.0,0.0,10000
3,46,25,271.0856,264.0,0.0,10000
3,46,26,278.0886088608861,272,0.0,9999
3,46,27,277.6278,266.0,0.0,10000
3,46,28,283.94499449944993,280,0.0,9999
3,46,29,290.3656,288.0,0.0,10000
3,46,30,271.8434,266.0,0.0,10000
3,46,31,278.5466,272.0,0.0,10000
3,46,32,277.7504,272.0,0.0,10000
3,46,33,272.0834,266.0,0.0,10000
3,46,34,295.704,294.0,0.0,10000
3,46,35,296.9836,296.0,0.0,10000
3,46,36,300.2484,296.0,0.0,10000
3,46,37,308.007,308.0,0.0,10000
3,46,38,279.3508701740348,272.0,0.0,9998
3,46,39,294.4548,294.0,0.0,10000
3,46,40,269.2774,266.0,0.0,10000
3,46,41,283.2752,280.0,0.0,10000
3,46,42,300.86708670867085,302,0.0,9999
3,46,43,283.05350535053503,280,0.0,9999
3,46,44,286.6822,286.0,0.0,10000
3,46,45,276.9921984396879,272.0,0.0,9998
3,46,46,313.724,316.0,0.0,10000
3,46,47,286.4554,280.0,0.0,10000
3,46,48,296.3136313631363,294,0.0,9999
3,46,49,329.7464,330.0,0.0,10000
3,46,50,306.1844184418442,306,0.0,9999
3,46,51,287.7874,286.0,0.0,10000
3,46,52,295.3779377937794,290,0.0,9999
3,46,53,282.3802,280.0,0.0,10000
3,46,54,288.9426,286.0,0.0,10000
3,46,55,285.0308,280.0,0.0,10000
3,46,56,281.4662,274.0,0.0,10000
3,46,57,272.6384,266.0,0.0,10000
3,46,58,311.4634,314.0,0.0,10000
3,46,59,278.6093218643729,272.0,0.0,9998
3,46,60,316.75547554755474,320,0.0,9999
3,46,61,283.9596,284.0,0.0,10000
3,46,62,294.7462,296.0,0.0,10000
3,46,63,281.7452,280.0,0.0,10000
3,46,64,301.2156,300.0,0.0,10000
3,46,65,278.369,272.0,0.0,10000
3,46,66,276.4116,266.0,0.0,10000
3,46,67,283.3677367736774,274,0.0,9999
3,46,68,303.703,306.0,0.0,10000
3,46,69,278.83888388838886,272,0.0,9999
3,46,70,294.62886288628863,298,0.0,9999
3,46,71,298.6139227845569,298.0,0.0,9998
3,46,72,291.3892,290.0,0.0,10000
3,46,73,296.007,298.0,0.0,10000
3,46,74,280.96349634963497,274,0.0,9999
3,46,75,276.1856185618562,272,0.0,9999
3,46,76,301.2628525705141,302.0,0.0,9998
3,46,77,306.156,306.0,0.0,10000
3,46,78,303.1772,298.0,0.0,10000
3,46,79,300.9254,298.0,0.0,10000
3,46,80,292.3512,294.0,0.0,10000
3,46,81,304.46684668466844,298,0.0,9999
3,46,82,271.0636,266.0,0.0,10000
3,46,83,302.0754,298.0,0.0,10000
3,46,84,270.982098209821,266,0.0,9999
3,46,85,320.4740474047405,320,0.0,9999
3,46,86,306.4990499049905,310,0.0,9999
3,46,87,319.1837183718372,322,0.0,9999
3,46,88,282.7107421484297,272.0,0.0,9998
3,46,89,286.127,288.0,0.0,10000
3,46,90,314.0,312,0.0,9999
3,46,91,284.483,272.0,0.0,10000
3,46,92,282.57271454290856,274.0,0.0,9998
3,46,93,281.7244,274.0,0.0,10000
3,46,94,286.3044,280.0,0.0,10000
3,46,95,315.5758,312.0,0.0,10000
3,46,96,271.26052605260526,264,0.0,9999
3,46,97,307.3652,308.0,0.0,10000
3,46,98,303.4288,306.0,0.0,10000
3,46,99,299.266,298.0,0.0,10000
3,47,0,312.5112511251125,310,0.0,9999
3,47,1,294.22,298.0,0.0,10000
3,47,2,307.5925592559256,306,0.0,9999
3,47,3,286.03700370037006,288,0.0,9999
3,47,4,277.046,272.0,0.0,10000
3,47,5,271.23572357235724,266,0.0,9999
3,47,6,285.35353535353534,274,0.0,9999
3,47,7,325.487,326.0,0.0,10000
3,47,8,280.5726,274.0,0.0,10000
3,47,9,278.43384338433845,272,0.0,9999
3,47,10,278.5960596059606,272,0.0,9999
3,47,11,296.9808,292.0,0.0,10000
3,47,12,297.5121512151215,298,0.0,9999
3,47,13,287.989,272.0,0.0,10000
3,47,14,281.66933386677334,280.0,0.0,9998
3,47,15,308.11,308.0,0.0,10000
3,47,16,272.1934193419342,266,0.0,9999
3,47,17,307.4394,308.0,0.0,10000
3,47,18,312.585,314.0,0.0,10000
3,47,19,290.7248,290.0,0.0,10000
3,47,20,280.7008,274.0,0.0,10000
3,47,21,268.7596,266.0,0.0,10000
3,47,22,271.5743574357436,266,0.0,9999
3,47,23,305.495,306.0,0.0,10000
3,47,24,269.629,266.0,0.0,10000
3,47,25,270.8444,266.0,0.0,10000
3,47,26,312.5528,310.0,0.0,10000
3,47,27,298.2472,296.0,0.0,10000
3,47,28,271.66216621662164,266,0.0,9999
3,47,29,314.1376,316.0,0.0,10000
3,47,30,270.3088,266.0,0.0,10000
3,47,31,302.4984498449845,300,0.0,9999
3,47,32,318.7342734273427,320,0.0,9999
3,47,33,271.1056,266.0,0.0,10000
3,47,34,289.4931493149315,280,0.0,9999
3,47,35,270.9534,266.0,0.0,10000
3,47,36,271.4162,266.0,0.0,10000
3,47,37,270.5746,266.0,0.0,10000
3,47,38,270.532,266.0,0.0,10000
3,47,39,271.2723272327233,266,0.0,9999
3,47,40,277.7544,274.0,0.0,10000
3,47,41,294.1044104410441,292,0.0,9999
3,47,42,328.2674267426743,328,0.0,9999
3,47,43,312.8958895889589,312,0.0,9999
3,47,44,289.5002,290.0,0.0,10000
3,47,45,314.9811962392478,312.0,0.0,9998
3,47,46,269.3508,266.0,0.0,10000
3,47,47,278.58,274.0,0.0,10000
3,47,48,317.1313131313131,314,0.0,9999
3,47,49,278.2208,272.0,0.0,10000
3,47,50,270.71847184718473,266,0.0,9999
3,47,51,270.936,266.0,0.0,10000
3,47,52,284.1982,272.0,0.0,10000
3,47,53,270.6048604860486,266,0.0,9999
3,47,54,295.1447144714471,292,0.0,9999
3,47,55,312.8863772754551,316.0,0.0,9998
3,47,56,319.1926,316.0,0.0,10000
3,47,57,296.3038,296.0,0.0,10000
3,47,58,320.56651330266055,322.0,0.0,9998
3,47,59,289.2528,286.0,0.0,10000
3,47,60,313.795,316.0,0.0,10000
3,47,61,306.5706,310.0,0.0,10000
3,47,62,320.1854185418542,316,0.0,9999
3,47,63,275.5564,272.0,0.0,10000
3,47,64,313.07950795079506,318,0.0,9999
3,47,65,279.9652,272.0,0.0,10000
3,47,66,270.1888188818882,266,0.0,9999
3,47,67,305.3868,308.0,0.0,10000
3,47,68,310.1894,308.0,0.0,10000
3,47,69,274.9576,266.0,0.0,10000
3,47,70,309.8992,312.0,0.0,10000
3,47,71,293.6084,292.0,0.0,10000
3,47,72,270.4734,266.0,0.0,10000
3,47,73,293.65409622886864,284,0.0,9997
3,47,74,287.7614,280.0,0.0,10000
3,47,75,288.45564556455645,288,0.0,9999
3,47,76,279.115,272.0,0.0,10000
3,47,77,278.16021602160214,272,0.0,9999
3,47,78,297.6568,296.0,0.0,10000
3,47,79,284.8612,284.0,0.0,10000
3,47,80,285.6274,282.0,0.0,10000
3,47,81,278.1590159015902,272,0.0,9999
3,47,82,304.3154,304.0,0.0,10000
3,47,83,284.0748,282.0,0.0,10000
3,47,84,297.1132,298.0,0.0,10000
3,47,85,278.2214,272.0,0.0,10000
3,47,86,270.3822,266.0,0.0,10000
3,47,87,284.1094109410941,276,0.0,9999
3,47,88,314.2164,318.0,0.0,10000
3,47,89,278.334,272.0,0.0,10000
3,47,90,296.4574,294.0,0.0,10000
3,47,91,318.4214,318.0,0.0,10000
3,47,92,304.713,304.0,0.0,10000
3,47,93,289.575,288.0,0.0,10000
3,47,94,287.9992,288.0,0.0,10000
3,47,95,308.774,310.0,0.0,10000
3,47,96,277.1706,272.0,0.0,10000
3,47,97,283.6987698769877,280,0.0,9999
3,47,98,285.2136,288.0,0.0,10000
3,47,99,284.7194,272.0,0.0,10000
3,48,0,288.2272,280.0,0.0,10000
3,48,1,274.1084108410841,266,0.0,9999
3,48,2,301.9846,306.0,0.0,10000
3,48,3,281.305,274.0,0.0,10000
3,48,4,284.6656665666567,280,0.0,9999
3,48,5,296.4476447644764,298,0.0,9999
3,48,6,294.0938187637527,294.0,0.0,9998
3,48,7,282.4122412241224,272,0.0,9999
3,48,8,281.691,282.0,0.0,10000
3,48,9,272.7416,266.0,0.0,10000
3,48,10,281.9125912591259,282,0.0,9999
3,48,11,273.59151830366073,272.0,0.0,9998
3,48,12,278.254050810162,272.0,0.0,9998
3,48,13,280.91038207641526,274.0,0.0,9998
3,48,14,286.4468,284.0,0.0,10000
3,48,15,276.332,272.0,0.0,10000
3,48,16,272.4048404840484,266,0.0,9999
3,48,17,281.71,274.0,0.0,10000
3,48,18,271.298,266.0,0.0,10000
3,48,19,272.7146,266.0,0.0,10000
3,48,20,291.7352,280.0,0.0,10000
3,48,21,268.1284,266.0,0.0,10000
3,48,22,280.5173034606921,272.0,0.0,9998
3,48,23,276.5936,272.0,0.0,10000
3,48,24,280.8078807880788,282,0.0,9999
3,48,25,274.03120312031206,266,0.0,9999
3,48,26,274.4904,266.0,0.0,10000
3,48,27,278.8702,270.0,0.0,10000
3,48,28,279.02,280.0,0.0,10000
3,48,29,284.5762,280.0,0.0,10000
3,48,30,289.013101310131,290,0.0,9999
3,48,31,278.8234,274.0,0.0,10000
3,48,32,270.6134,266.0,0.0,10000
3,48,33,286.74294858971797,288.0,0.0,9998
3,48,34,283.3322,272.0,0.0,10000
3,48,35,280.5684,282.0,0.0,10000
3,48,36,273.6969696969697,272,0.0,9999
3,48,37,271.981598159816,266,0.0,9999
3,48,38,275.366,272.0,0.0,10000
3,48,39,271.8779877987799,266,0.0,9999
3,48,40,296.8474,298.0,0.0,10000
3,48,41,283.6872,282.0,0.0,10000
3,48,42,290.54425442544255,292,0.0,9999
3,48,43,274.654,272.0,0.0,10000
3,48,44,281.969,282.0,0.0,10000
3,48,45,276.773,266.0,0.0,10000
3,48,46,279.5672,272.0,0.0,10000
3,48,47,281.9172,280.0,0.0,10000
3,48,48,279.9918,274.0,0.0,10000
3,48,49,288.8892,286.0,0.0,10000
3,48,50,276.5169033806761,272.0,0.0,9998
3,48,51,283.5968,284.0,0.0,10000
3,48,52,269.6475647564757,266,0.0,9999
3,48,53,279.5994,272.0,0.0,10000
3,48,54,283.7544,282.0,0.0,10000
3,48,55,284.26222622262225,286,0.0,9999
3,48,56,287.2665266526653,272,0.0,9999
3,48,57,279.1173117311731,272,0.0,9999
3,48,58,274.99089908990896,272,0.0,9999
3,48,59,288.2790279027903,286,0.0,9999
3,48,60,293.001900190019,292,0.0,9999
3,48,61,278.3286,272.0,0.0,10000
3,48,62,286.3146,280.0,0.0,10000
3,48,63,272.0254,266.0,0.0,10000
3,48,64,296.6162,280.0,0.0,10000
3,48,65,276.6346,272.0,0.0,10000
3,48,66,280.0948,272.0,0.0,10000
3,48,67,277.1224,272.0,0.0,10000
3,48,68,272.4368,266.0,0.0,10000
3,48,69,286.7888,284.0,0.0,10000
3,48,70,284.7272,286.0,0.0,10000
3,48,71,290.522,280.0,0.0,10000
3,48,72,280.5380538053805,272,0.0,9999
3,48,73,272.4338,266.0,0.0,10000
3,48,74,278.983498349835,272,0.0,9999
3,48,75,290.5066,280.0,0.0,10000
3,48,76,273.29572957295727,266,0.0,9999
3,48,77,273.7376,266.0,0.0,10000
3,48,78,286.49,284.0,0.0,10000
3,48,79,269.9982,266.0,0.0,10000
3,48,80,274.43664366436644,266,0.0,9999
3,48,81,284.36907381476294,284.0,0.0,9998
3,48,82,278.8131626325265,272.0,0.0,9998
3,48,83,288.702,288.0,0.0,10000
3,48,84,270.0946,266.0,0.0,10000
3,48,85,276.2936,272.0,0.0,10000
3,48,86,280.74407440744073,272,0.0,9999
3,48,87,282.5902,272.0,0.0,10000
3,48,88,279.1286,272.0,0.0,10000
3,48,89,297.9327865573115,298.0,0.0,9998
3,48,90,297.13191319131914,280,0.0,9999
3,48,91,291.4475447544755,292,0.0,9999
3,48,92,274.9346,266.0,0.0,10000
3,48,93,270.5902590259026,266,0.0,9999
3,48,94,272.5444,266.0,0.0,10000
3,48,95,269.241,266.0,0.0,10000
3,48,96,277.55655565556555,272,0.0,9999
3,48,97,276.2828,272.0,0.0,10000
3,48,98,284.1598,280.0,0.0,10000
3,48,99,279.395,272.0,0.0,10000
3,49,0,278.8816,280.0,0.0,10000
3,49,1,295.6844,298.0,0.0,10000
3,49,2,285.6848,282.0,0.0,10000
3,49,3,287.7949794979498,280,0.0,9999
3,49,4,293.77377737773776,290,0.0,9999
3,49,5,278.94249424942495,274,0.0,9999
3,49,6,280.4578,266.0,0.0,10000
3,49,7,277.454,272.0,0.0,10000
3,49,8,276.1092,272.0,0.0,10000
3,49,9,275.5019501950195,272,0.0,9999
3,49,10,281.6606,274.0,0.0,10000
3,49,11,278.80856171234245,272.0,0.0,9998
3,49,12,287.63796379637967,290,0.0,9999
3,49,13,282.9236923692369,274,0.0,9999
3,49,14,288.631,288.0,0.0,10000
3,49,15,285.178,286.0,0.0,10000
3,49,16,278.369,272.0,0.0,10000
3,49,17,289.33073307330733,288,0.0,9999
3,49,18,276.394,272.0,0.0,10000
3,49,19,289.011501150115,286,0.0,9999
3,49,20,286.4494449444945,286,0.0,9999
3,49,21,284.1876,276.0,0.0,10000
3,49,22,278.788,280.0,0.0,10000
3,49,23,291.2134,286.0,0.0,10000
3,49,24,289.3766,290.0,0.0,10000
3,49,25,272.7572,266.0,0.0,10000
3,49,26,272.3684,266.0,0.0,10000
3,49,27,290.1284128412841,290,0.0,9999
3,49,28,276.9684,272.0,0.0,10000
3,49,29,303.2562,306.0,0.0,10000
3,49,30,274.5818,266.0,0.0,10000
3,49,31,272.5954,264.0,0.0,10000
3,49,32,272.91849184918493,266,0.0,9999
3,49,33,288.43404340434046,280,0.0,9999
3,49,34,274.3472,266.0,0.0,10000
3,49,35,282.0234,272.0,0.0,10000
3,49,36,280.6132,274.0,0.0,10000
3,49,37,272.34463446344637,266,0.0,9999
3,49,38,270.8928,266.0,0.0,10000
3,49,39,278.8198,266.0,0.0,10000
3,49,40,272.6154,266.0,0.0,10000
3,49,41,298.226,294.0,0.0,10000
3,49,42,279.0446,272.0,0.0,10000
3,49,43,276.1362,272.0,0.0,10000
3,49,44,287.2718,282.0,0.0,10000
3,49,45,278.55965596559656,272,0.0,9999
3,49,46,280.8879775955191,272.0,0.0,9998
3,49,47,284.985898589859,276,0.0,9999
3,49,48,280.9864,272.0,0.0,10000
3,49,49,272.1520304060812,266.0,0.0,9998
3,49,50,270.3758,266.0,0.0,10000
3,49,51,275.1532,268.0,0.0,10000
3,49,52,284.415,274.0,0.0,10000
3,49,53,277.9794,272.0,0.0,10000
3,49,54,271.94699469946994,264,0.0,9999
3,49,55,271.73614722944586,266.0,0.0,9998
3,49,56,292.3902,294.0,0.0,10000
3,49,57,281.7095709570957,282,0.0,9999
3,49,58,279.6764,266.0,0.0,10000
3,49,59,289.6877687768777,290,0.0,9999
3,49,60,280.5572,272.0,0.0,10000
3,49,61,282.1412,280.0,0.0,10000
3,49,62,291.3277327732773,290,0.0,9999
3,49,63,291.6702,290.0,0.0,10000
3,49,64,280.602,274.0,0.0,10000
3,49,65,306.048604860486,308,0.0,9999
3,49,66,272.9176,266.0,0.0,10000
3,49,67,280.403,272.0,0.0,10000
3,49,68,286.1594,286.0,0.0,10000
3,49,69,280.3034303430343,272,0.0,9999
3,49,70,279.4044,274.0,0.0,10000
3,49,71,278.6678,274.0,0.0,10000
3,49,72,272.64826482648266,266,0.0,9999
3,49,73,271.9668,266.0,0.0,10000
3,49,74,276.9892,272.0,0.0,10000
3,49,75,286.0988,272.0,0.0,10000
3,49,76,281.5107510751075,280,0.0,9999
3,49,77,283.6186,274.0,0.0,10000
3,49,78,278.6968696869687,272,0.0,9999
3,49,79,285.5412,280.0,0.0,10000
3,49,80,275.4188256476943,272,0.0,9997
3,49,81,272.5834,266.0,0.0,10000
3,49,82,284.3308,282.0,0.0,10000
3,49,83,292.3604,292.0,0.0,10000
3,49,84,270.1332,266.0,0.0,10000
3,49,85,273.716,272.0,0.0,10000
3,49,86,278.7968,280.0,0.0,10000
3,49,87,279.28458537561266,272,0.0,9997
3,49,88,280.4144,272.0,0.0,10000
3,49,89,272.685,266.0,0.0,10000
3,49,90,294.3658365836584,294,0.0,9999
3,49,91,271.9033806761352,266.0,0.0,9998
3,49,92,279.6376,274.0,0.0,10000
3,49,93,280.2024,272.0,0.0,10000
3,49,94,289.6903690369037,288,0.0,9999
3,49,95,278.9906,274.0,0.0,10000
3,49,96,284.03840384038403,274,0.0,9999
3,49,97,283.4094,280.0,0.0,10000
3,49,98,299.7138,300.0,0.0,10000
3,49,99,286.585,280.0,0.0,10000
